ID,File_Name,Crop_Index,R_mean,G_mean,B_mean
M_104_1,M_104_1.mp4_sec_0000.jpg,1,208.2249,165.2249,175.2249
M_104_1,M_104_1.mp4_sec_0000.jpg,2,210.3222,168.5853,178.1835
M_104_1,M_104_1.mp4_sec_0000.jpg,3,208.667,165.667,175.667
M_104_1,M_104_1.mp4_sec_0000.jpg,4,208.902,165.902,175.902
M_104_1,M_104_1.mp4_sec_0000.jpg,5,207.8209,164.8187,174.8195
M_104_1,M_104_1.mp4_sec_0001.jpg,1,208.9946,165.9946,175.9946
M_104_1,M_104_1.mp4_sec_0001.jpg,2,208.0,165.0,175.0
M_104_1,M_104_1.mp4_sec_0001.jpg,3,208.825,165.825,175.825
M_104_1,M_104_1.mp4_sec_0001.jpg,4,209.2253,166.2253,176.2253
M_104_1,M_104_1.mp4_sec_0001.jpg,5,208.7454,165.7454,175.7454
M_104_1,M_104_1.mp4_sec_0002.jpg,1,208.8116,165.7949,175.8436
M_104_1,M_104_1.mp4_sec_0002.jpg,2,208.0,165.0,175.0
M_104_1,M_104_1.mp4_sec_0002.jpg,3,208.0,165.0,175.0
M_104_1,M_104_1.mp4_sec_0002.jpg,4,208.0,165.0,175.0
M_104_1,M_104_1.mp4_sec_0002.jpg,5,208.0,165.0,175.0
M_104_1,M_104_1.mp4_sec_0003.jpg,1,208.2782,165.2782,175.2782
M_104_1,M_104_1.mp4_sec_0003.jpg,2,208.9312,165.9283,175.937
M_104_1,M_104_1.mp4_sec_0003.jpg,3,208.8487,165.8487,175.8487
M_104_1,M_104_1.mp4_sec_0003.jpg,4,208.5327,165.5327,175.5327
M_104_1,M_104_1.mp4_sec_0003.jpg,5,208.4127,165.4127,175.4127
M_104_1,M_104_1.mp4_sec_0004.jpg,1,207.7702,164.768,174.7687
M_104_1,M_104_1.mp4_sec_0004.jpg,2,208.7127,165.7127,175.7127
M_104_1,M_104_1.mp4_sec_0004.jpg,3,208.073,165.073,175.073
M_104_1,M_104_1.mp4_sec_0004.jpg,4,209.2585,166.9476,176.7143
M_104_1,M_104_1.mp4_sec_0004.jpg,5,207.9912,165.0088,174.9781
M_104_1,M_104_1.mp4_sec_0005.jpg,1,208.0,165.0,175.0
M_104_1,M_104_1.mp4_sec_0005.jpg,2,208.1572,165.1572,175.1572
M_104_1,M_104_1.mp4_sec_0005.jpg,3,208.2692,165.2692,175.2692
M_104_1,M_104_1.mp4_sec_0005.jpg,4,208.1912,165.1912,175.1912
M_104_1,M_104_1.mp4_sec_0005.jpg,5,208.0,165.0,175.0
M_104_1,M_104_1.mp4_sec_0006.jpg,1,209.0984,166.5756,176.4445
M_104_1,M_104_1.mp4_sec_0006.jpg,2,208.0568,165.0699,175.0425
M_104_1,M_104_1.mp4_sec_0006.jpg,3,208.002,164.9991,175.0016
M_104_1,M_104_1.mp4_sec_0006.jpg,4,208.5657,165.5847,175.5515
M_104_1,M_104_1.mp4_sec_0006.jpg,5,208.669,165.6778,175.6625
M_104_1,M_104_1.mp4_sec_0007.jpg,1,208.0011,165.0011,175.0011
M_104_1,M_104_1.mp4_sec_0007.jpg,2,209.1687,166.5857,176.4783
M_104_1,M_104_1.mp4_sec_0007.jpg,3,208.2091,165.2091,175.2091
M_104_1,M_104_1.mp4_sec_0007.jpg,4,207.9383,164.9572,174.9252
M_104_1,M_104_1.mp4_sec_0007.jpg,5,208.0,165.0,175.0
M_104_1,M_104_1.mp4_sec_0008.jpg,1,207.9647,164.9647,174.9647
M_104_1,M_104_1.mp4_sec_0008.jpg,2,207.9925,164.9925,174.9925
M_104_1,M_104_1.mp4_sec_0008.jpg,3,208.0572,165.0746,175.0299
M_104_1,M_104_1.mp4_sec_0008.jpg,4,207.8373,165.0752,174.8051
M_104_1,M_104_1.mp4_sec_0008.jpg,5,208.1764,165.275,175.2368
M_104_1,M_104_1.mp4_sec_0009.jpg,1,208.3973,165.3973,175.3973
M_104_1,M_104_1.mp4_sec_0009.jpg,2,209.0094,165.9732,176.0848
M_104_1,M_104_1.mp4_sec_0009.jpg,3,208.4071,165.4071,175.4071
M_104_1,M_104_1.mp4_sec_0009.jpg,4,207.7522,164.7779,174.7796
M_104_1,M_104_1.mp4_sec_0009.jpg,5,208.605,165.605,175.605
M_104_1,M_104_1.mp4_sec_0010.jpg,1,208.9535,165.9535,175.9535
M_104_1,M_104_1.mp4_sec_0010.jpg,2,208.0194,165.1913,174.8815
M_104_1,M_104_1.mp4_sec_0010.jpg,3,208.3425,165.3425,175.3425
M_104_1,M_104_1.mp4_sec_0010.jpg,4,208.0,165.0,175.0
M_104_1,M_104_1.mp4_sec_0010.jpg,5,208.0,165.0,175.0
M_104_1,M_104_1.mp4_sec_0011.jpg,1,208.3424,165.3424,175.3424
M_104_1,M_104_1.mp4_sec_0011.jpg,2,208.0671,165.0671,175.0671
M_104_1,M_104_1.mp4_sec_0011.jpg,3,207.9881,164.9881,174.9881
M_104_1,M_104_1.mp4_sec_0011.jpg,4,207.9867,164.9867,174.9867
M_104_1,M_104_1.mp4_sec_0011.jpg,5,207.9881,164.9881,174.9881
M_104_1,M_104_1.mp4_sec_0012.jpg,1,207.7512,164.7512,174.7512
M_104_1,M_104_1.mp4_sec_0012.jpg,2,207.7992,164.7992,174.7992
M_104_1,M_104_1.mp4_sec_0012.jpg,3,208.3264,165.3267,175.326
M_104_1,M_104_1.mp4_sec_0012.jpg,4,207.3538,164.3538,174.3538
M_104_1,M_104_1.mp4_sec_0012.jpg,5,208.2541,165.2541,175.2541
M_104_1,M_104_1.mp4_sec_0013.jpg,1,207.4715,164.4715,174.4715
M_104_1,M_104_1.mp4_sec_0013.jpg,2,208.0,165.0,175.0
M_104_1,M_104_1.mp4_sec_0013.jpg,3,208.3646,165.3646,175.3646
M_104_1,M_104_1.mp4_sec_0013.jpg,4,208.4952,165.8306,175.3232
M_104_1,M_104_1.mp4_sec_0013.jpg,5,208.3721,165.3721,175.3721
M_104_1,M_104_1.mp4_sec_0014.jpg,1,207.9927,165.0077,175.0091
M_104_1,M_104_1.mp4_sec_0014.jpg,2,208.5345,165.6161,175.6017
M_104_1,M_104_1.mp4_sec_0014.jpg,3,208.2725,165.2725,175.2725
M_104_1,M_104_1.mp4_sec_0014.jpg,4,208.0916,165.0916,175.0916
M_104_1,M_104_1.mp4_sec_0014.jpg,5,208.2828,165.3131,175.3131
M_104_1,M_104_1.mp4_sec_0015.jpg,1,208.8353,165.8353,175.8353
M_104_1,M_104_1.mp4_sec_0015.jpg,2,208.818,165.818,175.818
M_104_1,M_104_1.mp4_sec_0015.jpg,3,207.4596,164.4782,174.4547
M_104_1,M_104_1.mp4_sec_0015.jpg,4,208.0007,165.0007,175.0007
M_104_1,M_104_1.mp4_sec_0015.jpg,5,208.9554,165.9554,175.9554
M_104_1,M_104_1.mp4_sec_0016.jpg,1,208.044,165.0289,175.0344
M_104_1,M_104_1.mp4_sec_0016.jpg,2,208.0067,165.0067,175.0067
M_104_1,M_104_1.mp4_sec_0016.jpg,3,208.5617,165.7787,175.7222
M_104_1,M_104_1.mp4_sec_0016.jpg,4,208.0582,165.0582,175.0582
M_104_1,M_104_1.mp4_sec_0016.jpg,5,208.0801,165.0961,175.0961
M_104_1,M_104_1.mp4_sec_0017.jpg,1,208.0,165.0,175.0
M_104_1,M_104_1.mp4_sec_0017.jpg,2,207.9878,164.9878,174.9878
M_104_1,M_104_1.mp4_sec_0017.jpg,3,208.1013,165.1013,175.1013
M_104_1,M_104_1.mp4_sec_0017.jpg,4,207.668,164.668,174.668
M_104_1,M_104_1.mp4_sec_0017.jpg,5,207.4265,164.4265,174.4265
M_104_1,M_104_1.mp4_sec_0018.jpg,1,209.1737,166.1737,176.1737
M_104_1,M_104_1.mp4_sec_0018.jpg,2,208.1338,165.1674,175.1755
M_104_1,M_104_1.mp4_sec_0018.jpg,3,208.0227,165.0227,175.0227
M_104_1,M_104_1.mp4_sec_0018.jpg,4,208.7766,165.9603,175.9688
M_104_1,M_104_1.mp4_sec_0018.jpg,5,208.2138,165.2138,175.2138
M_104_1,M_104_1.mp4_sec_0019.jpg,1,209.9057,167.9743,177.6635
M_104_1,M_104_1.mp4_sec_0019.jpg,2,208.9175,165.9175,175.9175
M_104_1,M_104_1.mp4_sec_0019.jpg,3,208.5703,165.5703,175.5703
M_104_1,M_104_1.mp4_sec_0019.jpg,4,208.5815,165.5863,175.5732
M_104_1,M_104_1.mp4_sec_0019.jpg,5,208.6114,165.7878,175.7457
M_104_1,M_104_1.mp4_sec_0020.jpg,1,208.563,165.563,175.563
M_104_1,M_104_1.mp4_sec_0020.jpg,2,208.8328,166.172,176.0858
M_104_1,M_104_1.mp4_sec_0020.jpg,3,208.0225,165.0225,175.0225
M_104_1,M_104_1.mp4_sec_0020.jpg,4,208.6157,165.8408,175.7877
M_104_1,M_104_1.mp4_sec_0020.jpg,5,208.4284,165.4284,175.4284
M_104_1,M_104_1.mp4_sec_0021.jpg,1,208.01,165.01,175.01
M_104_1,M_104_1.mp4_sec_0021.jpg,2,208.9565,166.2062,176.1735
M_104_1,M_104_1.mp4_sec_0021.jpg,3,208.8784,165.9651,175.808
M_104_1,M_104_1.mp4_sec_0021.jpg,4,207.7898,164.7898,174.7898
M_104_1,M_104_1.mp4_sec_0021.jpg,5,208.4146,165.4146,175.4146
M_104_1,M_104_1.mp4_sec_0022.jpg,1,208.0,165.0,175.0
M_104_1,M_104_1.mp4_sec_0022.jpg,2,208.0007,165.0007,175.0007
M_104_1,M_104_1.mp4_sec_0022.jpg,3,208.6054,165.6054,175.6054
M_104_1,M_104_1.mp4_sec_0022.jpg,4,208.1103,165.1103,175.1103
M_104_1,M_104_1.mp4_sec_0022.jpg,5,207.9969,164.9969,174.9969
M_104_1,M_104_1.mp4_sec_0023.jpg,1,208.1687,165.1638,175.1786
M_104_1,M_104_1.mp4_sec_0023.jpg,2,208.2639,165.2639,175.2639
M_104_1,M_104_1.mp4_sec_0023.jpg,3,208.2805,165.2805,175.2805
M_104_1,M_104_1.mp4_sec_0023.jpg,4,208.0,165.0,175.0
M_104_1,M_104_1.mp4_sec_0023.jpg,5,208.9592,165.9592,175.9592
M_104_1,M_104_1.mp4_sec_0024.jpg,1,208.0115,165.0115,175.0115
M_104_1,M_104_1.mp4_sec_0024.jpg,2,209.2753,166.2339,176.3529
M_104_1,M_104_1.mp4_sec_0024.jpg,3,207.9703,164.9703,174.9703
M_104_1,M_104_1.mp4_sec_0024.jpg,4,209.2143,166.2143,176.2143
M_104_1,M_104_1.mp4_sec_0024.jpg,5,207.9704,165.1438,174.8222
M_104_1,M_104_1.mp4_sec_0025.jpg,1,209.0243,166.2365,176.2061
M_104_1,M_104_1.mp4_sec_0025.jpg,2,208.7554,165.7554,175.7554
M_104_1,M_104_1.mp4_sec_0025.jpg,3,208.5715,165.6556,175.4807
M_104_1,M_104_1.mp4_sec_0025.jpg,4,207.9932,164.9932,174.9932
M_104_1,M_104_1.mp4_sec_0025.jpg,5,208.0593,165.0593,175.0593
M_104_1,M_104_1.mp4_sec_0026.jpg,1,207.9978,164.9978,174.9978
M_104_1,M_104_1.mp4_sec_0026.jpg,2,208.0047,165.0047,175.0047
M_104_1,M_104_1.mp4_sec_0026.jpg,3,208.1971,165.1971,175.1971
M_104_1,M_104_1.mp4_sec_0026.jpg,4,208.4505,165.5771,175.5281
M_104_1,M_104_1.mp4_sec_0026.jpg,5,207.8644,164.8644,174.8644
M_104_1,M_104_1.mp4_sec_0027.jpg,1,208.0437,165.0437,175.0437
M_104_1,M_104_1.mp4_sec_0027.jpg,2,208.0,165.0,175.0
M_104_1,M_104_1.mp4_sec_0027.jpg,3,207.9707,164.9707,174.9707
M_104_1,M_104_1.mp4_sec_0027.jpg,4,207.9403,164.9403,174.9403
M_104_1,M_104_1.mp4_sec_0027.jpg,5,208.6644,165.6644,175.6644
M_104_1,M_104_1.mp4_sec_0028.jpg,1,208.0,165.0,175.0
M_104_1,M_104_1.mp4_sec_0028.jpg,2,208.0,165.0,175.0
M_104_1,M_104_1.mp4_sec_0028.jpg,3,208.0,165.0,175.0
M_104_1,M_104_1.mp4_sec_0028.jpg,4,207.9916,164.9916,174.9916
M_104_1,M_104_1.mp4_sec_0028.jpg,5,207.9838,164.9838,174.9838
M_104_1,M_104_1.mp4_sec_0029.jpg,1,209.8963,167.8468,177.2827
M_104_1,M_104_1.mp4_sec_0029.jpg,2,207.4087,164.4028,174.4198
M_104_1,M_104_1.mp4_sec_0029.jpg,3,207.2724,164.2724,174.2724
M_104_1,M_104_1.mp4_sec_0029.jpg,4,207.8479,164.8302,174.9558
M_104_1,M_104_1.mp4_sec_0029.jpg,5,208.0,165.0,175.0
M_104_1,M_104_1.mp4_sec_0030.jpg,1,207.9984,164.9984,174.9984
M_104_1,M_104_1.mp4_sec_0030.jpg,2,208.6292,165.5916,175.7373
M_104_1,M_104_1.mp4_sec_0030.jpg,3,208.0235,165.0637,174.9545
M_104_1,M_104_1.mp4_sec_0030.jpg,4,208.7127,165.7127,175.7127
M_104_1,M_104_1.mp4_sec_0030.jpg,5,207.711,164.711,174.711
M_104_2,M_104_2.mp4_sec_0000.jpg,1,207.99,164.99,174.99
M_104_2,M_104_2.mp4_sec_0000.jpg,2,209.3176,166.23,176.49
M_104_2,M_104_2.mp4_sec_0000.jpg,3,207.7307,164.7307,174.7307
M_104_2,M_104_2.mp4_sec_0000.jpg,4,207.8865,164.8865,174.8865
M_104_2,M_104_2.mp4_sec_0000.jpg,5,208.6055,165.6055,175.6055
M_104_2,M_104_2.mp4_sec_0001.jpg,1,208.0717,165.0591,175.1471
M_104_2,M_104_2.mp4_sec_0001.jpg,2,208.5416,165.8775,175.8803
M_104_2,M_104_2.mp4_sec_0001.jpg,3,207.9922,164.9922,174.9922
M_104_2,M_104_2.mp4_sec_0001.jpg,4,208.2982,165.4922,175.5292
M_104_2,M_104_2.mp4_sec_0001.jpg,5,207.8775,164.8686,174.8734
M_104_2,M_104_2.mp4_sec_0002.jpg,1,208.6541,165.9398,175.8136
M_104_2,M_104_2.mp4_sec_0002.jpg,2,208.3557,165.3557,175.3557
M_104_2,M_104_2.mp4_sec_0002.jpg,3,207.9808,164.9808,174.9808
M_104_2,M_104_2.mp4_sec_0002.jpg,4,209.0429,166.0429,176.0429
M_104_2,M_104_2.mp4_sec_0002.jpg,5,208.6138,165.6138,175.6138
M_104_2,M_104_2.mp4_sec_0003.jpg,1,208.0171,165.0171,175.0171
M_104_2,M_104_2.mp4_sec_0003.jpg,2,207.9917,164.9917,174.9917
M_104_2,M_104_2.mp4_sec_0003.jpg,3,210.2431,168.5774,178.0698
M_104_2,M_104_2.mp4_sec_0003.jpg,4,207.9078,164.9078,174.9078
M_104_2,M_104_2.mp4_sec_0003.jpg,5,207.9917,164.9917,174.9917
M_104_2,M_104_2.mp4_sec_0004.jpg,1,207.706,164.706,174.706
M_104_2,M_104_2.mp4_sec_0004.jpg,2,207.8824,164.8673,174.8709
M_104_2,M_104_2.mp4_sec_0004.jpg,3,207.9229,164.9229,174.9229
M_104_2,M_104_2.mp4_sec_0004.jpg,4,207.742,165.0031,174.4726
M_104_2,M_104_2.mp4_sec_0004.jpg,5,209.287,166.8619,176.7188
M_104_2,M_104_2.mp4_sec_0005.jpg,1,208.1156,165.1156,175.1156
M_104_2,M_104_2.mp4_sec_0005.jpg,2,207.978,164.978,174.978
M_104_2,M_104_2.mp4_sec_0005.jpg,3,207.7954,164.8704,174.8689
M_104_2,M_104_2.mp4_sec_0005.jpg,4,207.9425,164.9425,174.9425
M_104_2,M_104_2.mp4_sec_0005.jpg,5,208.0,165.0,175.0
M_104_2,M_104_2.mp4_sec_0006.jpg,1,208.039,165.0142,175.0885
M_104_2,M_104_2.mp4_sec_0006.jpg,2,208.0,165.0,174.9978
M_104_2,M_104_2.mp4_sec_0006.jpg,3,207.9186,164.9186,174.9186
M_104_2,M_104_2.mp4_sec_0006.jpg,4,208.0,165.0,175.0
M_104_2,M_104_2.mp4_sec_0006.jpg,5,207.1098,164.1008,174.1052
M_104_2,M_104_2.mp4_sec_0007.jpg,1,209.1129,166.6782,176.5215
M_104_2,M_104_2.mp4_sec_0007.jpg,2,207.986,164.986,174.986
M_104_2,M_104_2.mp4_sec_0007.jpg,3,207.1019,164.1019,174.1023
M_104_2,M_104_2.mp4_sec_0007.jpg,4,207.1542,164.0996,174.1203
M_104_2,M_104_2.mp4_sec_0007.jpg,5,207.6185,164.6644,174.6702
M_104_2,M_104_2.mp4_sec_0008.jpg,1,207.9819,164.9819,174.9819
M_104_2,M_104_2.mp4_sec_0008.jpg,2,207.0187,164.0035,174.0087
M_104_2,M_104_2.mp4_sec_0008.jpg,3,208.0,165.0,175.0
M_104_2,M_104_2.mp4_sec_0008.jpg,4,207.8954,164.8954,174.8954
M_104_2,M_104_2.mp4_sec_0008.jpg,5,207.2136,164.128,174.0798
M_104_2,M_104_2.mp4_sec_0009.jpg,1,207.5872,164.5872,174.5872
M_104_2,M_104_2.mp4_sec_0009.jpg,2,208.741,165.741,175.741
M_104_2,M_104_2.mp4_sec_0009.jpg,3,207.8875,164.8875,174.8875
M_104_2,M_104_2.mp4_sec_0009.jpg,4,208.0,165.0,175.0
M_104_2,M_104_2.mp4_sec_0009.jpg,5,209.0555,166.6132,176.4487
M_104_2,M_104_2.mp4_sec_0010.jpg,1,208.3411,165.3411,175.3411
M_104_2,M_104_2.mp4_sec_0010.jpg,2,207.8928,164.8684,174.8582
M_104_2,M_104_2.mp4_sec_0010.jpg,3,207.2681,164.3052,174.3052
M_104_2,M_104_2.mp4_sec_0010.jpg,4,207.356,164.356,174.356
M_104_2,M_104_2.mp4_sec_0010.jpg,5,207.8842,164.8842,174.8842
M_104_2,M_104_2.mp4_sec_0011.jpg,1,208.0025,165.0025,175.0025
M_104_2,M_104_2.mp4_sec_0011.jpg,2,207.5857,164.5391,174.6804
M_104_2,M_104_2.mp4_sec_0011.jpg,3,207.8456,164.8456,174.8456
M_104_2,M_104_2.mp4_sec_0011.jpg,4,207.5764,164.5299,174.6711
M_104_2,M_104_2.mp4_sec_0011.jpg,5,208.0138,165.0131,175.0153
M_104_2,M_104_2.mp4_sec_0012.jpg,1,208.3799,165.3799,175.3799
M_104_2,M_104_2.mp4_sec_0012.jpg,2,207.8045,164.8045,174.8045
M_104_2,M_104_2.mp4_sec_0012.jpg,3,208.6655,165.7885,175.7965
M_104_2,M_104_2.mp4_sec_0012.jpg,4,207.9607,164.9607,174.9607
M_104_2,M_104_2.mp4_sec_0012.jpg,5,207.9066,164.9066,174.9066
M_104_2,M_104_2.mp4_sec_0013.jpg,1,208.8211,165.8211,175.8211
M_104_2,M_104_2.mp4_sec_0013.jpg,2,208.0664,164.9609,175.0007
M_104_2,M_104_2.mp4_sec_0013.jpg,3,208.4284,165.4284,175.4284
M_104_2,M_104_2.mp4_sec_0013.jpg,4,208.0,165.0,175.0
M_104_2,M_104_2.mp4_sec_0013.jpg,5,208.0,165.0,175.0
M_104_2,M_104_2.mp4_sec_0014.jpg,1,208.2443,165.2443,175.2443
M_104_2,M_104_2.mp4_sec_0014.jpg,2,208.9216,165.9216,175.9216
M_104_2,M_104_2.mp4_sec_0014.jpg,3,208.0,165.0,175.0
M_104_2,M_104_2.mp4_sec_0014.jpg,4,208.0,165.0,175.0
M_104_2,M_104_2.mp4_sec_0014.jpg,5,208.0619,164.9516,174.9834
M_104_2,M_104_2.mp4_sec_0015.jpg,1,208.024,165.0302,175.0302
M_104_2,M_104_2.mp4_sec_0015.jpg,2,207.3659,164.3659,174.3659
M_104_2,M_104_2.mp4_sec_0015.jpg,3,208.2716,165.2716,175.2716
M_104_2,M_104_2.mp4_sec_0015.jpg,4,208.3992,165.4592,175.4778
M_104_2,M_104_2.mp4_sec_0015.jpg,5,208.8285,165.7397,176.0055
M_104_2,M_104_2.mp4_sec_0016.jpg,1,207.1126,164.1906,174.0513
M_104_2,M_104_2.mp4_sec_0016.jpg,2,208.0038,165.0038,175.0038
M_104_2,M_104_2.mp4_sec_0016.jpg,3,208.5694,165.7006,175.6986
M_104_2,M_104_2.mp4_sec_0016.jpg,4,208.837,165.837,175.837
M_104_2,M_104_2.mp4_sec_0016.jpg,5,208.0024,165.0024,175.0024
M_104_2,M_104_2.mp4_sec_0017.jpg,1,208.0,165.0,175.0
M_104_2,M_104_2.mp4_sec_0017.jpg,2,208.2302,165.3154,175.2986
M_104_2,M_104_2.mp4_sec_0017.jpg,3,207.8156,164.84,174.8407
M_104_2,M_104_2.mp4_sec_0017.jpg,4,208.1805,165.1805,175.1805
M_104_2,M_104_2.mp4_sec_0017.jpg,5,208.9544,166.0449,175.9076
M_104_2,M_104_2.mp4_sec_0018.jpg,1,208.4772,165.4772,175.4772
M_104_2,M_104_2.mp4_sec_0018.jpg,2,208.33,165.33,175.33
M_104_2,M_104_2.mp4_sec_0018.jpg,3,207.8209,164.8209,174.8209
M_104_2,M_104_2.mp4_sec_0018.jpg,4,207.3853,164.4168,174.3609
M_104_2,M_104_2.mp4_sec_0018.jpg,5,208.3078,165.3078,175.3078
M_104_2,M_104_2.mp4_sec_0019.jpg,1,208.053,165.053,175.053
M_104_2,M_104_2.mp4_sec_0019.jpg,2,208.2933,165.2573,175.3645
M_104_2,M_104_2.mp4_sec_0019.jpg,3,210.0131,168.107,177.8177
M_104_2,M_104_2.mp4_sec_0019.jpg,4,208.0,165.0,175.0
M_104_2,M_104_2.mp4_sec_0019.jpg,5,208.3953,165.3953,175.3953
M_104_2,M_104_2.mp4_sec_0020.jpg,1,207.4246,164.4483,174.447
M_104_2,M_104_2.mp4_sec_0020.jpg,2,207.4033,164.4033,174.4033
M_104_2,M_104_2.mp4_sec_0020.jpg,3,208.2561,165.2561,175.2561
M_104_2,M_104_2.mp4_sec_0020.jpg,4,210.8842,169.4055,178.4168
M_104_2,M_104_2.mp4_sec_0020.jpg,5,207.8822,164.8822,174.8822
M_104_2,M_104_2.mp4_sec_0021.jpg,1,207.9529,164.9529,174.9529
M_104_2,M_104_2.mp4_sec_0021.jpg,2,207.8044,164.8044,174.8044
M_104_2,M_104_2.mp4_sec_0021.jpg,3,208.0,165.0,175.0
M_104_2,M_104_2.mp4_sec_0021.jpg,4,208.0,165.0,175.0
M_104_2,M_104_2.mp4_sec_0021.jpg,5,207.8121,164.8121,174.8121
M_104_2,M_104_2.mp4_sec_0022.jpg,1,208.4357,165.4357,175.4357
M_104_2,M_104_2.mp4_sec_0022.jpg,2,207.4151,164.4151,174.4151
M_104_2,M_104_2.mp4_sec_0022.jpg,3,207.9425,164.9425,174.9425
M_104_2,M_104_2.mp4_sec_0022.jpg,4,207.203,164.203,174.203
M_104_2,M_104_2.mp4_sec_0022.jpg,5,208.5089,165.5089,175.5089
M_104_2,M_104_2.mp4_sec_0023.jpg,1,207.4654,164.4654,174.4654
M_104_2,M_104_2.mp4_sec_0023.jpg,2,207.8759,164.8759,174.8759
M_104_2,M_104_2.mp4_sec_0023.jpg,3,207.8893,165.0843,174.791
M_104_2,M_104_2.mp4_sec_0023.jpg,4,208.172,165.172,175.172
M_104_2,M_104_2.mp4_sec_0023.jpg,5,207.136,164.136,174.136
M_104_2,M_104_2.mp4_sec_0024.jpg,1,208.7735,165.7735,175.7735
M_104_2,M_104_2.mp4_sec_0024.jpg,2,208.8476,165.8476,175.8476
M_104_2,M_104_2.mp4_sec_0024.jpg,3,207.9841,164.9841,174.9841
M_104_2,M_104_2.mp4_sec_0024.jpg,4,208.6632,165.807,175.7817
M_104_2,M_104_2.mp4_sec_0024.jpg,5,207.6389,164.6391,174.6479
M_104_2,M_104_2.mp4_sec_0025.jpg,1,208.8307,166.0186,175.6673
M_104_2,M_104_2.mp4_sec_0025.jpg,2,208.0668,165.2383,174.9904
M_104_2,M_104_2.mp4_sec_0025.jpg,3,208.4778,165.4778,175.4778
M_104_2,M_104_2.mp4_sec_0025.jpg,4,207.2162,164.2162,174.2162
M_104_2,M_104_2.mp4_sec_0025.jpg,5,207.6043,164.6043,174.6043
M_104_2,M_104_2.mp4_sec_0026.jpg,1,208.5009,165.7075,175.5204
M_104_2,M_104_2.mp4_sec_0026.jpg,2,208.2628,165.2628,175.2628
M_104_2,M_104_2.mp4_sec_0026.jpg,3,208.1261,165.121,175.1269
M_104_2,M_104_2.mp4_sec_0026.jpg,4,208.0,165.0,175.0
M_104_2,M_104_2.mp4_sec_0026.jpg,5,207.0147,164.0147,174.0147
M_104_2,M_104_2.mp4_sec_0027.jpg,1,208.2329,165.2329,175.2329
M_104_2,M_104_2.mp4_sec_0027.jpg,2,207.8256,164.8256,174.8256
M_104_2,M_104_2.mp4_sec_0027.jpg,3,207.8903,164.8903,174.8903
M_104_2,M_104_2.mp4_sec_0027.jpg,4,207.9139,164.957,174.9585
M_104_2,M_104_2.mp4_sec_0027.jpg,5,208.0,165.0,175.0
M_104_2,M_104_2.mp4_sec_0028.jpg,1,208.1482,165.1482,175.1482
M_104_2,M_104_2.mp4_sec_0028.jpg,2,208.0,165.0,175.0
M_104_2,M_104_2.mp4_sec_0028.jpg,3,208.0971,165.0971,175.0971
M_104_2,M_104_2.mp4_sec_0028.jpg,4,207.8978,164.8978,174.8978
M_104_2,M_104_2.mp4_sec_0028.jpg,5,207.9794,164.9794,174.9794
M_104_2,M_104_2.mp4_sec_0029.jpg,1,208.5684,165.5684,175.5684
M_104_2,M_104_2.mp4_sec_0029.jpg,2,208.9975,165.9975,175.9975
M_104_2,M_104_2.mp4_sec_0029.jpg,3,207.4667,164.4667,174.4667
M_104_2,M_104_2.mp4_sec_0029.jpg,4,208.2037,165.2037,175.1986
M_104_2,M_104_2.mp4_sec_0029.jpg,5,207.0091,164.0091,174.0091
M_104_2,M_104_2.mp4_sec_0030.jpg,1,207.2877,164.2877,174.2877
M_104_2,M_104_2.mp4_sec_0030.jpg,2,208.2376,165.289,175.2809
M_104_2,M_104_2.mp4_sec_0030.jpg,3,207.9462,164.9462,174.9462
M_104_2,M_104_2.mp4_sec_0030.jpg,4,207.8136,164.8136,174.8136
M_104_2,M_104_2.mp4_sec_0030.jpg,5,208.0517,165.0517,175.0517
M_104_3,M_104_3.mp4_sec_0000.jpg,1,207.9494,164.9552,174.9538
M_104_3,M_104_3.mp4_sec_0000.jpg,2,207.763,164.763,174.763
M_104_3,M_104_3.mp4_sec_0000.jpg,3,207.338,164.338,174.338
M_104_3,M_104_3.mp4_sec_0000.jpg,4,207.0197,164.0197,174.0197
M_104_3,M_104_3.mp4_sec_0000.jpg,5,207.9605,164.9605,174.9605
M_104_3,M_104_3.mp4_sec_0001.jpg,1,208.1341,165.2659,175.1627
M_104_3,M_104_3.mp4_sec_0001.jpg,2,208.2918,165.2918,175.2918
M_104_3,M_104_3.mp4_sec_0001.jpg,3,207.9845,165.0271,174.947
M_104_3,M_104_3.mp4_sec_0001.jpg,4,208.3555,165.3555,175.3555
M_104_3,M_104_3.mp4_sec_0001.jpg,5,207.8806,164.8806,174.8806
M_104_3,M_104_3.mp4_sec_0002.jpg,1,208.1115,165.1115,175.1115
M_104_3,M_104_3.mp4_sec_0002.jpg,2,208.0,165.0,175.0
M_104_3,M_104_3.mp4_sec_0002.jpg,3,207.9928,164.9928,174.9928
M_104_3,M_104_3.mp4_sec_0002.jpg,4,208.0363,165.0363,175.0363
M_104_3,M_104_3.mp4_sec_0002.jpg,5,207.8988,164.8988,174.8988
M_104_3,M_104_3.mp4_sec_0003.jpg,1,207.9838,164.9838,174.9838
M_104_3,M_104_3.mp4_sec_0003.jpg,2,208.6127,165.7945,175.7503
M_104_3,M_104_3.mp4_sec_0003.jpg,3,208.0,165.0,175.0
M_104_3,M_104_3.mp4_sec_0003.jpg,4,207.9707,164.9707,174.9707
M_104_3,M_104_3.mp4_sec_0003.jpg,5,208.6813,165.7841,175.6533
M_104_3,M_104_3.mp4_sec_0004.jpg,1,208.0,165.0,175.0
M_104_3,M_104_3.mp4_sec_0004.jpg,2,207.9617,165.0199,174.7797
M_104_3,M_104_3.mp4_sec_0004.jpg,3,207.8724,164.9949,174.7375
M_104_3,M_104_3.mp4_sec_0004.jpg,4,207.8008,164.8008,174.8008
M_104_3,M_104_3.mp4_sec_0004.jpg,5,207.0024,164.0024,174.0024
M_104_3,M_104_3.mp4_sec_0005.jpg,1,208.5772,165.7594,175.7402
M_104_3,M_104_3.mp4_sec_0005.jpg,2,208.3249,165.3249,175.3249
M_104_3,M_104_3.mp4_sec_0005.jpg,3,208.0,165.0,175.0
M_104_3,M_104_3.mp4_sec_0005.jpg,4,210.3541,168.9917,178.282
M_104_3,M_104_3.mp4_sec_0005.jpg,5,208.3604,165.3604,175.3604
M_104_3,M_104_3.mp4_sec_0006.jpg,1,208.0548,165.0308,175.128
M_104_3,M_104_3.mp4_sec_0006.jpg,2,207.8564,164.8564,174.8564
M_104_3,M_104_3.mp4_sec_0006.jpg,3,208.2111,165.2111,175.2111
M_104_3,M_104_3.mp4_sec_0006.jpg,4,208.0,165.0,175.0
M_104_3,M_104_3.mp4_sec_0006.jpg,5,207.8515,165.041,174.8684
M_104_3,M_104_3.mp4_sec_0007.jpg,1,208.0,165.0,175.0
M_104_3,M_104_3.mp4_sec_0007.jpg,2,208.0035,165.0035,175.0035
M_104_3,M_104_3.mp4_sec_0007.jpg,3,208.2503,165.2503,175.2503
M_104_3,M_104_3.mp4_sec_0007.jpg,4,208.3574,165.3574,175.3574
M_104_3,M_104_3.mp4_sec_0007.jpg,5,208.0,165.0,175.0
M_104_3,M_104_3.mp4_sec_0008.jpg,1,208.0,165.0,175.0
M_104_3,M_104_3.mp4_sec_0008.jpg,2,208.1403,165.1403,175.1403
M_104_3,M_104_3.mp4_sec_0008.jpg,3,207.7521,164.7521,174.7521
M_104_3,M_104_3.mp4_sec_0008.jpg,4,208.0109,165.0109,175.0109
M_104_3,M_104_3.mp4_sec_0008.jpg,5,207.7343,164.7685,174.7685
M_104_3,M_104_3.mp4_sec_0009.jpg,1,208.0,165.0,175.0
M_104_3,M_104_3.mp4_sec_0009.jpg,2,207.6363,164.6363,174.6363
M_104_3,M_104_3.mp4_sec_0009.jpg,3,207.9126,164.9126,174.9126
M_104_3,M_104_3.mp4_sec_0009.jpg,4,208.0457,165.0457,175.0457
M_104_3,M_104_3.mp4_sec_0009.jpg,5,207.8917,164.9334,174.7858
M_104_3,M_104_3.mp4_sec_0010.jpg,1,207.9319,164.9319,174.9319
M_104_3,M_104_3.mp4_sec_0010.jpg,2,208.8018,165.8018,175.8018
M_104_3,M_104_3.mp4_sec_0010.jpg,3,207.978,164.978,174.978
M_104_3,M_104_3.mp4_sec_0010.jpg,4,208.4858,165.4858,175.4858
M_104_3,M_104_3.mp4_sec_0010.jpg,5,208.2796,165.2796,175.2796
M_104_3,M_104_3.mp4_sec_0011.jpg,1,208.0599,165.0599,175.0599
M_104_3,M_104_3.mp4_sec_0011.jpg,2,207.9545,164.9545,174.9545
M_104_3,M_104_3.mp4_sec_0011.jpg,3,207.1447,164.1447,174.1447
M_104_3,M_104_3.mp4_sec_0011.jpg,4,208.0602,165.0602,175.0602
M_104_3,M_104_3.mp4_sec_0011.jpg,5,208.0,165.0,175.0
M_104_3,M_104_3.mp4_sec_0012.jpg,1,208.0095,165.0095,175.0095
M_104_3,M_104_3.mp4_sec_0012.jpg,2,207.638,164.638,174.638
M_104_3,M_104_3.mp4_sec_0012.jpg,3,208.0047,165.0047,175.0047
M_104_3,M_104_3.mp4_sec_0012.jpg,4,207.7932,164.781,174.7758
M_104_3,M_104_3.mp4_sec_0012.jpg,5,208.7357,165.7357,175.7357
M_104_3,M_104_3.mp4_sec_0013.jpg,1,208.5053,165.6806,175.6187
M_104_3,M_104_3.mp4_sec_0013.jpg,2,207.2852,164.2852,174.2852
M_104_3,M_104_3.mp4_sec_0013.jpg,3,208.0,165.0,174.9996
M_104_3,M_104_3.mp4_sec_0013.jpg,4,208.3928,165.5258,175.4949
M_104_3,M_104_3.mp4_sec_0013.jpg,5,207.8995,164.8995,174.8995
M_104_3,M_104_3.mp4_sec_0014.jpg,1,207.9228,164.9228,174.9228
M_104_3,M_104_3.mp4_sec_0014.jpg,2,208.0712,165.0712,175.0712
M_104_3,M_104_3.mp4_sec_0014.jpg,3,207.947,164.947,174.947
M_104_3,M_104_3.mp4_sec_0014.jpg,4,208.0825,165.0825,175.0825
M_104_3,M_104_3.mp4_sec_0014.jpg,5,208.7304,165.7818,175.8593
M_104_3,M_104_3.mp4_sec_0015.jpg,1,207.8489,164.8557,174.8611
M_104_3,M_104_3.mp4_sec_0015.jpg,2,207.9929,164.9756,175.0459
M_104_3,M_104_3.mp4_sec_0015.jpg,3,207.7605,164.7605,174.7605
M_104_3,M_104_3.mp4_sec_0015.jpg,4,208.0473,165.0473,175.0473
M_104_3,M_104_3.mp4_sec_0015.jpg,5,207.7148,164.735,174.7348
M_104_3,M_104_3.mp4_sec_0016.jpg,1,208.0277,165.0277,175.0277
M_104_3,M_104_3.mp4_sec_0016.jpg,2,207.9118,164.9118,174.9118
M_104_3,M_104_3.mp4_sec_0016.jpg,3,207.9513,164.9739,174.9666
M_104_3,M_104_3.mp4_sec_0016.jpg,4,207.301,164.3072,174.308
M_104_3,M_104_3.mp4_sec_0016.jpg,5,207.9909,164.9909,174.9909
M_104_3,M_104_3.mp4_sec_0017.jpg,1,207.9966,164.9966,174.9953
M_104_3,M_104_3.mp4_sec_0017.jpg,2,208.0014,164.9986,175.0072
M_104_3,M_104_3.mp4_sec_0017.jpg,3,207.5565,164.5958,174.5851
M_104_3,M_104_3.mp4_sec_0017.jpg,4,208.6257,165.6257,175.6257
M_104_3,M_104_3.mp4_sec_0017.jpg,5,207.1885,164.1885,174.1885
M_104_3,M_104_3.mp4_sec_0018.jpg,1,207.9658,164.9658,174.9658
M_104_3,M_104_3.mp4_sec_0018.jpg,2,208.0,165.0,175.0
M_104_3,M_104_3.mp4_sec_0018.jpg,3,208.3379,165.3379,175.3379
M_104_3,M_104_3.mp4_sec_0018.jpg,4,208.0,165.0,175.0
M_104_3,M_104_3.mp4_sec_0018.jpg,5,208.2782,165.2782,175.2782
M_104_3,M_104_3.mp4_sec_0019.jpg,1,208.6857,165.6857,175.6857
M_104_3,M_104_3.mp4_sec_0019.jpg,2,208.4542,165.4542,175.4542
M_104_3,M_104_3.mp4_sec_0019.jpg,3,207.9052,164.961,174.8301
M_104_3,M_104_3.mp4_sec_0019.jpg,4,207.9951,164.9951,174.9951
M_104_3,M_104_3.mp4_sec_0019.jpg,5,208.1192,165.1092,175.1386
M_104_3,M_104_3.mp4_sec_0020.jpg,1,207.8558,164.8558,174.8558
M_104_3,M_104_3.mp4_sec_0020.jpg,2,209.2543,166.2543,176.2543
M_104_3,M_104_3.mp4_sec_0020.jpg,3,207.9589,164.9589,174.9589
M_104_3,M_104_3.mp4_sec_0020.jpg,4,208.2452,165.2856,175.1915
M_104_3,M_104_3.mp4_sec_0020.jpg,5,208.0502,165.0502,175.0502
M_104_3,M_104_3.mp4_sec_0021.jpg,1,208.0776,165.0776,175.0776
M_104_3,M_104_3.mp4_sec_0021.jpg,2,207.9906,164.9921,174.9921
M_104_3,M_104_3.mp4_sec_0021.jpg,3,207.3747,164.3747,174.3747
M_104_3,M_104_3.mp4_sec_0021.jpg,4,207.1099,164.1099,174.1099
M_104_3,M_104_3.mp4_sec_0021.jpg,5,208.2271,165.1754,175.3306
M_104_3,M_104_3.mp4_sec_0022.jpg,1,207.9419,164.9419,174.9419
M_104_3,M_104_3.mp4_sec_0022.jpg,2,207.7641,164.7641,174.7641
M_104_3,M_104_3.mp4_sec_0022.jpg,3,207.8869,164.8869,174.8869
M_104_3,M_104_3.mp4_sec_0022.jpg,4,208.0,165.0,175.0
M_104_3,M_104_3.mp4_sec_0022.jpg,5,208.004,165.004,175.004
M_104_3,M_104_3.mp4_sec_0023.jpg,1,210.5456,169.2618,178.6912
M_104_3,M_104_3.mp4_sec_0023.jpg,2,207.9322,164.9322,174.9322
M_104_3,M_104_3.mp4_sec_0023.jpg,3,208.8902,165.8758,176.0163
M_104_3,M_104_3.mp4_sec_0023.jpg,4,208.6123,165.7361,175.6312
M_104_3,M_104_3.mp4_sec_0023.jpg,5,208.1027,165.1027,175.1027
M_104_3,M_104_3.mp4_sec_0024.jpg,1,207.4298,164.4298,174.4298
M_104_3,M_104_3.mp4_sec_0024.jpg,2,207.9842,164.9987,175.0023
M_104_3,M_104_3.mp4_sec_0024.jpg,3,208.0421,165.0421,175.0421
M_104_3,M_104_3.mp4_sec_0024.jpg,4,208.2435,165.2435,175.2435
M_104_3,M_104_3.mp4_sec_0024.jpg,5,208.0,165.0,175.0
M_104_3,M_104_3.mp4_sec_0025.jpg,1,207.3109,164.3109,174.3109
M_104_3,M_104_3.mp4_sec_0025.jpg,2,207.9571,164.9571,174.9571
M_104_3,M_104_3.mp4_sec_0025.jpg,3,207.0133,164.0133,174.0133
M_104_3,M_104_3.mp4_sec_0025.jpg,4,208.1928,165.1928,175.1928
M_104_3,M_104_3.mp4_sec_0025.jpg,5,207.9889,164.9889,174.9889
M_104_3,M_104_3.mp4_sec_0026.jpg,1,208.2713,165.2713,175.2713
M_104_3,M_104_3.mp4_sec_0026.jpg,2,207.6451,164.6451,174.6451
M_104_3,M_104_3.mp4_sec_0026.jpg,3,208.0276,165.0276,175.0276
M_104_3,M_104_3.mp4_sec_0026.jpg,4,209.8571,168.0725,177.4932
M_104_3,M_104_3.mp4_sec_0026.jpg,5,208.4976,165.4429,175.6064
M_104_3,M_104_3.mp4_sec_0027.jpg,1,208.0091,165.0091,175.0047
M_104_3,M_104_3.mp4_sec_0027.jpg,2,207.9398,164.9398,174.9398
M_104_3,M_104_3.mp4_sec_0027.jpg,3,207.102,164.102,174.102
M_104_3,M_104_3.mp4_sec_0027.jpg,4,208.3487,165.3487,175.3487
M_104_3,M_104_3.mp4_sec_0027.jpg,5,208.1659,165.1659,175.1659
M_104_3,M_104_3.mp4_sec_0028.jpg,1,208.1859,165.182,175.1928
M_104_3,M_104_3.mp4_sec_0028.jpg,2,208.0921,165.0921,175.0921
M_104_3,M_104_3.mp4_sec_0028.jpg,3,207.9903,164.9903,174.9903
M_104_3,M_104_3.mp4_sec_0028.jpg,4,207.1537,164.1537,174.1537
M_104_3,M_104_3.mp4_sec_0028.jpg,5,208.5064,165.824,175.676
M_104_3,M_104_3.mp4_sec_0029.jpg,1,208.0029,165.0029,175.0029
M_104_3,M_104_3.mp4_sec_0029.jpg,2,207.6738,164.6738,174.6738
M_104_3,M_104_3.mp4_sec_0029.jpg,3,208.0926,165.0926,175.0926
M_104_3,M_104_3.mp4_sec_0029.jpg,4,207.191,164.191,174.191
M_104_3,M_104_3.mp4_sec_0029.jpg,5,207.8694,165.0223,174.9133
M_104_3,M_104_3.mp4_sec_0030.jpg,1,207.998,165.0193,174.9507
M_104_3,M_104_3.mp4_sec_0030.jpg,2,208.5932,165.8529,175.7894
M_104_3,M_104_3.mp4_sec_0030.jpg,3,208.0253,165.0253,175.0253
M_104_3,M_104_3.mp4_sec_0030.jpg,4,208.1533,165.1764,175.1052
M_104_3,M_104_3.mp4_sec_0030.jpg,5,208.0,165.0,175.0
M_128_1,M_128_1.mp4_sec_0000.jpg,1,195.3335,11.4147,25.6011
M_128_1,M_128_1.mp4_sec_0000.jpg,2,195.166,16.0801,30.3262
M_128_1,M_128_1.mp4_sec_0000.jpg,3,194.8364,12.1557,26.0464
M_128_1,M_128_1.mp4_sec_0000.jpg,4,195.7646,12.6771,26.1803
M_128_1,M_128_1.mp4_sec_0000.jpg,5,195.2807,11.8454,24.8767
M_128_1,M_128_1.mp4_sec_0001.jpg,1,195.4762,15.9444,30.6055
M_128_1,M_128_1.mp4_sec_0001.jpg,2,195.0521,14.1651,30.5556
M_128_1,M_128_1.mp4_sec_0001.jpg,3,195.4577,11.1974,26.283
M_128_1,M_128_1.mp4_sec_0001.jpg,4,197.019,14.4808,29.9693
M_128_1,M_128_1.mp4_sec_0001.jpg,5,194.8662,23.1011,36.4408
M_128_1,M_128_1.mp4_sec_0002.jpg,1,195.6988,14.0305,28.6661
M_128_1,M_128_1.mp4_sec_0002.jpg,2,196.3122,12.6596,27.8799
M_128_1,M_128_1.mp4_sec_0002.jpg,3,194.5182,16.2139,31.6171
M_128_1,M_128_1.mp4_sec_0002.jpg,4,195.5433,15.2119,29.8449
M_128_1,M_128_1.mp4_sec_0002.jpg,5,194.7697,12.8963,27.2305
M_128_1,M_128_1.mp4_sec_0003.jpg,1,193.7513,12.801,26.6681
M_128_1,M_128_1.mp4_sec_0003.jpg,2,195.2789,17.3323,31.4989
M_128_1,M_128_1.mp4_sec_0003.jpg,3,194.9989,10.9165,24.7419
M_128_1,M_128_1.mp4_sec_0003.jpg,4,194.7195,22.4767,35.9616
M_128_1,M_128_1.mp4_sec_0003.jpg,5,195.93,14.3927,30.0094
M_128_1,M_128_1.mp4_sec_0004.jpg,1,193.7624,11.5545,24.6806
M_128_1,M_128_1.mp4_sec_0004.jpg,2,195.3371,16.0673,30.1652
M_128_1,M_128_1.mp4_sec_0004.jpg,3,195.3858,17.6241,31.8788
M_128_1,M_128_1.mp4_sec_0004.jpg,4,194.7134,13.2219,26.8853
M_128_1,M_128_1.mp4_sec_0004.jpg,5,194.8891,14.9901,28.8649
M_128_1,M_128_1.mp4_sec_0005.jpg,1,194.4262,13.2397,28.6843
M_128_1,M_128_1.mp4_sec_0005.jpg,2,196.6804,14.8835,30.1086
M_128_1,M_128_1.mp4_sec_0005.jpg,3,195.7011,12.3068,25.9132
M_128_1,M_128_1.mp4_sec_0005.jpg,4,196.0918,13.312,27.0009
M_128_1,M_128_1.mp4_sec_0005.jpg,5,197.0669,14.5761,29.9773
M_128_1,M_128_1.mp4_sec_0006.jpg,1,195.3989,10.9518,26.1811
M_128_1,M_128_1.mp4_sec_0006.jpg,2,195.4602,15.7381,30.2317
M_128_1,M_128_1.mp4_sec_0006.jpg,3,195.6585,12.7871,26.322
M_128_1,M_128_1.mp4_sec_0006.jpg,4,194.4144,11.6414,24.9387
M_128_1,M_128_1.mp4_sec_0006.jpg,5,195.9874,12.1576,27.9979
M_128_1,M_128_1.mp4_sec_0007.jpg,1,194.6569,10.9179,24.3929
M_128_1,M_128_1.mp4_sec_0007.jpg,2,195.3256,11.14,26.985
M_128_1,M_128_1.mp4_sec_0007.jpg,3,194.4387,11.5433,26.1452
M_128_1,M_128_1.mp4_sec_0007.jpg,4,195.6576,10.5534,26.5963
M_128_1,M_128_1.mp4_sec_0007.jpg,5,195.4722,11.564,26.2453
M_128_1,M_128_1.mp4_sec_0008.jpg,1,194.9143,15.2825,30.6576
M_128_1,M_128_1.mp4_sec_0008.jpg,2,195.4775,12.2356,25.9655
M_128_1,M_128_1.mp4_sec_0008.jpg,3,197.0023,15.7567,30.5112
M_128_1,M_128_1.mp4_sec_0008.jpg,4,197.1347,12.8451,28.822
M_128_1,M_128_1.mp4_sec_0008.jpg,5,195.3104,14.4733,28.6039
M_128_1,M_128_1.mp4_sec_0009.jpg,1,197.0391,12.7987,28.1178
M_128_1,M_128_1.mp4_sec_0009.jpg,2,195.6914,15.6232,30.5384
M_128_1,M_128_1.mp4_sec_0009.jpg,3,194.0777,26.1181,39.1196
M_128_1,M_128_1.mp4_sec_0009.jpg,4,194.7596,13.9867,30.5036
M_128_1,M_128_1.mp4_sec_0009.jpg,5,195.7619,12.7673,27.4407
M_128_1,M_128_1.mp4_sec_0010.jpg,1,194.9502,12.0761,26.7846
M_128_1,M_128_1.mp4_sec_0010.jpg,2,194.9888,13.3084,27.5426
M_128_1,M_128_1.mp4_sec_0010.jpg,3,194.7904,14.5877,30.3544
M_128_1,M_128_1.mp4_sec_0010.jpg,4,197.0781,13.48,28.5987
M_128_1,M_128_1.mp4_sec_0010.jpg,5,195.2724,12.0411,25.3766
M_128_1,M_128_1.mp4_sec_0011.jpg,1,194.8626,14.3122,29.7073
M_128_1,M_128_1.mp4_sec_0011.jpg,2,194.7744,11.5155,25.1497
M_128_1,M_128_1.mp4_sec_0011.jpg,3,195.0698,12.0213,25.4861
M_128_1,M_128_1.mp4_sec_0011.jpg,4,194.7783,11.5065,25.1878
M_128_1,M_128_1.mp4_sec_0011.jpg,5,195.3662,10.0494,26.41
M_128_1,M_128_1.mp4_sec_0012.jpg,1,195.1308,14.4002,28.7182
M_128_1,M_128_1.mp4_sec_0012.jpg,2,195.9442,12.8558,27.0467
M_128_1,M_128_1.mp4_sec_0012.jpg,3,193.867,12.3258,25.8581
M_128_1,M_128_1.mp4_sec_0012.jpg,4,194.5168,11.2451,25.1472
M_128_1,M_128_1.mp4_sec_0012.jpg,5,196.2346,13.2889,27.2977
M_128_1,M_128_1.mp4_sec_0013.jpg,1,195.9147,12.7521,27.035
M_128_1,M_128_1.mp4_sec_0013.jpg,2,195.3875,15.8069,30.341
M_128_1,M_128_1.mp4_sec_0013.jpg,3,196.0243,15.8479,30.6183
M_128_1,M_128_1.mp4_sec_0013.jpg,4,195.3442,11.1354,25.7575
M_128_1,M_128_1.mp4_sec_0013.jpg,5,195.3335,13.1997,27.6695
M_128_1,M_128_1.mp4_sec_0014.jpg,1,195.6374,15.5933,30.2264
M_128_1,M_128_1.mp4_sec_0014.jpg,2,195.6845,9.3768,27.217
M_128_1,M_128_1.mp4_sec_0014.jpg,3,195.3941,9.73,26.5314
M_128_1,M_128_1.mp4_sec_0014.jpg,4,194.7404,10.1225,27.6178
M_128_1,M_128_1.mp4_sec_0014.jpg,5,195.5348,12.1416,26.3272
M_128_1,M_128_1.mp4_sec_0015.jpg,1,196.1221,13.0483,27.7408
M_128_1,M_128_1.mp4_sec_0015.jpg,2,195.9606,12.5195,26.1386
M_128_1,M_128_1.mp4_sec_0015.jpg,3,195.3037,9.7839,25.6837
M_128_1,M_128_1.mp4_sec_0015.jpg,4,194.7098,12.3397,26.6139
M_128_1,M_128_1.mp4_sec_0015.jpg,5,194.3232,24.0506,37.4686
M_128_1,M_128_1.mp4_sec_0016.jpg,1,195.0341,12.4474,25.6386
M_128_1,M_128_1.mp4_sec_0016.jpg,2,194.5945,12.9225,26.3682
M_128_1,M_128_1.mp4_sec_0016.jpg,3,194.5883,15.873,30.86
M_128_1,M_128_1.mp4_sec_0016.jpg,4,194.6201,23.3197,36.6185
M_128_1,M_128_1.mp4_sec_0016.jpg,5,196.7816,12.4202,27.5673
M_128_1,M_128_1.mp4_sec_0017.jpg,1,194.4756,11.1917,24.6385
M_128_1,M_128_1.mp4_sec_0017.jpg,2,195.2558,18.386,32.6147
M_128_1,M_128_1.mp4_sec_0017.jpg,3,194.6438,11.331,25.062
M_128_1,M_128_1.mp4_sec_0017.jpg,4,195.1439,19.1764,33.1273
M_128_1,M_128_1.mp4_sec_0017.jpg,5,195.3324,13.1632,26.7794
M_128_1,M_128_1.mp4_sec_0018.jpg,1,194.8779,22.0339,35.6983
M_128_1,M_128_1.mp4_sec_0018.jpg,2,194.6754,11.2079,25.3625
M_128_1,M_128_1.mp4_sec_0018.jpg,3,196.5839,12.3465,28.3552
M_128_1,M_128_1.mp4_sec_0018.jpg,4,195.2317,17.9367,32.358
M_128_1,M_128_1.mp4_sec_0018.jpg,5,195.645,16.0739,30.8109
M_128_1,M_128_1.mp4_sec_0019.jpg,1,195.3433,13.9936,28.5876
M_128_1,M_128_1.mp4_sec_0019.jpg,2,197.5171,13.352,29.1379
M_128_1,M_128_1.mp4_sec_0019.jpg,3,195.3532,16.3641,30.0688
M_128_1,M_128_1.mp4_sec_0019.jpg,4,195.0016,24.4053,37.6505
M_128_1,M_128_1.mp4_sec_0019.jpg,5,195.3937,13.3157,28.5752
M_128_1,M_128_1.mp4_sec_0020.jpg,1,197.3943,12.5117,28.4372
M_128_1,M_128_1.mp4_sec_0020.jpg,2,197.3431,14.6328,30.1158
M_128_1,M_128_1.mp4_sec_0020.jpg,3,195.7285,13.4212,28.4563
M_128_1,M_128_1.mp4_sec_0020.jpg,4,195.4351,18.6492,32.8447
M_128_1,M_128_1.mp4_sec_0020.jpg,5,196.842,15.303,30.4728
M_128_1,M_128_1.mp4_sec_0021.jpg,1,196.6479,12.4015,28.925
M_128_1,M_128_1.mp4_sec_0021.jpg,2,197.4078,14.2076,29.3443
M_128_1,M_128_1.mp4_sec_0021.jpg,3,195.2628,14.0987,31.1452
M_128_1,M_128_1.mp4_sec_0021.jpg,4,195.7965,11.6172,25.8654
M_128_1,M_128_1.mp4_sec_0021.jpg,5,195.6623,16.0337,30.6926
M_128_1,M_128_1.mp4_sec_0022.jpg,1,196.6203,12.3847,27.2224
M_128_1,M_128_1.mp4_sec_0022.jpg,2,195.3656,16.3268,30.7152
M_128_1,M_128_1.mp4_sec_0022.jpg,3,194.3238,16.0934,31.2706
M_128_1,M_128_1.mp4_sec_0022.jpg,4,194.4971,13.2807,29.2269
M_128_1,M_128_1.mp4_sec_0022.jpg,5,196.3043,15.4547,30.4953
M_128_1,M_128_1.mp4_sec_0023.jpg,1,197.0552,12.6355,28.7127
M_128_1,M_128_1.mp4_sec_0023.jpg,2,196.0837,16.2596,30.314
M_128_1,M_128_1.mp4_sec_0023.jpg,3,195.7031,16.6685,31.0025
M_128_1,M_128_1.mp4_sec_0023.jpg,4,195.2437,12.9573,27.0646
M_128_1,M_128_1.mp4_sec_0023.jpg,5,194.476,11.789,26.1109
M_128_1,M_128_1.mp4_sec_0024.jpg,1,197.4378,13.511,28.9481
M_128_1,M_128_1.mp4_sec_0024.jpg,2,194.7756,12.0765,25.9695
M_128_1,M_128_1.mp4_sec_0024.jpg,3,196.0729,14.4394,29.3034
M_128_1,M_128_1.mp4_sec_0024.jpg,4,194.7065,11.1082,24.8229
M_128_1,M_128_1.mp4_sec_0024.jpg,5,197.1333,14.3689,29.7397
M_128_1,M_128_1.mp4_sec_0025.jpg,1,194.9782,12.8279,27.3249
M_128_1,M_128_1.mp4_sec_0025.jpg,2,197.6883,14.1923,29.7947
M_128_1,M_128_1.mp4_sec_0025.jpg,3,195.7599,15.1474,30.3301
M_128_1,M_128_1.mp4_sec_0025.jpg,4,196.579,12.5289,28.8638
M_128_1,M_128_1.mp4_sec_0025.jpg,5,194.5462,11.1053,25.0404
M_128_1,M_128_1.mp4_sec_0026.jpg,1,194.7209,12.2434,25.8785
M_128_1,M_128_1.mp4_sec_0026.jpg,2,194.7219,9.9574,26.7029
M_128_1,M_128_1.mp4_sec_0026.jpg,3,194.9131,10.6322,24.6533
M_128_1,M_128_1.mp4_sec_0026.jpg,4,195.6446,11.4911,26.2194
M_128_1,M_128_1.mp4_sec_0026.jpg,5,194.5816,12.1803,25.339
M_128_1,M_128_1.mp4_sec_0027.jpg,1,195.2795,16.218,30.6219
M_128_1,M_128_1.mp4_sec_0027.jpg,2,195.7297,16.0585,30.4986
M_128_1,M_128_1.mp4_sec_0027.jpg,3,194.5089,13.1896,27.0952
M_128_1,M_128_1.mp4_sec_0027.jpg,4,195.1196,11.6105,24.8587
M_128_1,M_128_1.mp4_sec_0027.jpg,5,194.3662,25.2813,38.264
M_128_1,M_128_1.mp4_sec_0028.jpg,1,194.6633,11.8204,25.5672
M_128_1,M_128_1.mp4_sec_0028.jpg,2,195.2845,11.2365,25.3278
M_128_1,M_128_1.mp4_sec_0028.jpg,3,194.8547,11.5569,25.4913
M_128_1,M_128_1.mp4_sec_0028.jpg,4,196.8916,13.6899,29.8006
M_128_1,M_128_1.mp4_sec_0028.jpg,5,195.6828,11.963,26.6231
M_128_1,M_128_1.mp4_sec_0029.jpg,1,196.8454,12.8431,27.5685
M_128_1,M_128_1.mp4_sec_0029.jpg,2,195.3155,14.3286,30.7744
M_128_1,M_128_1.mp4_sec_0029.jpg,3,193.9731,11.1347,28.6421
M_128_1,M_128_1.mp4_sec_0029.jpg,4,194.8396,14.9176,28.307
M_128_1,M_128_1.mp4_sec_0029.jpg,5,195.1762,17.7392,31.9003
M_128_1,M_128_1.mp4_sec_0030.jpg,1,195.2372,12.8838,27.4861
M_128_1,M_128_1.mp4_sec_0030.jpg,2,194.9488,11.4172,24.4444
M_128_1,M_128_1.mp4_sec_0030.jpg,3,194.8657,11.3968,25.1699
M_128_1,M_128_1.mp4_sec_0030.jpg,4,195.0235,11.7601,24.8779
M_128_1,M_128_1.mp4_sec_0030.jpg,5,195.0263,11.263,24.5421
M_128_1,M_128_1.mp4_sec_0031.jpg,1,194.3597,13.4762,28.9767
M_128_1,M_128_1.mp4_sec_0031.jpg,2,194.9221,12.7404,26.1167
M_128_1,M_128_1.mp4_sec_0031.jpg,3,194.7224,12.1299,25.7857
M_128_1,M_128_1.mp4_sec_0031.jpg,4,196.3039,13.6789,28.6108
M_128_1,M_128_1.mp4_sec_0031.jpg,5,194.5227,14.1261,30.7092
M_128_1,M_128_1.mp4_sec_0032.jpg,1,196.6867,12.5652,28.6027
M_128_1,M_128_1.mp4_sec_0032.jpg,2,195.8417,13.1599,27.3101
M_128_1,M_128_1.mp4_sec_0032.jpg,3,194.6951,11.8579,25.7219
M_128_1,M_128_1.mp4_sec_0032.jpg,4,194.7543,11.2438,24.5979
M_128_1,M_128_1.mp4_sec_0032.jpg,5,197.0629,12.8644,28.7143
M_128_2,M_128_2.mp4_sec_0000.jpg,1,195.4383,13.5731,27.5806
M_128_2,M_128_2.mp4_sec_0000.jpg,2,194.7161,10.9735,26.0005
M_128_2,M_128_2.mp4_sec_0000.jpg,3,194.4127,13.0565,29.654
M_128_2,M_128_2.mp4_sec_0000.jpg,4,195.6715,16.4048,30.68
M_128_2,M_128_2.mp4_sec_0000.jpg,5,196.2367,11.6903,27.5413
M_128_2,M_128_2.mp4_sec_0001.jpg,1,195.0105,14.0515,27.8335
M_128_2,M_128_2.mp4_sec_0001.jpg,2,195.2138,16.0299,30.3376
M_128_2,M_128_2.mp4_sec_0001.jpg,3,194.9467,14.1231,28.2521
M_128_2,M_128_2.mp4_sec_0001.jpg,4,196.1329,13.8973,28.5769
M_128_2,M_128_2.mp4_sec_0001.jpg,5,195.1876,10.8852,25.9415
M_128_2,M_128_2.mp4_sec_0002.jpg,1,195.6411,13.7408,27.1222
M_128_2,M_128_2.mp4_sec_0002.jpg,2,195.3987,12.7418,27.0162
M_128_2,M_128_2.mp4_sec_0002.jpg,3,195.9243,15.7646,29.5261
M_128_2,M_128_2.mp4_sec_0002.jpg,4,195.1043,16.0412,30.4561
M_128_2,M_128_2.mp4_sec_0002.jpg,5,194.3479,13.2868,29.6459
M_128_2,M_128_2.mp4_sec_0003.jpg,1,194.9103,11.6528,25.0892
M_128_2,M_128_2.mp4_sec_0003.jpg,2,195.2896,11.4744,26.7262
M_128_2,M_128_2.mp4_sec_0003.jpg,3,196.57,14.549,29.7511
M_128_2,M_128_2.mp4_sec_0003.jpg,4,195.9172,13.6628,28.3237
M_128_2,M_128_2.mp4_sec_0003.jpg,5,194.613,11.5275,25.1523
M_128_2,M_128_2.mp4_sec_0004.jpg,1,194.1011,12.3367,26.8913
M_128_2,M_128_2.mp4_sec_0004.jpg,2,194.6736,13.8911,30.2751
M_128_2,M_128_2.mp4_sec_0004.jpg,3,194.9845,11.1445,24.5542
M_128_2,M_128_2.mp4_sec_0004.jpg,4,195.0231,22.9124,36.3849
M_128_2,M_128_2.mp4_sec_0004.jpg,5,195.7043,18.9598,33.412
M_128_2,M_128_2.mp4_sec_0005.jpg,1,196.3241,9.858,27.3889
M_128_2,M_128_2.mp4_sec_0005.jpg,2,195.2125,11.6482,25.8582
M_128_2,M_128_2.mp4_sec_0005.jpg,3,194.8698,11.0837,24.6448
M_128_2,M_128_2.mp4_sec_0005.jpg,4,195.5163,14.943,29.0256
M_128_2,M_128_2.mp4_sec_0005.jpg,5,197.5991,14.7033,30.2902
M_128_2,M_128_2.mp4_sec_0006.jpg,1,194.5538,15.2061,30.6109
M_128_2,M_128_2.mp4_sec_0006.jpg,2,197.0187,15.2658,30.8749
M_128_2,M_128_2.mp4_sec_0006.jpg,3,196.3754,13.2155,27.4392
M_128_2,M_128_2.mp4_sec_0006.jpg,4,195.7047,13.777,27.8499
M_128_2,M_128_2.mp4_sec_0006.jpg,5,195.0912,11.8033,25.1693
M_128_2,M_128_2.mp4_sec_0007.jpg,1,193.8362,12.5936,25.2704
M_128_2,M_128_2.mp4_sec_0007.jpg,2,194.5642,16.4324,31.3202
M_128_2,M_128_2.mp4_sec_0007.jpg,3,195.1699,12.3799,26.5653
M_128_2,M_128_2.mp4_sec_0007.jpg,4,194.6652,12.1106,25.6356
M_128_2,M_128_2.mp4_sec_0007.jpg,5,196.5619,12.8543,28.4111
M_128_2,M_128_2.mp4_sec_0008.jpg,1,194.8634,22.4494,36.1471
M_128_2,M_128_2.mp4_sec_0008.jpg,2,195.5144,14.4741,27.9279
M_128_2,M_128_2.mp4_sec_0008.jpg,3,195.7942,10.3014,26.5931
M_128_2,M_128_2.mp4_sec_0008.jpg,4,195.2114,11.4104,25.6585
M_128_2,M_128_2.mp4_sec_0008.jpg,5,196.7248,12.3586,28.3038
M_128_2,M_128_2.mp4_sec_0009.jpg,1,195.1023,11.4497,24.9805
M_128_2,M_128_2.mp4_sec_0009.jpg,2,194.7843,12.4201,27.1102
M_128_2,M_128_2.mp4_sec_0009.jpg,3,195.498,11.8378,26.2911
M_128_2,M_128_2.mp4_sec_0009.jpg,4,195.6685,9.5128,26.7704
M_128_2,M_128_2.mp4_sec_0009.jpg,5,196.0065,10.028,26.6932
M_128_2,M_128_2.mp4_sec_0010.jpg,1,195.2431,11.5509,26.7931
M_128_2,M_128_2.mp4_sec_0010.jpg,2,195.0985,10.8227,26.5678
M_128_2,M_128_2.mp4_sec_0010.jpg,3,194.9713,9.7105,27.4396
M_128_2,M_128_2.mp4_sec_0010.jpg,4,195.5752,13.4387,28.165
M_128_2,M_128_2.mp4_sec_0010.jpg,5,195.0512,11.6351,25.7671
M_128_2,M_128_2.mp4_sec_0011.jpg,1,195.4931,13.1916,26.5133
M_128_2,M_128_2.mp4_sec_0011.jpg,2,195.3627,12.7193,26.9448
M_128_2,M_128_2.mp4_sec_0011.jpg,3,195.4544,13.3662,27.4201
M_128_2,M_128_2.mp4_sec_0011.jpg,4,194.792,11.6946,25.0684
M_128_2,M_128_2.mp4_sec_0011.jpg,5,194.2551,24.518,37.9481
M_128_2,M_128_2.mp4_sec_0012.jpg,1,195.2859,20.6802,34.6871
M_128_2,M_128_2.mp4_sec_0012.jpg,2,197.1121,15.0498,30.3074
M_128_2,M_128_2.mp4_sec_0012.jpg,3,195.5713,12.0618,25.5613
M_128_2,M_128_2.mp4_sec_0012.jpg,4,194.4746,12.0755,25.6798
M_128_2,M_128_2.mp4_sec_0012.jpg,5,195.9076,16.6692,31.0979
M_128_2,M_128_2.mp4_sec_0013.jpg,1,195.403,17.1164,31.3317
M_128_2,M_128_2.mp4_sec_0013.jpg,2,194.7505,13.7699,27.2548
M_128_2,M_128_2.mp4_sec_0013.jpg,3,197.5085,13.2026,28.6912
M_128_2,M_128_2.mp4_sec_0013.jpg,4,195.1706,11.3086,27.1329
M_128_2,M_128_2.mp4_sec_0013.jpg,5,195.1148,21.116,34.7761
M_128_2,M_128_2.mp4_sec_0014.jpg,1,195.3962,14.2912,26.8884
M_128_2,M_128_2.mp4_sec_0014.jpg,2,195.3152,23.1361,36.0883
M_128_2,M_128_2.mp4_sec_0014.jpg,3,195.0094,13.1905,27.2473
M_128_2,M_128_2.mp4_sec_0014.jpg,4,197.8019,13.6553,29.5615
M_128_2,M_128_2.mp4_sec_0014.jpg,5,195.4359,13.0602,26.5771
M_128_2,M_128_2.mp4_sec_0015.jpg,1,195.0788,16.5684,31.7388
M_128_2,M_128_2.mp4_sec_0015.jpg,2,194.9509,14.9177,29.9652
M_128_2,M_128_2.mp4_sec_0015.jpg,3,195.3588,11.8846,26.4715
M_128_2,M_128_2.mp4_sec_0015.jpg,4,195.006,14.3469,27.965
M_128_2,M_128_2.mp4_sec_0015.jpg,5,196.2009,15.2924,30.2848
M_128_2,M_128_2.mp4_sec_0016.jpg,1,194.7726,25.8653,38.6892
M_128_2,M_128_2.mp4_sec_0016.jpg,2,195.3093,13.027,27.9826
M_128_2,M_128_2.mp4_sec_0016.jpg,3,195.3747,12.5846,25.8122
M_128_2,M_128_2.mp4_sec_0016.jpg,4,195.0622,24.2708,37.3229
M_128_2,M_128_2.mp4_sec_0016.jpg,5,195.8634,12.7299,27.1437
M_128_2,M_128_2.mp4_sec_0017.jpg,1,195.4571,11.8898,25.3043
M_128_2,M_128_2.mp4_sec_0017.jpg,2,194.7527,14.6322,28.9978
M_128_2,M_128_2.mp4_sec_0017.jpg,3,196.1329,17.0823,31.7612
M_128_2,M_128_2.mp4_sec_0017.jpg,4,196.9416,15.4596,30.5321
M_128_2,M_128_2.mp4_sec_0017.jpg,5,196.7513,11.8099,28.2222
M_128_2,M_128_2.mp4_sec_0018.jpg,1,195.2404,11.5338,24.8877
M_128_2,M_128_2.mp4_sec_0018.jpg,2,195.1107,16.6999,31.9332
M_128_2,M_128_2.mp4_sec_0018.jpg,3,195.2475,14.1231,26.8518
M_128_2,M_128_2.mp4_sec_0018.jpg,4,195.8079,17.0951,31.4131
M_128_2,M_128_2.mp4_sec_0018.jpg,5,196.0314,16.2495,30.1009
M_128_2,M_128_2.mp4_sec_0019.jpg,1,195.1983,14.056,31.0332
M_128_2,M_128_2.mp4_sec_0019.jpg,2,195.4581,11.0833,24.8333
M_128_2,M_128_2.mp4_sec_0019.jpg,3,195.3065,12.6064,29.3747
M_128_2,M_128_2.mp4_sec_0019.jpg,4,195.5558,11.6823,25.6375
M_128_2,M_128_2.mp4_sec_0019.jpg,5,197.1134,12.4817,28.5649
M_128_2,M_128_2.mp4_sec_0020.jpg,1,196.2689,15.7381,29.3773
M_128_2,M_128_2.mp4_sec_0020.jpg,2,195.6232,12.0509,25.8975
M_128_2,M_128_2.mp4_sec_0020.jpg,3,195.9125,16.6795,30.9499
M_128_2,M_128_2.mp4_sec_0020.jpg,4,196.2884,15.7266,30.4738
M_128_2,M_128_2.mp4_sec_0020.jpg,5,195.8034,14.8295,28.6636
M_128_2,M_128_2.mp4_sec_0021.jpg,1,196.8788,12.937,27.741
M_128_2,M_128_2.mp4_sec_0021.jpg,2,195.3546,11.7089,25.2852
M_128_2,M_128_2.mp4_sec_0021.jpg,3,196.2749,17.0994,30.5332
M_128_2,M_128_2.mp4_sec_0021.jpg,4,195.3068,25.0916,37.5532
M_128_2,M_128_2.mp4_sec_0021.jpg,5,195.1061,12.546,26.0207
M_128_2,M_128_2.mp4_sec_0022.jpg,1,195.5439,12.7857,26.5131
M_128_2,M_128_2.mp4_sec_0022.jpg,2,196.6978,16.7408,31.0002
M_128_2,M_128_2.mp4_sec_0022.jpg,3,197.1231,12.9401,27.6828
M_128_2,M_128_2.mp4_sec_0022.jpg,4,195.701,14.8703,31.5922
M_128_2,M_128_2.mp4_sec_0022.jpg,5,197.2541,13.6832,29.9172
M_128_2,M_128_2.mp4_sec_0023.jpg,1,196.3981,14.2614,28.6838
M_128_2,M_128_2.mp4_sec_0023.jpg,2,195.8676,17.7787,31.3395
M_128_2,M_128_2.mp4_sec_0023.jpg,3,195.5994,17.2498,31.7605
M_128_2,M_128_2.mp4_sec_0023.jpg,4,197.296,11.5184,28.5498
M_128_2,M_128_2.mp4_sec_0023.jpg,5,196.7184,14.0124,29.187
M_128_2,M_128_2.mp4_sec_0024.jpg,1,195.4143,11.8541,25.7311
M_128_2,M_128_2.mp4_sec_0024.jpg,2,196.0626,22.3139,36.1569
M_128_2,M_128_2.mp4_sec_0024.jpg,3,196.178,16.3288,30.7805
M_128_2,M_128_2.mp4_sec_0024.jpg,4,196.8853,12.3036,27.1867
M_128_2,M_128_2.mp4_sec_0024.jpg,5,195.314,14.9502,30.9973
M_128_2,M_128_2.mp4_sec_0025.jpg,1,194.312,13.4143,26.4223
M_128_2,M_128_2.mp4_sec_0025.jpg,2,197.9226,13.1477,29.1275
M_128_2,M_128_2.mp4_sec_0025.jpg,3,196.2749,10.3202,27.3941
M_128_2,M_128_2.mp4_sec_0025.jpg,4,197.2469,12.5626,29.388
M_128_2,M_128_2.mp4_sec_0025.jpg,5,197.0328,13.4459,28.4039
M_128_2,M_128_2.mp4_sec_0026.jpg,1,197.4288,16.0657,31.2361
M_128_2,M_128_2.mp4_sec_0026.jpg,2,195.4538,11.8018,25.2413
M_128_2,M_128_2.mp4_sec_0026.jpg,3,196.5271,16.7372,31.1984
M_128_2,M_128_2.mp4_sec_0026.jpg,4,196.5289,10.8281,27.3126
M_128_2,M_128_2.mp4_sec_0026.jpg,5,195.5043,12.1961,26.0455
M_128_2,M_128_2.mp4_sec_0027.jpg,1,195.1878,15.5002,30.5705
M_128_2,M_128_2.mp4_sec_0027.jpg,2,195.972,14.1553,27.173
M_128_2,M_128_2.mp4_sec_0027.jpg,3,195.7762,16.4675,30.8647
M_128_2,M_128_2.mp4_sec_0027.jpg,4,195.6266,14.364,27.3984
M_128_2,M_128_2.mp4_sec_0027.jpg,5,195.4592,12.9403,25.9832
M_128_2,M_128_2.mp4_sec_0028.jpg,1,197.0785,13.3122,29.2794
M_128_2,M_128_2.mp4_sec_0028.jpg,2,194.9794,12.9416,26.1423
M_128_2,M_128_2.mp4_sec_0028.jpg,3,195.3277,12.9921,26.923
M_128_2,M_128_2.mp4_sec_0028.jpg,4,198.1302,14.1456,29.9085
M_128_2,M_128_2.mp4_sec_0028.jpg,5,197.0204,15.0936,29.3295
M_128_2,M_128_2.mp4_sec_0029.jpg,1,195.366,12.1466,25.4241
M_128_2,M_128_2.mp4_sec_0029.jpg,2,195.1418,11.4154,28.9172
M_128_2,M_128_2.mp4_sec_0029.jpg,3,195.5388,21.7024,34.5069
M_128_2,M_128_2.mp4_sec_0029.jpg,4,195.5658,10.4453,28.1966
M_128_2,M_128_2.mp4_sec_0029.jpg,5,197.6461,12.9095,28.6735
M_128_2,M_128_2.mp4_sec_0030.jpg,1,196.6557,10.34,28.3898
M_128_2,M_128_2.mp4_sec_0030.jpg,2,195.9001,11.824,25.5909
M_128_2,M_128_2.mp4_sec_0030.jpg,3,194.9663,12.9414,26.6223
M_128_2,M_128_2.mp4_sec_0030.jpg,4,195.5216,13.6425,26.825
M_128_2,M_128_2.mp4_sec_0030.jpg,5,196.232,11.8425,26.3079
M_128_3,M_128_3.mp4_sec_0000.jpg,1,195.3238,13.5853,26.5498
M_128_3,M_128_3.mp4_sec_0000.jpg,2,194.8629,12.1661,25.4995
M_128_3,M_128_3.mp4_sec_0000.jpg,3,195.5354,13.1916,28.4845
M_128_3,M_128_3.mp4_sec_0000.jpg,4,198.3802,14.2518,29.8422
M_128_3,M_128_3.mp4_sec_0000.jpg,5,196.9284,13.419,29.792
M_128_3,M_128_3.mp4_sec_0001.jpg,1,196.229,15.6187,29.5958
M_128_3,M_128_3.mp4_sec_0001.jpg,2,195.0135,12.4993,25.9762
M_128_3,M_128_3.mp4_sec_0001.jpg,3,195.675,11.8772,25.5165
M_128_3,M_128_3.mp4_sec_0001.jpg,4,195.4545,13.9739,28.25
M_128_3,M_128_3.mp4_sec_0001.jpg,5,196.0576,15.0663,30.7333
M_128_3,M_128_3.mp4_sec_0002.jpg,1,196.2769,9.7917,27.8315
M_128_3,M_128_3.mp4_sec_0002.jpg,2,198.449,13.5756,29.3806
M_128_3,M_128_3.mp4_sec_0002.jpg,3,195.9084,15.1142,29.9751
M_128_3,M_128_3.mp4_sec_0002.jpg,4,195.833,15.129,31.2435
M_128_3,M_128_3.mp4_sec_0002.jpg,5,195.5483,13.1625,27.1566
M_128_3,M_128_3.mp4_sec_0003.jpg,1,196.342,19.6315,32.943
M_128_3,M_128_3.mp4_sec_0003.jpg,2,196.2736,17.1733,30.8304
M_128_3,M_128_3.mp4_sec_0003.jpg,3,197.4848,13.0718,28.6396
M_128_3,M_128_3.mp4_sec_0003.jpg,4,196.8247,11.2689,28.6358
M_128_3,M_128_3.mp4_sec_0003.jpg,5,195.9838,15.1201,31.2439
M_128_3,M_128_3.mp4_sec_0004.jpg,1,195.7143,21.6182,35.5878
M_128_3,M_128_3.mp4_sec_0004.jpg,2,195.6791,15.2985,29.5181
M_128_3,M_128_3.mp4_sec_0004.jpg,3,195.6386,11.0512,27.7557
M_128_3,M_128_3.mp4_sec_0004.jpg,4,197.4088,12.9211,28.0432
M_128_3,M_128_3.mp4_sec_0004.jpg,5,196.3404,16.5503,30.5183
M_128_3,M_128_3.mp4_sec_0005.jpg,1,195.9133,11.2477,26.1151
M_128_3,M_128_3.mp4_sec_0005.jpg,2,195.8523,23.115,35.5242
M_128_3,M_128_3.mp4_sec_0005.jpg,3,195.3207,15.6834,30.7411
M_128_3,M_128_3.mp4_sec_0005.jpg,4,197.0755,13.5471,29.7649
M_128_3,M_128_3.mp4_sec_0005.jpg,5,197.3204,12.8076,28.4689
M_128_3,M_128_3.mp4_sec_0006.jpg,1,197.2774,14.9922,30.3355
M_128_3,M_128_3.mp4_sec_0006.jpg,2,195.8045,13.4553,27.8889
M_128_3,M_128_3.mp4_sec_0006.jpg,3,195.5862,15.7617,31.063
M_128_3,M_128_3.mp4_sec_0006.jpg,4,195.0823,15.7583,31.3434
M_128_3,M_128_3.mp4_sec_0006.jpg,5,195.0875,12.4093,25.6784
M_128_3,M_128_3.mp4_sec_0007.jpg,1,195.3612,14.3031,30.4208
M_128_3,M_128_3.mp4_sec_0007.jpg,2,195.8314,15.242,30.9627
M_128_3,M_128_3.mp4_sec_0007.jpg,3,196.1084,11.9753,27.1157
M_128_3,M_128_3.mp4_sec_0007.jpg,4,196.2329,15.6837,30.3602
M_128_3,M_128_3.mp4_sec_0007.jpg,5,196.153,19.1027,32.0688
M_128_3,M_128_3.mp4_sec_0008.jpg,1,196.6089,13.2433,27.3268
M_128_3,M_128_3.mp4_sec_0008.jpg,2,195.6773,12.634,27.3878
M_128_3,M_128_3.mp4_sec_0008.jpg,3,195.2056,13.5018,30.7587
M_128_3,M_128_3.mp4_sec_0008.jpg,4,197.1506,13.8676,30.0449
M_128_3,M_128_3.mp4_sec_0008.jpg,5,196.3546,9.7713,27.6477
M_128_3,M_128_3.mp4_sec_0009.jpg,1,195.6652,12.1189,28.1126
M_128_3,M_128_3.mp4_sec_0009.jpg,2,196.2772,13.5447,27.0584
M_128_3,M_128_3.mp4_sec_0009.jpg,3,196.2193,11.8395,25.6145
M_128_3,M_128_3.mp4_sec_0009.jpg,4,195.8003,21.0795,34.8415
M_128_3,M_128_3.mp4_sec_0009.jpg,5,196.5171,14.1043,28.3656
M_128_3,M_128_3.mp4_sec_0010.jpg,1,195.8142,14.1484,28.2906
M_128_3,M_128_3.mp4_sec_0010.jpg,2,196.009,10.4793,28.1916
M_128_3,M_128_3.mp4_sec_0010.jpg,3,195.5115,11.3178,26.1524
M_128_3,M_128_3.mp4_sec_0010.jpg,4,195.7655,19.5168,33.5157
M_128_3,M_128_3.mp4_sec_0010.jpg,5,196.1692,17.364,31.8389
M_128_3,M_128_3.mp4_sec_0011.jpg,1,196.6916,10.4332,28.4094
M_128_3,M_128_3.mp4_sec_0011.jpg,2,195.2314,11.1624,24.8797
M_128_3,M_128_3.mp4_sec_0011.jpg,3,194.7752,12.2528,26.3499
M_128_3,M_128_3.mp4_sec_0011.jpg,4,196.8362,13.1269,29.1387
M_128_3,M_128_3.mp4_sec_0011.jpg,5,195.8358,13.5248,26.7635
M_128_3,M_128_3.mp4_sec_0012.jpg,1,194.3245,14.2143,30.3276
M_128_3,M_128_3.mp4_sec_0012.jpg,2,194.5844,12.8102,27.6434
M_128_3,M_128_3.mp4_sec_0012.jpg,3,194.6245,23.5114,36.9071
M_128_3,M_128_3.mp4_sec_0012.jpg,4,193.7605,13.8373,28.419
M_128_3,M_128_3.mp4_sec_0012.jpg,5,194.2056,11.75,25.0175
M_128_3,M_128_3.mp4_sec_0013.jpg,1,194.006,14.1153,29.6061
M_128_3,M_128_3.mp4_sec_0013.jpg,2,195.8285,16.8718,30.8732
M_128_3,M_128_3.mp4_sec_0013.jpg,3,195.8328,14.9167,29.8052
M_128_3,M_128_3.mp4_sec_0013.jpg,4,193.969,14.8268,29.5631
M_128_3,M_128_3.mp4_sec_0013.jpg,5,194.3534,11.8344,25.9904
M_128_3,M_128_3.mp4_sec_0014.jpg,1,195.717,16.3499,30.6125
M_128_3,M_128_3.mp4_sec_0014.jpg,2,193.6075,13.2344,25.9909
M_128_3,M_128_3.mp4_sec_0014.jpg,3,195.1592,15.0912,30.6553
M_128_3,M_128_3.mp4_sec_0014.jpg,4,194.408,13.8644,28.4337
M_128_3,M_128_3.mp4_sec_0014.jpg,5,194.495,12.959,26.9471
M_128_3,M_128_3.mp4_sec_0015.jpg,1,196.5316,12.4733,27.1593
M_128_3,M_128_3.mp4_sec_0015.jpg,2,195.0386,11.6176,25.1836
M_128_3,M_128_3.mp4_sec_0015.jpg,3,195.0505,13.4601,27.1475
M_128_3,M_128_3.mp4_sec_0015.jpg,4,194.6811,24.4964,37.643
M_128_3,M_128_3.mp4_sec_0015.jpg,5,194.4145,24.3465,37.3878
M_128_3,M_128_3.mp4_sec_0016.jpg,1,194.2659,14.9461,30.369
M_128_3,M_128_3.mp4_sec_0016.jpg,2,194.895,13.6163,30.529
M_128_3,M_128_3.mp4_sec_0016.jpg,3,194.6962,12.5339,26.1692
M_128_3,M_128_3.mp4_sec_0016.jpg,4,195.4807,14.7895,29.0985
M_128_3,M_128_3.mp4_sec_0016.jpg,5,195.108,11.0956,24.8395
M_128_3,M_128_3.mp4_sec_0017.jpg,1,196.2069,11.9697,27.9408
M_128_3,M_128_3.mp4_sec_0017.jpg,2,195.7399,14.8038,30.623
M_128_3,M_128_3.mp4_sec_0017.jpg,3,196.9367,14.1748,29.1714
M_128_3,M_128_3.mp4_sec_0017.jpg,4,195.7294,11.094,26.7583
M_128_3,M_128_3.mp4_sec_0017.jpg,5,194.3506,23.044,36.1593
M_128_3,M_128_3.mp4_sec_0018.jpg,1,196.0684,13.4996,27.6091
M_128_3,M_128_3.mp4_sec_0018.jpg,2,195.311,12.2731,25.6647
M_128_3,M_128_3.mp4_sec_0018.jpg,3,197.1133,14.3997,29.7798
M_128_3,M_128_3.mp4_sec_0018.jpg,4,196.3539,9.9879,27.7875
M_128_3,M_128_3.mp4_sec_0018.jpg,5,195.54,12.257,26.7504
M_128_3,M_128_3.mp4_sec_0019.jpg,1,196.8777,13.4304,28.6454
M_128_3,M_128_3.mp4_sec_0019.jpg,2,196.0265,10.8451,27.1131
M_128_3,M_128_3.mp4_sec_0019.jpg,3,197.1865,13.5471,29.0687
M_128_3,M_128_3.mp4_sec_0019.jpg,4,194.3402,13.4645,28.4504
M_128_3,M_128_3.mp4_sec_0019.jpg,5,194.9771,12.5804,26.599
M_128_3,M_128_3.mp4_sec_0020.jpg,1,195.0262,12.6972,26.6349
M_128_3,M_128_3.mp4_sec_0020.jpg,2,196.408,12.9233,29.3025
M_128_3,M_128_3.mp4_sec_0020.jpg,3,195.5716,12.2289,27.1535
M_128_3,M_128_3.mp4_sec_0020.jpg,4,195.1764,13.1557,27.2385
M_128_3,M_128_3.mp4_sec_0020.jpg,5,194.7727,13.004,27.4731
M_128_3,M_128_3.mp4_sec_0021.jpg,1,196.4253,13.2055,29.2253
M_128_3,M_128_3.mp4_sec_0021.jpg,2,195.905,13.1148,26.8911
M_128_3,M_128_3.mp4_sec_0021.jpg,3,194.9872,13.8832,27.5191
M_128_3,M_128_3.mp4_sec_0021.jpg,4,195.2697,12.0337,26.1381
M_128_3,M_128_3.mp4_sec_0021.jpg,5,196.4321,13.4765,27.7447
M_128_3,M_128_3.mp4_sec_0022.jpg,1,195.9524,11.6506,26.7505
M_128_3,M_128_3.mp4_sec_0022.jpg,2,195.1432,15.6941,31.1135
M_128_3,M_128_3.mp4_sec_0022.jpg,3,195.1373,12.6508,27.6649
M_128_3,M_128_3.mp4_sec_0022.jpg,4,196.035,13.3205,27.3705
M_128_3,M_128_3.mp4_sec_0022.jpg,5,195.16,11.9623,25.2653
M_128_3,M_128_3.mp4_sec_0023.jpg,1,194.6607,12.6171,26.1948
M_128_3,M_128_3.mp4_sec_0023.jpg,2,196.4288,14.7018,29.7054
M_128_3,M_128_3.mp4_sec_0023.jpg,3,195.8167,11.3543,26.6513
M_128_3,M_128_3.mp4_sec_0023.jpg,4,195.1782,10.9419,27.325
M_128_3,M_128_3.mp4_sec_0023.jpg,5,196.5124,14.6407,29.9825
M_128_3,M_128_3.mp4_sec_0024.jpg,1,195.6836,15.6535,30.2767
M_128_3,M_128_3.mp4_sec_0024.jpg,2,195.8974,13.1264,26.8925
M_128_3,M_128_3.mp4_sec_0024.jpg,3,195.7199,13.0604,27.6291
M_128_3,M_128_3.mp4_sec_0024.jpg,4,196.6668,15.3001,30.3481
M_128_3,M_128_3.mp4_sec_0024.jpg,5,196.0029,17.1407,31.1539
M_128_3,M_128_3.mp4_sec_0025.jpg,1,195.2145,13.0016,26.7311
M_128_3,M_128_3.mp4_sec_0025.jpg,2,195.675,15.3656,29.9192
M_128_3,M_128_3.mp4_sec_0025.jpg,3,195.3638,17.1849,31.3665
M_128_3,M_128_3.mp4_sec_0025.jpg,4,194.4697,13.2778,28.312
M_128_3,M_128_3.mp4_sec_0025.jpg,5,196.3768,10.4948,26.941
M_128_3,M_128_3.mp4_sec_0026.jpg,1,194.0539,12.9268,25.8366
M_128_3,M_128_3.mp4_sec_0026.jpg,2,194.8896,11.7437,25.5536
M_128_3,M_128_3.mp4_sec_0026.jpg,3,194.5023,13.7365,28.8202
M_128_3,M_128_3.mp4_sec_0026.jpg,4,194.4675,13.7348,30.1768
M_128_3,M_128_3.mp4_sec_0026.jpg,5,193.86,12.8323,25.7359
M_128_3,M_128_3.mp4_sec_0027.jpg,1,194.8175,14.1355,28.1263
M_128_3,M_128_3.mp4_sec_0027.jpg,2,196.4892,12.8782,28.3802
M_128_3,M_128_3.mp4_sec_0027.jpg,3,194.4067,12.5337,25.6872
M_128_3,M_128_3.mp4_sec_0027.jpg,4,196.0577,16.583,31.0087
M_128_3,M_128_3.mp4_sec_0027.jpg,5,194.6409,12.119,25.3793
M_128_3,M_128_3.mp4_sec_0028.jpg,1,195.4109,17.8313,31.86
M_128_3,M_128_3.mp4_sec_0028.jpg,2,196.9058,12.8187,28.5922
M_128_3,M_128_3.mp4_sec_0028.jpg,3,195.3591,16.1517,30.5323
M_128_3,M_128_3.mp4_sec_0028.jpg,4,195.3779,16.715,31.0227
M_128_3,M_128_3.mp4_sec_0028.jpg,5,195.4816,19.9316,34.1142
M_128_3,M_128_3.mp4_sec_0029.jpg,1,197.1001,14.2697,30.1169
M_128_3,M_128_3.mp4_sec_0029.jpg,2,195.2552,15.9387,30.4324
M_128_3,M_128_3.mp4_sec_0029.jpg,3,193.7159,13.7955,28.3274
M_128_3,M_128_3.mp4_sec_0029.jpg,4,194.5902,16.1604,31.1661
M_128_3,M_128_3.mp4_sec_0029.jpg,5,195.2024,16.1768,30.6638
M_128_3,M_128_3.mp4_sec_0030.jpg,1,196.285,10.2457,27.4325
M_128_3,M_128_3.mp4_sec_0030.jpg,2,196.6266,14.0182,30.0159
M_128_3,M_128_3.mp4_sec_0030.jpg,3,196.9491,13.7403,28.3108
M_128_3,M_128_3.mp4_sec_0030.jpg,4,196.2175,13.5032,28.0179
M_128_3,M_128_3.mp4_sec_0030.jpg,5,195.2262,11.9977,25.333
M_128_3,M_128_3.mp4_sec_0031.jpg,1,197.301,14.3751,29.8022
M_128_3,M_128_3.mp4_sec_0031.jpg,2,194.9533,14.1171,27.1032
M_128_3,M_128_3.mp4_sec_0031.jpg,3,195.6791,15.8996,30.2495
M_128_3,M_128_3.mp4_sec_0031.jpg,4,194.8923,12.89,26.8726
M_128_3,M_128_3.mp4_sec_0031.jpg,5,195.2367,13.3438,27.1795
M_128_3,M_128_3.mp4_sec_0032.jpg,1,197.2293,14.6082,29.9728
M_128_3,M_128_3.mp4_sec_0032.jpg,2,195.9919,15.2971,30.1117
M_128_3,M_128_3.mp4_sec_0032.jpg,3,194.9058,11.8487,25.3175
M_128_3,M_128_3.mp4_sec_0032.jpg,4,196.3882,12.9084,29.191
M_128_3,M_128_3.mp4_sec_0032.jpg,5,196.1382,9.8757,27.4259
M_128_3,M_128_3.mp4_sec_0033.jpg,1,195.9421,12.1867,27.0471
M_128_3,M_128_3.mp4_sec_0033.jpg,2,195.4405,12.8836,26.7278
M_128_3,M_128_3.mp4_sec_0033.jpg,3,194.7935,12.3443,26.0203
M_128_3,M_128_3.mp4_sec_0033.jpg,4,195.541,14.2342,28.9815
M_128_3,M_128_3.mp4_sec_0033.jpg,5,195.0753,11.9135,26.2596
M_128_3,M_128_3.mp4_sec_0034.jpg,1,195.9822,14.1143,27.1267
M_128_3,M_128_3.mp4_sec_0034.jpg,2,197.0954,12.5084,27.3081
M_128_3,M_128_3.mp4_sec_0034.jpg,3,196.2903,14.3014,28.9849
M_128_3,M_128_3.mp4_sec_0034.jpg,4,195.8051,15.2038,29.3643
M_128_3,M_128_3.mp4_sec_0034.jpg,5,197.4318,14.2077,30.0668
M_136_1,M_136_1.mp4_sec_0000.jpg,1,182.1516,0.2782,21.5209
M_136_1,M_136_1.mp4_sec_0000.jpg,2,181.9577,0.1044,22.8832
M_136_1,M_136_1.mp4_sec_0000.jpg,3,182.0595,0.1352,24.3736
M_136_1,M_136_1.mp4_sec_0000.jpg,4,181.9211,3.7647,31.3951
M_136_1,M_136_1.mp4_sec_0000.jpg,5,181.3064,1.6266,26.0628
M_136_1,M_136_1.mp4_sec_0001.jpg,1,181.1782,0.7987,24.624
M_136_1,M_136_1.mp4_sec_0001.jpg,2,180.781,0.2696,25.7284
M_136_1,M_136_1.mp4_sec_0001.jpg,3,182.5005,0.2015,23.8509
M_136_1,M_136_1.mp4_sec_0001.jpg,4,182.9337,0.1564,24.0341
M_136_1,M_136_1.mp4_sec_0001.jpg,5,181.3253,1.5509,27.4392
M_136_1,M_136_1.mp4_sec_0002.jpg,1,182.2919,0.1846,25.1249
M_136_1,M_136_1.mp4_sec_0002.jpg,2,181.8178,0.1352,25.0088
M_136_1,M_136_1.mp4_sec_0002.jpg,3,182.2363,0.2174,22.8297
M_136_1,M_136_1.mp4_sec_0002.jpg,4,181.5145,2.8152,28.3885
M_136_1,M_136_1.mp4_sec_0002.jpg,5,181.8817,0.2901,24.8143
M_136_1,M_136_1.mp4_sec_0003.jpg,1,183.4493,14.7529,42.672
M_136_1,M_136_1.mp4_sec_0003.jpg,2,182.8337,3.3672,28.3115
M_136_1,M_136_1.mp4_sec_0003.jpg,3,182.2821,0.6375,29.672
M_136_1,M_136_1.mp4_sec_0003.jpg,4,182.5546,0.4044,26.3967
M_136_1,M_136_1.mp4_sec_0003.jpg,5,182.6101,0.1588,23.2969
M_136_1,M_136_1.mp4_sec_0004.jpg,1,181.7038,0.4919,28.0822
M_136_1,M_136_1.mp4_sec_0004.jpg,2,183.4714,2.126,25.737
M_136_1,M_136_1.mp4_sec_0004.jpg,3,181.4612,3.4791,30.4407
M_136_1,M_136_1.mp4_sec_0004.jpg,4,183.3057,9.8863,37.2639
M_136_1,M_136_1.mp4_sec_0004.jpg,5,182.259,0.0745,24.0244
M_136_1,M_136_1.mp4_sec_0005.jpg,1,181.9623,3.9722,33.7311
M_136_1,M_136_1.mp4_sec_0005.jpg,2,182.4881,2.5194,27.6093
M_136_1,M_136_1.mp4_sec_0005.jpg,3,182.078,3.5366,30.0403
M_136_1,M_136_1.mp4_sec_0005.jpg,4,182.8857,8.1048,35.5337
M_136_1,M_136_1.mp4_sec_0005.jpg,5,181.9689,0.4408,27.8705
M_136_1,M_136_1.mp4_sec_0006.jpg,1,181.4444,2.2583,29.3782
M_136_1,M_136_1.mp4_sec_0006.jpg,2,180.8835,0.1075,25.4928
M_136_1,M_136_1.mp4_sec_0006.jpg,3,182.2392,0.1109,22.5658
M_136_1,M_136_1.mp4_sec_0006.jpg,4,183.116,12.1109,39.5114
M_136_1,M_136_1.mp4_sec_0006.jpg,5,182.0382,1.8907,27.8386
M_136_1,M_136_1.mp4_sec_0007.jpg,1,182.4506,0.0569,22.6215
M_136_1,M_136_1.mp4_sec_0007.jpg,2,181.6836,0.3965,24.5227
M_136_1,M_136_1.mp4_sec_0007.jpg,3,182.3544,0.3818,22.0778
M_136_1,M_136_1.mp4_sec_0007.jpg,4,181.7459,0.4389,27.8671
M_136_1,M_136_1.mp4_sec_0007.jpg,5,182.6999,3.7605,30.2651
M_136_1,M_136_1.mp4_sec_0008.jpg,1,181.2791,0.2899,27.4113
M_136_1,M_136_1.mp4_sec_0008.jpg,2,181.5614,0.2241,26.9071
M_136_1,M_136_1.mp4_sec_0008.jpg,3,181.7813,4.0645,30.3051
M_136_1,M_136_1.mp4_sec_0008.jpg,4,182.4085,0.2187,26.0984
M_136_1,M_136_1.mp4_sec_0008.jpg,5,182.7698,0.1781,24.7253
M_136_1,M_136_1.mp4_sec_0009.jpg,1,182.5222,19.112,46.995
M_136_1,M_136_1.mp4_sec_0009.jpg,2,182.2797,0.1075,22.4771
M_136_1,M_136_1.mp4_sec_0009.jpg,3,181.3197,1.1092,25.3822
M_136_1,M_136_1.mp4_sec_0009.jpg,4,182.2899,0.6061,29.8102
M_136_1,M_136_1.mp4_sec_0009.jpg,5,180.759,0.1904,25.8871
M_136_1,M_136_1.mp4_sec_0010.jpg,1,182.3867,0.0649,22.3922
M_136_1,M_136_1.mp4_sec_0010.jpg,2,182.4065,0.05,22.9798
M_136_1,M_136_1.mp4_sec_0010.jpg,3,182.7774,0.1976,24.0675
M_136_1,M_136_1.mp4_sec_0010.jpg,4,182.0573,0.1134,23.4241
M_136_1,M_136_1.mp4_sec_0010.jpg,5,182.5364,0.1299,23.5272
M_136_1,M_136_1.mp4_sec_0011.jpg,1,180.9614,0.0747,25.1599
M_136_1,M_136_1.mp4_sec_0011.jpg,2,182.2068,0.1016,22.1553
M_136_1,M_136_1.mp4_sec_0011.jpg,3,181.1927,0.9879,26.7703
M_136_1,M_136_1.mp4_sec_0011.jpg,4,182.3245,0.113,22.2419
M_136_1,M_136_1.mp4_sec_0011.jpg,5,182.3273,0.0848,24.7923
M_136_1,M_136_1.mp4_sec_0012.jpg,1,182.0361,0.5123,29.0358
M_136_1,M_136_1.mp4_sec_0012.jpg,2,182.0111,0.8119,25.2673
M_136_1,M_136_1.mp4_sec_0012.jpg,3,182.4328,0.1097,22.3177
M_136_1,M_136_1.mp4_sec_0012.jpg,4,182.4235,1.7972,26.3479
M_136_1,M_136_1.mp4_sec_0012.jpg,5,180.5583,0.0665,25.2682
M_136_1,M_136_1.mp4_sec_0013.jpg,1,181.4367,0.1251,23.5414
M_136_1,M_136_1.mp4_sec_0013.jpg,2,181.1976,0.3753,26.4751
M_136_1,M_136_1.mp4_sec_0013.jpg,3,182.3377,0.0979,22.0942
M_136_1,M_136_1.mp4_sec_0013.jpg,4,182.0048,1.2156,25.6665
M_136_1,M_136_1.mp4_sec_0013.jpg,5,180.889,0.1913,25.7618
M_136_1,M_136_1.mp4_sec_0014.jpg,1,183.0064,0.1549,24.733
M_136_1,M_136_1.mp4_sec_0014.jpg,2,181.4423,0.5725,28.6033
M_136_1,M_136_1.mp4_sec_0014.jpg,3,181.3306,0.8709,24.6727
M_136_1,M_136_1.mp4_sec_0014.jpg,4,181.8119,0.0894,23.3079
M_136_1,M_136_1.mp4_sec_0014.jpg,5,180.6918,1.4121,28.4985
M_136_1,M_136_1.mp4_sec_0015.jpg,1,182.1424,0.0778,22.5216
M_136_1,M_136_1.mp4_sec_0015.jpg,2,182.7533,0.169,23.7716
M_136_1,M_136_1.mp4_sec_0015.jpg,3,180.4766,0.3042,27.1144
M_136_1,M_136_1.mp4_sec_0015.jpg,4,180.4595,0.1095,26.3361
M_136_1,M_136_1.mp4_sec_0015.jpg,5,182.2819,0.1648,26.0295
M_136_1,M_136_1.mp4_sec_0016.jpg,1,180.8836,2.4252,31.3624
M_136_1,M_136_1.mp4_sec_0016.jpg,2,182.3922,0.1416,22.1146
M_136_1,M_136_1.mp4_sec_0016.jpg,3,182.5918,0.1635,24.7746
M_136_1,M_136_1.mp4_sec_0016.jpg,4,182.2845,0.1375,22.1913
M_136_1,M_136_1.mp4_sec_0016.jpg,5,181.5498,0.5196,28.6269
M_136_1,M_136_1.mp4_sec_0017.jpg,1,181.2072,13.5664,40.1493
M_136_1,M_136_1.mp4_sec_0017.jpg,2,182.6322,0.2181,21.8428
M_136_1,M_136_1.mp4_sec_0017.jpg,3,180.6121,0.6325,28.4193
M_136_1,M_136_1.mp4_sec_0017.jpg,4,182.6426,0.0737,23.7875
M_136_1,M_136_1.mp4_sec_0017.jpg,5,181.8591,0.7625,25.9014
M_136_1,M_136_1.mp4_sec_0018.jpg,1,182.114,1.5967,27.7492
M_136_1,M_136_1.mp4_sec_0018.jpg,2,182.3527,0.1683,23.0304
M_136_1,M_136_1.mp4_sec_0018.jpg,3,181.1238,0.0949,25.3892
M_136_1,M_136_1.mp4_sec_0018.jpg,4,182.033,0.1513,22.65
M_136_1,M_136_1.mp4_sec_0018.jpg,5,181.6869,4.445,31.2341
M_136_1,M_136_1.mp4_sec_0019.jpg,1,182.9168,0.2158,25.2808
M_136_1,M_136_1.mp4_sec_0019.jpg,2,181.041,0.2004,26.2562
M_136_1,M_136_1.mp4_sec_0019.jpg,3,182.4404,0.1589,23.5652
M_136_1,M_136_1.mp4_sec_0019.jpg,4,181.5943,0.9629,26.2515
M_136_1,M_136_1.mp4_sec_0019.jpg,5,182.0829,0.0803,22.6875
M_136_1,M_136_1.mp4_sec_0020.jpg,1,181.3572,0.2352,27.2261
M_136_1,M_136_1.mp4_sec_0020.jpg,2,182.5214,17.4825,44.1733
M_136_1,M_136_1.mp4_sec_0020.jpg,3,182.7268,0.2278,24.4443
M_136_1,M_136_1.mp4_sec_0020.jpg,4,182.4454,0.4337,26.4193
M_136_1,M_136_1.mp4_sec_0020.jpg,5,181.3285,0.0525,24.1722
M_136_1,M_136_1.mp4_sec_0021.jpg,1,181.3576,0.2096,26.1479
M_136_1,M_136_1.mp4_sec_0021.jpg,2,181.8606,0.2015,23.7538
M_136_1,M_136_1.mp4_sec_0021.jpg,3,181.8862,0.1815,23.5155
M_136_1,M_136_1.mp4_sec_0021.jpg,4,181.0298,0.6551,27.5242
M_136_1,M_136_1.mp4_sec_0021.jpg,5,182.0057,0.1144,23.5744
M_136_1,M_136_1.mp4_sec_0022.jpg,1,182.2235,0.0808,23.0825
M_136_1,M_136_1.mp4_sec_0022.jpg,2,182.23,0.1062,21.9314
M_136_1,M_136_1.mp4_sec_0022.jpg,3,181.7164,0.3809,27.9867
M_136_1,M_136_1.mp4_sec_0022.jpg,4,181.2647,9.587,36.8843
M_136_1,M_136_1.mp4_sec_0022.jpg,5,180.8486,2.542,31.559
M_136_1,M_136_1.mp4_sec_0023.jpg,1,183.3576,7.2936,34.2
M_136_1,M_136_1.mp4_sec_0023.jpg,2,181.2565,0.4462,28.4801
M_136_1,M_136_1.mp4_sec_0023.jpg,3,182.3566,0.1184,23.6133
M_136_1,M_136_1.mp4_sec_0023.jpg,4,181.7297,0.5776,28.4456
M_136_1,M_136_1.mp4_sec_0023.jpg,5,182.0015,0.2135,21.8276
M_136_1,M_136_1.mp4_sec_0024.jpg,1,182.0606,2.6399,28.641
M_136_1,M_136_1.mp4_sec_0024.jpg,2,181.8738,0.8576,25.6202
M_136_1,M_136_1.mp4_sec_0024.jpg,3,181.081,0.1961,26.9032
M_136_1,M_136_1.mp4_sec_0024.jpg,4,180.731,0.0986,25.0554
M_136_1,M_136_1.mp4_sec_0024.jpg,5,180.9307,0.1852,26.0549
M_136_1,M_136_1.mp4_sec_0025.jpg,1,181.5718,0.5018,28.5006
M_136_1,M_136_1.mp4_sec_0025.jpg,2,182.3092,8.408,35.4504
M_136_1,M_136_1.mp4_sec_0025.jpg,3,182.6771,13.6449,41.1416
M_136_1,M_136_1.mp4_sec_0025.jpg,4,182.8912,12.3492,40.1277
M_136_1,M_136_1.mp4_sec_0025.jpg,5,182.4319,0.1205,23.0007
M_136_1,M_136_1.mp4_sec_0026.jpg,1,181.8929,4.1008,33.6339
M_136_1,M_136_1.mp4_sec_0026.jpg,2,182.2208,17.9027,44.8015
M_136_1,M_136_1.mp4_sec_0026.jpg,3,182.6539,0.1525,24.0997
M_136_1,M_136_1.mp4_sec_0026.jpg,4,182.2984,0.0489,22.3184
M_136_1,M_136_1.mp4_sec_0026.jpg,5,182.6699,16.5681,44.5957
M_136_1,M_136_1.mp4_sec_0027.jpg,1,183.2505,3.4049,28.6358
M_136_1,M_136_1.mp4_sec_0027.jpg,2,181.805,0.471,29.0988
M_136_1,M_136_1.mp4_sec_0027.jpg,3,182.7258,0.1479,24.8156
M_136_1,M_136_1.mp4_sec_0027.jpg,4,182.4518,0.1404,23.7158
M_136_1,M_136_1.mp4_sec_0027.jpg,5,181.3686,5.0228,31.801
M_136_1,M_136_1.mp4_sec_0028.jpg,1,182.1214,0.1681,22.7698
M_136_1,M_136_1.mp4_sec_0028.jpg,2,182.8384,7.6464,34.8666
M_136_1,M_136_1.mp4_sec_0028.jpg,3,183.4401,3.4555,28.1168
M_136_1,M_136_1.mp4_sec_0028.jpg,4,180.6661,0.2572,27.5186
M_136_1,M_136_1.mp4_sec_0028.jpg,5,182.1689,0.17,22.8227
M_136_1,M_136_1.mp4_sec_0029.jpg,1,181.8525,0.1088,22.2187
M_136_1,M_136_1.mp4_sec_0029.jpg,2,181.5544,0.1564,25.0245
M_136_1,M_136_1.mp4_sec_0029.jpg,3,182.4332,3.1205,33.5459
M_136_1,M_136_1.mp4_sec_0029.jpg,4,181.1016,3.9748,32.2313
M_136_1,M_136_1.mp4_sec_0029.jpg,5,181.329,18.0556,44.0143
M_136_1,M_136_1.mp4_sec_0030.jpg,1,182.6954,0.1656,25.5489
M_136_1,M_136_1.mp4_sec_0030.jpg,2,180.8548,0.1984,25.6879
M_136_1,M_136_1.mp4_sec_0030.jpg,3,183.9059,3.2795,26.8802
M_136_1,M_136_1.mp4_sec_0030.jpg,4,182.5022,0.0996,24.854
M_136_1,M_136_1.mp4_sec_0030.jpg,5,182.4004,0.1141,22.1306
M_136_2,M_136_2.mp4_sec_0000.jpg,1,181.3704,0.1751,24.3012
M_136_2,M_136_2.mp4_sec_0000.jpg,2,181.8928,0.2286,22.3799
M_136_2,M_136_2.mp4_sec_0000.jpg,3,182.6013,1.2499,24.115
M_136_2,M_136_2.mp4_sec_0000.jpg,4,182.8821,0.8569,22.9794
M_136_2,M_136_2.mp4_sec_0000.jpg,5,181.806,0.0873,23.0299
M_136_2,M_136_2.mp4_sec_0001.jpg,1,180.4847,0.1634,25.7399
M_136_2,M_136_2.mp4_sec_0001.jpg,2,180.6524,0.3671,27.6152
M_136_2,M_136_2.mp4_sec_0001.jpg,3,181.8719,0.1247,24.7167
M_136_2,M_136_2.mp4_sec_0001.jpg,4,181.7401,0.1471,22.586
M_136_2,M_136_2.mp4_sec_0001.jpg,5,181.1566,0.1491,23.3638
M_136_2,M_136_2.mp4_sec_0002.jpg,1,181.1482,2.5872,27.5665
M_136_2,M_136_2.mp4_sec_0002.jpg,2,182.8295,4.9247,31.2846
M_136_2,M_136_2.mp4_sec_0002.jpg,3,181.8837,0.0612,24.1049
M_136_2,M_136_2.mp4_sec_0002.jpg,4,182.7328,7.2984,34.2722
M_136_2,M_136_2.mp4_sec_0002.jpg,5,180.2132,0.0595,25.6852
M_136_2,M_136_2.mp4_sec_0003.jpg,1,182.2291,0.1225,23.6727
M_136_2,M_136_2.mp4_sec_0003.jpg,2,180.6085,0.3981,27.4437
M_136_2,M_136_2.mp4_sec_0003.jpg,3,181.7707,3.0345,29.45
M_136_2,M_136_2.mp4_sec_0003.jpg,4,182.5461,2.6762,26.7238
M_136_2,M_136_2.mp4_sec_0003.jpg,5,181.7333,0.2614,23.2471
M_136_2,M_136_2.mp4_sec_0004.jpg,1,180.4791,12.5748,38.2843
M_136_2,M_136_2.mp4_sec_0004.jpg,2,180.9881,0.1418,23.1972
M_136_2,M_136_2.mp4_sec_0004.jpg,3,182.4033,0.1939,23.8419
M_136_2,M_136_2.mp4_sec_0004.jpg,4,181.5946,0.0552,22.9362
M_136_2,M_136_2.mp4_sec_0004.jpg,5,181.2999,2.7878,31.1744
M_136_2,M_136_2.mp4_sec_0005.jpg,1,181.3439,0.5276,27.7682
M_136_2,M_136_2.mp4_sec_0005.jpg,2,181.1628,0.4147,25.552
M_136_2,M_136_2.mp4_sec_0005.jpg,3,181.9414,0.2116,26.6413
M_136_2,M_136_2.mp4_sec_0005.jpg,4,180.9535,0.1619,25.0069
M_136_2,M_136_2.mp4_sec_0005.jpg,5,181.5721,5.1033,34.5418
M_136_2,M_136_2.mp4_sec_0006.jpg,1,182.0546,0.1583,24.8293
M_136_2,M_136_2.mp4_sec_0006.jpg,2,181.9005,0.6015,22.4761
M_136_2,M_136_2.mp4_sec_0006.jpg,3,181.9321,2.8569,29.462
M_136_2,M_136_2.mp4_sec_0006.jpg,4,180.9609,0.4345,25.7402
M_136_2,M_136_2.mp4_sec_0006.jpg,5,182.3112,0.2516,25.5599
M_136_2,M_136_2.mp4_sec_0007.jpg,1,181.1428,1.6908,27.8315
M_136_2,M_136_2.mp4_sec_0007.jpg,2,180.8616,2.5414,31.2198
M_136_2,M_136_2.mp4_sec_0007.jpg,3,180.6891,0.1152,24.2605
M_136_2,M_136_2.mp4_sec_0007.jpg,4,182.153,0.188,25.9098
M_136_2,M_136_2.mp4_sec_0007.jpg,5,181.1588,1.4091,26.5305
M_136_2,M_136_2.mp4_sec_0008.jpg,1,181.2382,3.2204,28.6406
M_136_2,M_136_2.mp4_sec_0008.jpg,2,181.1066,0.1264,23.9236
M_136_2,M_136_2.mp4_sec_0008.jpg,3,179.4297,0.5118,27.4163
M_136_2,M_136_2.mp4_sec_0008.jpg,4,181.7255,0.0549,22.5006
M_136_2,M_136_2.mp4_sec_0008.jpg,5,180.3433,10.0927,35.0834
M_136_2,M_136_2.mp4_sec_0009.jpg,1,181.2241,0.3322,26.8061
M_136_2,M_136_2.mp4_sec_0009.jpg,2,181.1909,0.0895,25.7779
M_136_2,M_136_2.mp4_sec_0009.jpg,3,181.3981,0.1323,23.7246
M_136_2,M_136_2.mp4_sec_0009.jpg,4,181.1064,0.1183,23.7963
M_136_2,M_136_2.mp4_sec_0009.jpg,5,181.6662,0.0701,22.6395
M_136_2,M_136_2.mp4_sec_0010.jpg,1,180.7136,0.16,25.6539
M_136_2,M_136_2.mp4_sec_0010.jpg,2,181.4161,2.7688,28.8595
M_136_2,M_136_2.mp4_sec_0010.jpg,3,181.4435,3.3442,29.7992
M_136_2,M_136_2.mp4_sec_0010.jpg,4,179.9544,0.4769,28.1232
M_136_2,M_136_2.mp4_sec_0010.jpg,5,181.7233,0.079,21.5961
M_136_2,M_136_2.mp4_sec_0011.jpg,1,183.0336,2.1316,24.9505
M_136_2,M_136_2.mp4_sec_0011.jpg,2,180.0807,0.1227,23.7616
M_136_2,M_136_2.mp4_sec_0011.jpg,3,179.8184,0.6199,27.9233
M_136_2,M_136_2.mp4_sec_0011.jpg,4,180.481,8.1883,34.3326
M_136_2,M_136_2.mp4_sec_0011.jpg,5,181.912,0.0885,21.7378
M_136_2,M_136_2.mp4_sec_0012.jpg,1,181.3428,0.1057,23.8297
M_136_2,M_136_2.mp4_sec_0012.jpg,2,181.5606,3.9084,32.9434
M_136_2,M_136_2.mp4_sec_0012.jpg,3,180.4076,0.3023,25.7499
M_136_2,M_136_2.mp4_sec_0012.jpg,4,181.8852,0.1586,25.0801
M_136_2,M_136_2.mp4_sec_0012.jpg,5,181.4819,0.1612,22.7472
M_136_2,M_136_2.mp4_sec_0013.jpg,1,180.1626,0.1049,24.6751
M_136_2,M_136_2.mp4_sec_0013.jpg,2,180.709,0.6508,24.3898
M_136_2,M_136_2.mp4_sec_0013.jpg,3,180.2271,0.0449,24.7909
M_136_2,M_136_2.mp4_sec_0013.jpg,4,180.2254,0.0699,24.7574
M_136_2,M_136_2.mp4_sec_0013.jpg,5,181.0304,1.9635,27.5946
M_136_2,M_136_2.mp4_sec_0014.jpg,1,179.9716,0.0742,24.246
M_136_2,M_136_2.mp4_sec_0014.jpg,2,181.3326,0.1656,23.9342
M_136_2,M_136_2.mp4_sec_0014.jpg,3,181.9313,0.0416,21.9145
M_136_2,M_136_2.mp4_sec_0014.jpg,4,180.6531,3.7031,32.1841
M_136_2,M_136_2.mp4_sec_0014.jpg,5,180.4877,1.4945,26.5897
M_136_2,M_136_2.mp4_sec_0015.jpg,1,181.4789,0.1492,22.2908
M_136_2,M_136_2.mp4_sec_0015.jpg,2,181.8092,0.0904,22.2783
M_136_2,M_136_2.mp4_sec_0015.jpg,3,181.403,0.0682,24.3631
M_136_2,M_136_2.mp4_sec_0015.jpg,4,180.2882,1.2325,26.1277
M_136_2,M_136_2.mp4_sec_0015.jpg,5,179.9033,0.0611,23.9996
M_136_2,M_136_2.mp4_sec_0016.jpg,1,180.6416,2.8734,28.2819
M_136_2,M_136_2.mp4_sec_0016.jpg,2,180.1888,0.0985,23.9456
M_136_2,M_136_2.mp4_sec_0016.jpg,3,180.2253,3.7022,32.0718
M_136_2,M_136_2.mp4_sec_0016.jpg,4,180.2293,0.607,26.2447
M_136_2,M_136_2.mp4_sec_0016.jpg,5,181.7725,0.0696,21.7035
M_136_2,M_136_2.mp4_sec_0017.jpg,1,181.7852,0.0672,21.9835
M_136_2,M_136_2.mp4_sec_0017.jpg,2,182.8829,2.0255,25.3623
M_136_2,M_136_2.mp4_sec_0017.jpg,3,179.7413,0.2966,27.2094
M_136_2,M_136_2.mp4_sec_0017.jpg,4,179.6039,0.1146,26.0647
M_136_2,M_136_2.mp4_sec_0017.jpg,5,180.7077,0.2854,27.4371
M_136_2,M_136_2.mp4_sec_0018.jpg,1,180.9778,0.0842,22.1929
M_136_2,M_136_2.mp4_sec_0018.jpg,2,179.7035,0.0956,23.4434
M_136_2,M_136_2.mp4_sec_0018.jpg,3,179.3251,0.1734,26.0363
M_136_2,M_136_2.mp4_sec_0018.jpg,4,182.2185,3.0414,26.3147
M_136_2,M_136_2.mp4_sec_0018.jpg,5,180.3984,0.5861,28.4297
M_136_2,M_136_2.mp4_sec_0019.jpg,1,181.7544,3.5372,29.243
M_136_2,M_136_2.mp4_sec_0019.jpg,2,180.7513,0.0722,22.2159
M_136_2,M_136_2.mp4_sec_0019.jpg,3,178.8775,0.2077,25.7498
M_136_2,M_136_2.mp4_sec_0019.jpg,4,180.7636,0.0767,21.9359
M_136_2,M_136_2.mp4_sec_0019.jpg,5,179.072,0.8679,26.9659
M_136_2,M_136_2.mp4_sec_0020.jpg,1,180.8833,16.7771,44.4432
M_136_2,M_136_2.mp4_sec_0020.jpg,2,182.0731,0.7088,22.9313
M_136_2,M_136_2.mp4_sec_0020.jpg,3,180.8007,0.1465,22.3815
M_136_2,M_136_2.mp4_sec_0020.jpg,4,180.7141,0.1308,23.596
M_136_2,M_136_2.mp4_sec_0020.jpg,5,180.2159,0.1438,24.0106
M_136_2,M_136_2.mp4_sec_0021.jpg,1,182.1703,3.0033,27.0708
M_136_2,M_136_2.mp4_sec_0021.jpg,2,180.5139,4.8947,30.8198
M_136_2,M_136_2.mp4_sec_0021.jpg,3,180.1006,0.1042,25.7278
M_136_2,M_136_2.mp4_sec_0021.jpg,4,181.2085,0.1126,22.8812
M_136_2,M_136_2.mp4_sec_0021.jpg,5,180.9598,0.0993,23.5692
M_136_2,M_136_2.mp4_sec_0022.jpg,1,180.7469,0.0716,22.2016
M_136_2,M_136_2.mp4_sec_0022.jpg,2,180.6683,0.1438,23.7335
M_136_2,M_136_2.mp4_sec_0022.jpg,3,180.924,14.583,42.3564
M_136_2,M_136_2.mp4_sec_0022.jpg,4,181.1049,0.0456,21.7958
M_136_2,M_136_2.mp4_sec_0022.jpg,5,179.6656,1.9335,26.8751
M_136_2,M_136_2.mp4_sec_0023.jpg,1,180.404,0.241,22.932
M_136_2,M_136_2.mp4_sec_0023.jpg,2,179.7213,16.733,42.472
M_136_2,M_136_2.mp4_sec_0023.jpg,3,180.6623,0.1338,23.1297
M_136_2,M_136_2.mp4_sec_0023.jpg,4,179.6104,0.0406,24.0951
M_136_2,M_136_2.mp4_sec_0023.jpg,5,179.5675,0.1041,23.0667
M_136_2,M_136_2.mp4_sec_0024.jpg,1,178.935,2.4835,29.7736
M_136_2,M_136_2.mp4_sec_0024.jpg,2,180.4668,1.7262,26.9364
M_136_2,M_136_2.mp4_sec_0024.jpg,3,179.7718,0.2339,23.0154
M_136_2,M_136_2.mp4_sec_0024.jpg,4,181.7328,0.9141,23.1445
M_136_2,M_136_2.mp4_sec_0024.jpg,5,181.0604,2.8621,27.5048
M_136_2,M_136_2.mp4_sec_0025.jpg,1,181.0508,0.0489,21.1753
M_136_2,M_136_2.mp4_sec_0025.jpg,2,179.9437,3.6489,32.4997
M_136_2,M_136_2.mp4_sec_0025.jpg,3,180.3399,0.2706,26.6749
M_136_2,M_136_2.mp4_sec_0025.jpg,4,180.8419,5.1898,30.636
M_136_2,M_136_2.mp4_sec_0025.jpg,5,179.6727,0.1294,24.0206
M_136_2,M_136_2.mp4_sec_0026.jpg,1,180.4398,0.0817,22.0979
M_136_2,M_136_2.mp4_sec_0026.jpg,2,180.3101,0.0868,21.801
M_136_2,M_136_2.mp4_sec_0026.jpg,3,180.2027,3.504,31.8506
M_136_2,M_136_2.mp4_sec_0026.jpg,4,179.531,0.1519,25.5359
M_136_2,M_136_2.mp4_sec_0026.jpg,5,180.3654,0.0927,23.336
M_136_2,M_136_2.mp4_sec_0027.jpg,1,179.8959,0.1537,25.246
M_136_2,M_136_2.mp4_sec_0027.jpg,2,180.3512,0.1852,23.5233
M_136_2,M_136_2.mp4_sec_0027.jpg,3,180.6546,0.2281,25.8004
M_136_2,M_136_2.mp4_sec_0027.jpg,4,180.6863,0.1936,25.4722
M_136_2,M_136_2.mp4_sec_0027.jpg,5,180.9765,0.075,22.1949
M_136_2,M_136_2.mp4_sec_0028.jpg,1,180.1577,0.9696,26.6172
M_136_2,M_136_2.mp4_sec_0028.jpg,2,180.9329,0.1329,22.0465
M_136_2,M_136_2.mp4_sec_0028.jpg,3,179.762,0.0851,25.5791
M_136_2,M_136_2.mp4_sec_0028.jpg,4,180.0024,0.0899,23.1537
M_136_2,M_136_2.mp4_sec_0028.jpg,5,180.9753,4.7898,30.8623
M_136_2,M_136_2.mp4_sec_0029.jpg,1,180.2993,0.1216,22.085
M_136_2,M_136_2.mp4_sec_0029.jpg,2,178.7311,0.33,27.2368
M_136_2,M_136_2.mp4_sec_0029.jpg,3,178.7139,1.1081,27.587
M_136_2,M_136_2.mp4_sec_0029.jpg,4,180.0491,0.7773,26.0381
M_136_2,M_136_2.mp4_sec_0029.jpg,5,181.6176,0.0941,21.4859
M_136_2,M_136_2.mp4_sec_0030.jpg,1,180.4758,0.0771,22.9448
M_136_2,M_136_2.mp4_sec_0030.jpg,2,179.1006,0.6606,26.4844
M_136_2,M_136_2.mp4_sec_0030.jpg,3,179.1242,0.0777,25.7919
M_136_2,M_136_2.mp4_sec_0030.jpg,4,181.5105,3.6075,29.5944
M_136_2,M_136_2.mp4_sec_0030.jpg,5,180.8522,0.058,22.2597
M_136_2,M_136_2.mp4_sec_0031.jpg,1,179.9429,0.2306,26.7612
M_136_2,M_136_2.mp4_sec_0031.jpg,2,181.3235,0.2136,22.3465
M_136_2,M_136_2.mp4_sec_0031.jpg,3,181.9385,0.1048,23.8459
M_136_2,M_136_2.mp4_sec_0031.jpg,4,180.9679,0.1636,26.1035
M_136_2,M_136_2.mp4_sec_0031.jpg,5,180.3036,12.1586,38.6108
M_136_2,M_136_2.mp4_sec_0032.jpg,1,181.0799,0.5566,28.8476
M_136_2,M_136_2.mp4_sec_0032.jpg,2,182.0238,16.9037,44.4701
M_136_2,M_136_2.mp4_sec_0032.jpg,3,182.3889,13.7588,41.5487
M_136_2,M_136_2.mp4_sec_0032.jpg,4,181.9991,0.1154,22.3384
M_136_2,M_136_2.mp4_sec_0032.jpg,5,182.2406,15.9179,43.6219
M_136_2,M_136_2.mp4_sec_0033.jpg,1,182.9533,10.5071,37.4843
M_136_2,M_136_2.mp4_sec_0033.jpg,2,181.7691,5.1062,34.3846
M_136_2,M_136_2.mp4_sec_0033.jpg,3,182.5299,3.8834,30.3395
M_136_2,M_136_2.mp4_sec_0033.jpg,4,180.3992,0.0798,25.4031
M_136_2,M_136_2.mp4_sec_0033.jpg,5,180.2601,0.057,25.1013
M_136_2,M_136_2.mp4_sec_0034.jpg,1,180.8722,0.3279,27.8729
M_136_2,M_136_2.mp4_sec_0034.jpg,2,180.6962,9.4317,36.1101
M_136_2,M_136_2.mp4_sec_0034.jpg,3,181.693,0.2738,26.2851
M_136_2,M_136_2.mp4_sec_0034.jpg,4,182.6106,3.1515,26.7191
M_136_2,M_136_2.mp4_sec_0034.jpg,5,181.3116,0.6223,24.5042
M_136_3,M_136_3.mp4_sec_0000.jpg,1,181.7057,0.1303,23.4436
M_136_3,M_136_3.mp4_sec_0000.jpg,2,180.684,0.2492,24.6508
M_136_3,M_136_3.mp4_sec_0000.jpg,3,179.6035,0.672,26.9137
M_136_3,M_136_3.mp4_sec_0000.jpg,4,181.9786,0.0719,22.1869
M_136_3,M_136_3.mp4_sec_0000.jpg,5,183.2296,2.7419,25.6809
M_136_3,M_136_3.mp4_sec_0001.jpg,1,181.6921,0.0791,22.4943
M_136_3,M_136_3.mp4_sec_0001.jpg,2,181.3841,3.7034,32.3433
M_136_3,M_136_3.mp4_sec_0001.jpg,3,180.2293,0.1153,25.8169
M_136_3,M_136_3.mp4_sec_0001.jpg,4,181.7711,0.0838,21.8209
M_136_3,M_136_3.mp4_sec_0001.jpg,5,182.2437,13.4039,41.0515
M_136_3,M_136_3.mp4_sec_0002.jpg,1,181.4729,0.118,23.3167
M_136_3,M_136_3.mp4_sec_0002.jpg,2,183.3995,2.925,26.6279
M_136_3,M_136_3.mp4_sec_0002.jpg,3,182.2729,9.0788,35.9547
M_136_3,M_136_3.mp4_sec_0002.jpg,4,180.0577,0.1827,25.7338
M_136_3,M_136_3.mp4_sec_0002.jpg,5,181.4684,0.1145,22.7047
M_136_3,M_136_3.mp4_sec_0003.jpg,1,182.0086,6.5438,33.4451
M_136_3,M_136_3.mp4_sec_0003.jpg,2,180.5126,0.7068,24.5207
M_136_3,M_136_3.mp4_sec_0003.jpg,3,181.1866,0.1051,23.8071
M_136_3,M_136_3.mp4_sec_0003.jpg,4,181.7615,0.126,23.1005
M_136_3,M_136_3.mp4_sec_0003.jpg,5,179.9634,0.1181,23.0055
M_136_3,M_136_3.mp4_sec_0004.jpg,1,182.27,8.485,35.2236
M_136_3,M_136_3.mp4_sec_0004.jpg,2,179.6718,0.3661,26.6099
M_136_3,M_136_3.mp4_sec_0004.jpg,3,181.7352,0.0923,22.2139
M_136_3,M_136_3.mp4_sec_0004.jpg,4,181.6824,0.0993,22.2676
M_136_3,M_136_3.mp4_sec_0004.jpg,5,181.1179,3.7291,32.115
M_136_3,M_136_3.mp4_sec_0005.jpg,1,180.794,0.1017,22.6443
M_136_3,M_136_3.mp4_sec_0005.jpg,2,180.6769,3.7722,32.7444
M_136_3,M_136_3.mp4_sec_0005.jpg,3,181.3378,3.7388,30.2296
M_136_3,M_136_3.mp4_sec_0005.jpg,4,181.7799,0.1858,26.2365
M_136_3,M_136_3.mp4_sec_0005.jpg,5,180.9901,0.1672,26.3844
M_136_3,M_136_3.mp4_sec_0006.jpg,1,181.1968,0.0785,22.3658
M_136_3,M_136_3.mp4_sec_0006.jpg,2,181.6824,0.1851,23.1109
M_136_3,M_136_3.mp4_sec_0006.jpg,3,181.1097,0.0896,24.5972
M_136_3,M_136_3.mp4_sec_0006.jpg,4,182.0115,0.1322,23.9756
M_136_3,M_136_3.mp4_sec_0006.jpg,5,181.1032,0.4334,26.9953
M_136_3,M_136_3.mp4_sec_0007.jpg,1,182.024,11.6205,39.3761
M_136_3,M_136_3.mp4_sec_0007.jpg,2,180.397,0.0772,25.2303
M_136_3,M_136_3.mp4_sec_0007.jpg,3,181.3357,0.1418,23.6968
M_136_3,M_136_3.mp4_sec_0007.jpg,4,180.5317,1.9087,28.6425
M_136_3,M_136_3.mp4_sec_0007.jpg,5,182.0848,12.9275,40.846
M_136_3,M_136_3.mp4_sec_0008.jpg,1,180.1575,0.2152,24.7661
M_136_3,M_136_3.mp4_sec_0008.jpg,2,180.9179,0.5306,27.3868
M_136_3,M_136_3.mp4_sec_0008.jpg,3,180.5775,0.0892,23.2859
M_136_3,M_136_3.mp4_sec_0008.jpg,4,181.7577,1.6161,26.3577
M_136_3,M_136_3.mp4_sec_0008.jpg,5,181.4172,0.1154,22.9571
M_136_3,M_136_3.mp4_sec_0009.jpg,1,181.5705,17.1423,44.5989
M_136_3,M_136_3.mp4_sec_0009.jpg,2,179.4079,0.3291,26.9925
M_136_3,M_136_3.mp4_sec_0009.jpg,3,182.1866,11.7101,39.6612
M_136_3,M_136_3.mp4_sec_0009.jpg,4,179.8427,0.1282,25.7839
M_136_3,M_136_3.mp4_sec_0009.jpg,5,179.3104,0.4101,26.891
M_136_3,M_136_3.mp4_sec_0010.jpg,1,182.1813,0.5079,22.7626
M_136_3,M_136_3.mp4_sec_0010.jpg,2,181.607,1.2929,24.5523
M_136_3,M_136_3.mp4_sec_0010.jpg,3,181.3128,0.1156,23.5406
M_136_3,M_136_3.mp4_sec_0010.jpg,4,181.8075,0.1082,22.0527
M_136_3,M_136_3.mp4_sec_0010.jpg,5,181.4915,0.1209,22.619
M_136_3,M_136_3.mp4_sec_0011.jpg,1,180.9306,0.151,23.4829
M_136_3,M_136_3.mp4_sec_0011.jpg,2,182.5882,3.2617,27.1957
M_136_3,M_136_3.mp4_sec_0011.jpg,3,182.5583,8.342,35.8443
M_136_3,M_136_3.mp4_sec_0011.jpg,4,180.5988,0.9122,25.7459
M_136_3,M_136_3.mp4_sec_0011.jpg,5,181.3662,4.4686,30.3153
M_136_3,M_136_3.mp4_sec_0012.jpg,1,180.119,17.6611,43.7226
M_136_3,M_136_3.mp4_sec_0012.jpg,2,182.1746,0.6006,23.3286
M_136_3,M_136_3.mp4_sec_0012.jpg,3,181.1086,0.1239,23.6901
M_136_3,M_136_3.mp4_sec_0012.jpg,4,181.6991,0.0821,24.0509
M_136_3,M_136_3.mp4_sec_0012.jpg,5,181.5817,0.0974,23.6492
M_136_3,M_136_3.mp4_sec_0013.jpg,1,181.8516,11.6,39.4086
M_136_3,M_136_3.mp4_sec_0013.jpg,2,180.7383,0.1238,26.2114
M_136_3,M_136_3.mp4_sec_0013.jpg,3,181.0729,0.1005,23.9201
M_136_3,M_136_3.mp4_sec_0013.jpg,4,181.1573,0.0923,23.7912
M_136_3,M_136_3.mp4_sec_0013.jpg,5,180.3782,0.548,27.0441
M_136_3,M_136_3.mp4_sec_0014.jpg,1,181.1542,3.232,32.7401
M_136_3,M_136_3.mp4_sec_0014.jpg,2,180.8479,17.0171,43.9203
M_136_3,M_136_3.mp4_sec_0014.jpg,3,180.0308,0.0853,22.417
M_136_3,M_136_3.mp4_sec_0014.jpg,4,181.0952,0.3079,26.5675
M_136_3,M_136_3.mp4_sec_0014.jpg,5,180.3339,0.1589,22.6968
M_136_3,M_136_3.mp4_sec_0015.jpg,1,180.0011,0.2454,26.7606
M_136_3,M_136_3.mp4_sec_0015.jpg,2,182.037,10.0782,36.8788
M_136_3,M_136_3.mp4_sec_0015.jpg,3,180.0042,0.1414,24.4551
M_136_3,M_136_3.mp4_sec_0015.jpg,4,180.2714,0.1881,25.4786
M_136_3,M_136_3.mp4_sec_0015.jpg,5,181.3478,0.0573,21.7668
M_136_3,M_136_3.mp4_sec_0016.jpg,1,180.02,0.1375,24.7833
M_136_3,M_136_3.mp4_sec_0016.jpg,2,181.5907,0.1772,24.0476
M_136_3,M_136_3.mp4_sec_0016.jpg,3,181.2808,3.9216,29.7429
M_136_3,M_136_3.mp4_sec_0016.jpg,4,179.0402,0.5766,27.7867
M_136_3,M_136_3.mp4_sec_0016.jpg,5,181.9674,11.0436,38.3881
M_136_3,M_136_3.mp4_sec_0017.jpg,1,179.9118,0.9281,25.8638
M_136_3,M_136_3.mp4_sec_0017.jpg,2,181.3918,0.1081,23.6126
M_136_3,M_136_3.mp4_sec_0017.jpg,3,181.3737,0.0962,24.311
M_136_3,M_136_3.mp4_sec_0017.jpg,4,180.3309,0.0538,24.5644
M_136_3,M_136_3.mp4_sec_0017.jpg,5,180.0664,0.0536,25.5231
M_136_3,M_136_3.mp4_sec_0018.jpg,1,181.4284,0.1384,24.2165
M_136_3,M_136_3.mp4_sec_0018.jpg,2,181.5591,0.2183,25.3572
M_136_3,M_136_3.mp4_sec_0018.jpg,3,179.9805,0.1086,22.8187
M_136_3,M_136_3.mp4_sec_0018.jpg,4,181.2678,0.0787,22.1088
M_136_3,M_136_3.mp4_sec_0018.jpg,5,182.8638,1.5544,24.3819
M_136_3,M_136_3.mp4_sec_0019.jpg,1,180.2308,0.0954,23.1299
M_136_3,M_136_3.mp4_sec_0019.jpg,2,180.7822,4.6593,33.5249
M_136_3,M_136_3.mp4_sec_0019.jpg,3,181.13,0.1407,26.369
M_136_3,M_136_3.mp4_sec_0019.jpg,4,180.5582,0.3174,23.8771
M_136_3,M_136_3.mp4_sec_0019.jpg,5,182.1115,13.0762,40.9026
M_136_3,M_136_3.mp4_sec_0020.jpg,1,181.3066,3.8018,30.1861
M_136_3,M_136_3.mp4_sec_0020.jpg,2,182.2875,0.4811,22.648
M_136_3,M_136_3.mp4_sec_0020.jpg,3,179.1504,0.2386,26.8863
M_136_3,M_136_3.mp4_sec_0020.jpg,4,181.1293,0.0921,22.8852
M_136_3,M_136_3.mp4_sec_0020.jpg,5,181.1844,4.8744,34.6227
M_136_3,M_136_3.mp4_sec_0021.jpg,1,180.5299,0.532,27.883
M_136_3,M_136_3.mp4_sec_0021.jpg,2,182.2476,9.9259,37.3563
M_136_3,M_136_3.mp4_sec_0021.jpg,3,180.7288,0.18,26.8424
M_136_3,M_136_3.mp4_sec_0021.jpg,4,179.5177,1.9201,29.2645
M_136_3,M_136_3.mp4_sec_0021.jpg,5,180.1872,0.0934,23.0969
M_136_3,M_136_3.mp4_sec_0022.jpg,1,181.3667,1.3231,26.2044
M_136_3,M_136_3.mp4_sec_0022.jpg,2,181.4379,0.8055,23.2244
M_136_3,M_136_3.mp4_sec_0022.jpg,3,182.3575,2.5593,26.1566
M_136_3,M_136_3.mp4_sec_0022.jpg,4,179.8423,0.3255,28.2504
M_136_3,M_136_3.mp4_sec_0022.jpg,5,181.2995,0.1648,24.1956
M_136_3,M_136_3.mp4_sec_0023.jpg,1,180.2377,0.1019,26.1198
M_136_3,M_136_3.mp4_sec_0023.jpg,2,181.3286,0.1196,21.937
M_136_3,M_136_3.mp4_sec_0023.jpg,3,180.6544,2.7464,28.6842
M_136_3,M_136_3.mp4_sec_0023.jpg,4,182.1156,8.5444,35.404
M_136_3,M_136_3.mp4_sec_0023.jpg,5,182.4762,3.406,27.7177
M_136_3,M_136_3.mp4_sec_0024.jpg,1,181.1086,0.1617,26.5678
M_136_3,M_136_3.mp4_sec_0024.jpg,2,180.7861,0.146,26.5229
M_136_3,M_136_3.mp4_sec_0024.jpg,3,181.7485,0.1493,23.6899
M_136_3,M_136_3.mp4_sec_0024.jpg,4,180.6665,0.0846,23.1952
M_136_3,M_136_3.mp4_sec_0024.jpg,5,182.094,11.1548,38.8227
M_136_3,M_136_3.mp4_sec_0025.jpg,1,181.5079,0.0641,21.5919
M_136_3,M_136_3.mp4_sec_0025.jpg,2,182.0797,8.2145,35.5465
M_136_3,M_136_3.mp4_sec_0025.jpg,3,181.0002,0.0733,22.3773
M_136_3,M_136_3.mp4_sec_0025.jpg,4,181.1397,1.1874,26.1397
M_136_3,M_136_3.mp4_sec_0025.jpg,5,181.9813,1.1736,24.007
M_136_3,M_136_3.mp4_sec_0026.jpg,1,179.5242,0.223,26.8821
M_136_3,M_136_3.mp4_sec_0026.jpg,2,180.98,1.2786,26.8445
M_136_3,M_136_3.mp4_sec_0026.jpg,3,179.9336,0.3081,27.6219
M_136_3,M_136_3.mp4_sec_0026.jpg,4,181.0259,0.1442,22.3639
M_136_3,M_136_3.mp4_sec_0026.jpg,5,182.6143,1.2975,23.8232
M_136_3,M_136_3.mp4_sec_0027.jpg,1,181.4887,0.2205,24.3282
M_136_3,M_136_3.mp4_sec_0027.jpg,2,179.9208,13.7096,39.6097
M_136_3,M_136_3.mp4_sec_0027.jpg,3,180.5142,0.2054,24.5969
M_136_3,M_136_3.mp4_sec_0027.jpg,4,180.362,11.0579,37.494
M_136_3,M_136_3.mp4_sec_0027.jpg,5,181.5301,0.1271,22.7568
M_136_3,M_136_3.mp4_sec_0028.jpg,1,182.228,0.1156,23.6778
M_136_3,M_136_3.mp4_sec_0028.jpg,2,181.2866,3.6597,32.0057
M_136_3,M_136_3.mp4_sec_0028.jpg,3,180.8795,0.3172,26.7333
M_136_3,M_136_3.mp4_sec_0028.jpg,4,181.5793,0.0568,22.6747
M_136_3,M_136_3.mp4_sec_0028.jpg,5,181.3458,3.6024,32.5566
M_136_3,M_136_3.mp4_sec_0029.jpg,1,181.8642,0.0741,22.1212
M_136_3,M_136_3.mp4_sec_0029.jpg,2,181.3088,0.1647,25.21
M_136_3,M_136_3.mp4_sec_0029.jpg,3,180.915,4.0025,33.4078
M_136_3,M_136_3.mp4_sec_0029.jpg,4,181.853,0.1073,21.8097
M_136_3,M_136_3.mp4_sec_0029.jpg,5,180.9069,0.1723,24.8972
M_136_3,M_136_3.mp4_sec_0030.jpg,1,181.4123,0.2819,23.5588
M_136_3,M_136_3.mp4_sec_0030.jpg,2,181.9888,0.2547,25.164
M_136_3,M_136_3.mp4_sec_0030.jpg,3,182.7242,1.2377,23.9717
M_136_3,M_136_3.mp4_sec_0030.jpg,4,181.0278,1.9215,28.4782
M_136_3,M_136_3.mp4_sec_0030.jpg,5,182.3256,18.6596,46.6443
M_136_3,M_136_3.mp4_sec_0031.jpg,1,182.0068,0.0436,22.4388
M_136_3,M_136_3.mp4_sec_0031.jpg,2,180.2448,0.1422,25.5016
M_136_3,M_136_3.mp4_sec_0031.jpg,3,180.239,0.1466,25.4963
M_136_3,M_136_3.mp4_sec_0031.jpg,4,183.0298,1.4892,23.8616
M_136_3,M_136_3.mp4_sec_0031.jpg,5,180.5487,0.4277,25.6897
M_158_1,M_158_1.mp4_sec_0000.jpg,1,211.2092,111.217,165.1573
M_158_1,M_158_1.mp4_sec_0000.jpg,2,212.1046,111.5556,165.7395
M_158_1,M_158_1.mp4_sec_0000.jpg,3,210.6953,111.5635,163.9764
M_158_1,M_158_1.mp4_sec_0000.jpg,4,210.1499,112.039,162.9876
M_158_1,M_158_1.mp4_sec_0000.jpg,5,212.7141,112.0337,166.3021
M_158_1,M_158_1.mp4_sec_0001.jpg,1,211.9764,112.0239,165.9329
M_158_1,M_158_1.mp4_sec_0001.jpg,2,211.7865,113.6114,165.9689
M_158_1,M_158_1.mp4_sec_0001.jpg,3,211.162,112.1841,164.6247
M_158_1,M_158_1.mp4_sec_0001.jpg,4,212.2615,112.9869,166.1133
M_158_1,M_158_1.mp4_sec_0001.jpg,5,209.6459,111.3942,162.8881
M_158_1,M_158_1.mp4_sec_0002.jpg,1,211.1084,112.0433,164.4336
M_158_1,M_158_1.mp4_sec_0002.jpg,2,211.2368,112.5339,164.1705
M_158_1,M_158_1.mp4_sec_0002.jpg,3,211.0462,113.1701,164.7089
M_158_1,M_158_1.mp4_sec_0002.jpg,4,211.2045,112.7407,164.0257
M_158_1,M_158_1.mp4_sec_0002.jpg,5,212.8536,111.3985,165.8135
M_158_1,M_158_1.mp4_sec_0003.jpg,1,212.2935,111.5528,165.8018
M_158_1,M_158_1.mp4_sec_0003.jpg,2,211.1316,110.7603,164.8867
M_158_1,M_158_1.mp4_sec_0003.jpg,3,211.5069,111.7328,165.3753
M_158_1,M_158_1.mp4_sec_0003.jpg,4,211.4476,112.5934,164.8711
M_158_1,M_158_1.mp4_sec_0003.jpg,5,212.1555,111.9283,165.9383
M_158_1,M_158_1.mp4_sec_0004.jpg,1,212.5413,111.6942,165.9213
M_158_1,M_158_1.mp4_sec_0004.jpg,2,211.4162,112.0354,164.9295
M_158_1,M_158_1.mp4_sec_0004.jpg,3,210.7276,111.3271,164.4396
M_158_1,M_158_1.mp4_sec_0004.jpg,4,212.9664,116.7826,168.8156
M_158_1,M_158_1.mp4_sec_0004.jpg,5,211.5701,112.5007,165.0458
M_158_1,M_158_1.mp4_sec_0005.jpg,1,212.184,113.2028,165.9933
M_158_1,M_158_1.mp4_sec_0005.jpg,2,212.9047,111.615,165.9024
M_158_1,M_158_1.mp4_sec_0005.jpg,3,213.0996,111.4505,166.0036
M_158_1,M_158_1.mp4_sec_0005.jpg,4,211.6296,115.112,166.3059
M_158_1,M_158_1.mp4_sec_0005.jpg,5,212.4929,111.7459,166.2041
M_158_1,M_158_1.mp4_sec_0006.jpg,1,212.7658,112.0765,166.3908
M_158_1,M_158_1.mp4_sec_0006.jpg,2,210.8133,111.2636,164.5214
M_158_1,M_158_1.mp4_sec_0006.jpg,3,211.2892,111.8405,165.0044
M_158_1,M_158_1.mp4_sec_0006.jpg,4,212.8156,111.2948,165.8047
M_158_1,M_158_1.mp4_sec_0006.jpg,5,211.3352,111.3472,165.3196
M_158_1,M_158_1.mp4_sec_0007.jpg,1,212.0074,112.0074,166.0074
M_158_1,M_158_1.mp4_sec_0007.jpg,2,211.5102,111.2088,165.2575
M_158_1,M_158_1.mp4_sec_0007.jpg,3,212.845,118.6062,169.979
M_158_1,M_158_1.mp4_sec_0007.jpg,4,211.5855,111.2384,165.3543
M_158_1,M_158_1.mp4_sec_0007.jpg,5,211.4346,111.1627,165.2534
M_158_1,M_158_1.mp4_sec_0008.jpg,1,212.8275,111.608,166.0182
M_158_1,M_158_1.mp4_sec_0008.jpg,2,211.7177,112.8865,165.1922
M_158_1,M_158_1.mp4_sec_0008.jpg,3,210.4787,111.0566,164.0365
M_158_1,M_158_1.mp4_sec_0008.jpg,4,211.4559,113.0216,164.4352
M_158_1,M_158_1.mp4_sec_0008.jpg,5,211.3467,112.5774,164.1415
M_158_1,M_158_1.mp4_sec_0009.jpg,1,211.8335,111.8784,165.6636
M_158_1,M_158_1.mp4_sec_0009.jpg,2,211.6795,111.6185,165.6391
M_158_1,M_158_1.mp4_sec_0009.jpg,3,211.1497,110.5216,164.7282
M_158_1,M_158_1.mp4_sec_0009.jpg,4,211.386,112.3685,164.3914
M_158_1,M_158_1.mp4_sec_0009.jpg,5,212.4895,111.7964,166.0292
M_158_1,M_158_1.mp4_sec_0010.jpg,1,211.8468,111.8295,165.8353
M_158_1,M_158_1.mp4_sec_0010.jpg,2,211.2789,112.6006,164.5382
M_158_1,M_158_1.mp4_sec_0010.jpg,3,212.3679,111.5096,165.7961
M_158_1,M_158_1.mp4_sec_0010.jpg,4,211.684,111.7028,165.6452
M_158_1,M_158_1.mp4_sec_0010.jpg,5,212.711,111.4044,165.8455
M_158_1,M_158_1.mp4_sec_0011.jpg,1,212.3237,111.9209,166.0586
M_158_1,M_158_1.mp4_sec_0011.jpg,2,212.2694,111.8696,166.0065
M_158_1,M_158_1.mp4_sec_0011.jpg,3,211.2205,111.3487,165.0604
M_158_1,M_158_1.mp4_sec_0011.jpg,4,211.9167,113.9712,165.904
M_158_1,M_158_1.mp4_sec_0011.jpg,5,209.7849,111.7337,162.7295
M_158_1,M_158_1.mp4_sec_0012.jpg,1,212.2525,112.9045,165.8977
M_158_1,M_158_1.mp4_sec_0012.jpg,2,211.7912,111.7373,165.7143
M_158_1,M_158_1.mp4_sec_0012.jpg,3,210.0369,111.1264,163.4672
M_158_1,M_158_1.mp4_sec_0012.jpg,4,211.9036,112.1769,165.7438
M_158_1,M_158_1.mp4_sec_0012.jpg,5,211.1834,113.3722,164.0176
M_158_1,M_158_1.mp4_sec_0013.jpg,1,211.3764,111.4708,165.3118
M_158_1,M_158_1.mp4_sec_0013.jpg,2,211.6524,113.2275,165.8216
M_158_1,M_158_1.mp4_sec_0013.jpg,3,209.1753,110.8948,162.2823
M_158_1,M_158_1.mp4_sec_0013.jpg,4,211.4539,111.4764,165.4098
M_158_1,M_158_1.mp4_sec_0013.jpg,5,210.8382,110.8633,164.8
M_158_1,M_158_1.mp4_sec_0014.jpg,1,211.4987,111.4987,165.4987
M_158_1,M_158_1.mp4_sec_0014.jpg,2,212.1759,112.7225,165.8716
M_158_1,M_158_1.mp4_sec_0014.jpg,3,211.4746,112.6085,164.8743
M_158_1,M_158_1.mp4_sec_0014.jpg,4,211.6258,112.1791,165.4165
M_158_1,M_158_1.mp4_sec_0014.jpg,5,211.0254,111.1573,164.9703
M_158_1,M_158_1.mp4_sec_0015.jpg,1,212.2464,114.4771,166.176
M_158_1,M_158_1.mp4_sec_0015.jpg,2,211.893,112.0196,165.8297
M_158_1,M_158_1.mp4_sec_0015.jpg,3,211.9701,114.5708,165.777
M_158_1,M_158_1.mp4_sec_0015.jpg,4,210.2868,111.1352,163.845
M_158_1,M_158_1.mp4_sec_0015.jpg,5,211.4722,111.7858,165.2284
M_158_1,M_158_1.mp4_sec_0016.jpg,1,212.4548,111.7923,166.0191
M_158_1,M_158_1.mp4_sec_0016.jpg,2,211.2996,112.3478,163.9676
M_158_1,M_158_1.mp4_sec_0016.jpg,3,212.5526,111.6555,165.8964
M_158_1,M_158_1.mp4_sec_0016.jpg,4,212.5201,111.8603,165.8223
M_158_1,M_158_1.mp4_sec_0016.jpg,5,211.4776,113.0734,164.1849
M_158_1,M_158_1.mp4_sec_0017.jpg,1,212.3994,113.2118,166.5602
M_158_1,M_158_1.mp4_sec_0017.jpg,2,211.8971,112.1007,165.699
M_158_1,M_158_1.mp4_sec_0017.jpg,3,211.777,114.8975,165.8493
M_158_1,M_158_1.mp4_sec_0017.jpg,4,211.3329,112.688,164.6395
M_158_1,M_158_1.mp4_sec_0017.jpg,5,211.8454,112.1539,165.595
M_158_1,M_158_1.mp4_sec_0018.jpg,1,212.2471,111.9644,165.7844
M_158_1,M_158_1.mp4_sec_0018.jpg,2,212.1895,111.9658,166.05
M_158_1,M_158_1.mp4_sec_0018.jpg,3,212.1412,112.4713,166.1023
M_158_1,M_158_1.mp4_sec_0018.jpg,4,212.3179,112.5064,165.6526
M_158_1,M_158_1.mp4_sec_0018.jpg,5,211.1361,113.1361,164.1361
M_158_1,M_158_1.mp4_sec_0019.jpg,1,213.1937,118.1065,169.872
M_158_1,M_158_1.mp4_sec_0019.jpg,2,212.6862,111.6758,165.9813
M_158_1,M_158_1.mp4_sec_0019.jpg,3,212.5823,111.5533,165.8989
M_158_1,M_158_1.mp4_sec_0019.jpg,4,212.6824,111.4945,165.8934
M_158_1,M_158_1.mp4_sec_0019.jpg,5,212.7524,111.5224,165.9374
M_158_1,M_158_1.mp4_sec_0020.jpg,1,210.6848,112.5905,163.5977
M_158_1,M_158_1.mp4_sec_0020.jpg,2,212.9155,111.399,165.9078
M_158_1,M_158_1.mp4_sec_0020.jpg,3,211.44,115.4032,166.0034
M_158_1,M_158_1.mp4_sec_0020.jpg,4,211.4925,111.5789,165.4456
M_158_1,M_158_1.mp4_sec_0020.jpg,5,211.4737,111.3884,165.2974
M_158_1,M_158_1.mp4_sec_0021.jpg,1,212.4454,111.8191,165.8474
M_158_1,M_158_1.mp4_sec_0021.jpg,2,212.1406,113.7676,166.4429
M_158_1,M_158_1.mp4_sec_0021.jpg,3,211.2048,110.8631,164.9788
M_158_1,M_158_1.mp4_sec_0021.jpg,4,211.575,110.6057,164.8996
M_158_1,M_158_1.mp4_sec_0021.jpg,5,210.8775,111.4394,164.5929
M_158_1,M_158_1.mp4_sec_0022.jpg,1,211.631,111.7873,165.2397
M_158_1,M_158_1.mp4_sec_0022.jpg,2,212.7457,111.455,165.8885
M_158_1,M_158_1.mp4_sec_0022.jpg,3,211.5621,111.5628,165.1611
M_158_1,M_158_1.mp4_sec_0022.jpg,4,212.2773,112.743,165.9238
M_158_1,M_158_1.mp4_sec_0022.jpg,5,211.9664,111.5147,165.6664
M_158_1,M_158_1.mp4_sec_0023.jpg,1,212.4247,111.2775,165.5877
M_158_1,M_158_1.mp4_sec_0023.jpg,2,212.4332,115.1027,167.5679
M_158_1,M_158_1.mp4_sec_0023.jpg,3,212.198,111.6792,165.7337
M_158_1,M_158_1.mp4_sec_0023.jpg,4,212.344,111.4909,165.7589
M_158_1,M_158_1.mp4_sec_0023.jpg,5,211.326,112.4915,164.4445
M_158_1,M_158_1.mp4_sec_0024.jpg,1,211.2073,111.749,164.8489
M_158_1,M_158_1.mp4_sec_0024.jpg,2,211.1039,112.7572,164.4632
M_158_1,M_158_1.mp4_sec_0024.jpg,3,209.2753,110.9329,162.4267
M_158_1,M_158_1.mp4_sec_0024.jpg,4,212.6578,117.0333,168.6468
M_158_1,M_158_1.mp4_sec_0024.jpg,5,211.0031,111.0556,164.9768
M_158_1,M_158_1.mp4_sec_0025.jpg,1,211.5675,111.8243,165.2571
M_158_1,M_158_1.mp4_sec_0025.jpg,2,212.572,111.2077,165.6713
M_158_1,M_158_1.mp4_sec_0025.jpg,3,210.6914,112.6864,163.303
M_158_1,M_158_1.mp4_sec_0025.jpg,4,211.4287,111.4204,165.4237
M_158_1,M_158_1.mp4_sec_0025.jpg,5,209.2359,111.0619,162.3194
M_158_1,M_158_1.mp4_sec_0026.jpg,1,210.1989,111.0196,163.7745
M_158_1,M_158_1.mp4_sec_0026.jpg,2,211.9732,111.8509,165.8666
M_158_1,M_158_1.mp4_sec_0026.jpg,3,211.6028,113.3291,165.7625
M_158_1,M_158_1.mp4_sec_0026.jpg,4,212.5677,117.3917,169.1288
M_158_1,M_158_1.mp4_sec_0026.jpg,5,210.0644,113.0005,163.9675
M_158_1,M_158_1.mp4_sec_0027.jpg,1,212.1766,111.8867,165.9858
M_158_1,M_158_1.mp4_sec_0027.jpg,2,211.9892,116.0496,167.6722
M_158_1,M_158_1.mp4_sec_0027.jpg,3,211.242,110.9354,164.9101
M_158_1,M_158_1.mp4_sec_0027.jpg,4,211.168,113.365,163.9766
M_158_1,M_158_1.mp4_sec_0027.jpg,5,210.2147,111.3379,163.6506
M_158_1,M_158_1.mp4_sec_0028.jpg,1,211.3868,114.1926,165.1721
M_158_1,M_158_1.mp4_sec_0028.jpg,2,212.3656,112.0811,166.0899
M_158_1,M_158_1.mp4_sec_0028.jpg,3,211.0284,112.2611,164.4167
M_158_1,M_158_1.mp4_sec_0028.jpg,4,211.3312,112.1825,164.902
M_158_1,M_158_1.mp4_sec_0028.jpg,5,212.9108,118.574,170.0146
M_158_1,M_158_1.mp4_sec_0029.jpg,1,211.2706,111.6359,164.8263
M_158_1,M_158_1.mp4_sec_0029.jpg,2,211.3758,111.2039,165.1629
M_158_1,M_158_1.mp4_sec_0029.jpg,3,211.0097,111.763,164.0892
M_158_1,M_158_1.mp4_sec_0029.jpg,4,211.1759,112.8802,164.2251
M_158_1,M_158_1.mp4_sec_0029.jpg,5,211.1171,112.0834,164.0861
M_158_1,M_158_1.mp4_sec_0030.jpg,1,212.1575,117.0495,168.1915
M_158_1,M_158_1.mp4_sec_0030.jpg,2,213.1431,118.068,169.7324
M_158_1,M_158_1.mp4_sec_0030.jpg,3,211.2913,113.5103,163.9716
M_158_1,M_158_1.mp4_sec_0030.jpg,4,211.5718,112.4132,165.1063
M_158_1,M_158_1.mp4_sec_0030.jpg,5,212.4656,115.0201,167.6074
M_158_1,M_158_1.mp4_sec_0031.jpg,1,211.1594,113.2725,164.0027
M_158_1,M_158_1.mp4_sec_0031.jpg,2,210.864,112.7764,163.8319
M_158_1,M_158_1.mp4_sec_0031.jpg,3,212.18,114.5155,165.6725
M_158_1,M_158_1.mp4_sec_0031.jpg,4,210.8598,111.3153,164.4743
M_158_1,M_158_1.mp4_sec_0031.jpg,5,211.966,111.966,165.966
M_158_1,M_158_1.mp4_sec_0032.jpg,1,211.0601,111.4312,164.7792
M_158_1,M_158_1.mp4_sec_0032.jpg,2,212.0144,112.0842,165.9572
M_158_1,M_158_1.mp4_sec_0032.jpg,3,211.0619,112.1536,164.5751
M_158_1,M_158_1.mp4_sec_0032.jpg,4,211.7331,111.3694,165.2728
M_158_1,M_158_1.mp4_sec_0032.jpg,5,212.5238,111.8216,165.8231
M_158_1,M_158_1.mp4_sec_0033.jpg,1,211.3593,110.7646,164.909
M_158_1,M_158_1.mp4_sec_0033.jpg,2,212.6738,111.7053,166.0311
M_158_1,M_158_1.mp4_sec_0033.jpg,3,213.0953,118.545,169.8124
M_158_1,M_158_1.mp4_sec_0033.jpg,4,212.4104,111.7328,165.8454
M_158_1,M_158_1.mp4_sec_0033.jpg,5,211.8551,111.6511,165.7202
M_158_1,M_158_1.mp4_sec_0034.jpg,1,212.3249,111.8069,165.9919
M_158_1,M_158_1.mp4_sec_0034.jpg,2,212.9203,118.5361,169.9275
M_158_1,M_158_1.mp4_sec_0034.jpg,3,210.8567,111.4204,164.5549
M_158_1,M_158_1.mp4_sec_0034.jpg,4,211.2172,110.7159,164.8641
M_158_1,M_158_1.mp4_sec_0034.jpg,5,212.4289,111.797,165.9509
M_158_1,M_158_1.mp4_sec_0035.jpg,1,211.549,111.9327,165.3809
M_158_1,M_158_1.mp4_sec_0035.jpg,2,211.246,111.5855,164.8865
M_158_1,M_158_1.mp4_sec_0035.jpg,3,210.742,112.1802,163.9248
M_158_1,M_158_1.mp4_sec_0035.jpg,4,210.93,113.4343,164.2332
M_158_1,M_158_1.mp4_sec_0035.jpg,5,212.3791,112.8998,166.1151
M_158_2,M_158_2.mp4_sec_0000.jpg,1,212.3746,111.8802,165.8671
M_158_2,M_158_2.mp4_sec_0000.jpg,2,211.123,112.7035,164.2928
M_158_2,M_158_2.mp4_sec_0000.jpg,3,211.7301,111.8026,165.6137
M_158_2,M_158_2.mp4_sec_0000.jpg,4,210.8993,112.1117,164.1599
M_158_2,M_158_2.mp4_sec_0000.jpg,5,212.0241,111.5463,165.708
M_158_2,M_158_2.mp4_sec_0001.jpg,1,211.8838,112.0471,165.786
M_158_2,M_158_2.mp4_sec_0001.jpg,2,210.9198,111.9543,163.8917
M_158_2,M_158_2.mp4_sec_0001.jpg,3,210.8853,112.5429,163.7964
M_158_2,M_158_2.mp4_sec_0001.jpg,4,210.0083,112.4514,163.399
M_158_2,M_158_2.mp4_sec_0001.jpg,5,211.8754,111.9505,165.371
M_158_2,M_158_2.mp4_sec_0002.jpg,1,210.3632,112.8268,163.6044
M_158_2,M_158_2.mp4_sec_0002.jpg,2,211.2307,110.8926,164.9452
M_158_2,M_158_2.mp4_sec_0002.jpg,3,209.287,111.2787,162.2075
M_158_2,M_158_2.mp4_sec_0002.jpg,4,210.9322,112.5774,164.2375
M_158_2,M_158_2.mp4_sec_0002.jpg,5,212.4916,111.7286,165.8962
M_158_2,M_158_2.mp4_sec_0003.jpg,1,209.426,111.2935,162.5254
M_158_2,M_158_2.mp4_sec_0003.jpg,2,211.8516,112.1307,165.7049
M_158_2,M_158_2.mp4_sec_0003.jpg,3,211.1545,111.9482,164.7531
M_158_2,M_158_2.mp4_sec_0003.jpg,4,211.2451,111.2724,165.2296
M_158_2,M_158_2.mp4_sec_0003.jpg,5,210.3181,112.2361,163.2771
M_158_2,M_158_2.mp4_sec_0004.jpg,1,213.0967,118.5887,169.9666
M_158_2,M_158_2.mp4_sec_0004.jpg,2,212.4751,111.6159,165.9047
M_158_2,M_158_2.mp4_sec_0004.jpg,3,211.2751,112.5835,164.1742
M_158_2,M_158_2.mp4_sec_0004.jpg,4,212.6395,113.4737,166.2758
M_158_2,M_158_2.mp4_sec_0004.jpg,5,211.5695,114.3436,165.2719
M_158_2,M_158_2.mp4_sec_0005.jpg,1,211.0544,111.1763,164.977
M_158_2,M_158_2.mp4_sec_0005.jpg,2,210.3998,111.4308,163.8733
M_158_2,M_158_2.mp4_sec_0005.jpg,3,210.3206,112.2939,163.3403
M_158_2,M_158_2.mp4_sec_0005.jpg,4,212.4655,111.9264,165.8326
M_158_2,M_158_2.mp4_sec_0005.jpg,5,209.9264,111.0374,163.3582
M_158_2,M_158_2.mp4_sec_0006.jpg,1,212.3208,111.9924,165.988
M_158_2,M_158_2.mp4_sec_0006.jpg,2,211.9889,111.9889,165.9889
M_158_2,M_158_2.mp4_sec_0006.jpg,3,211.1852,111.4291,164.9306
M_158_2,M_158_2.mp4_sec_0006.jpg,4,211.1708,113.0813,163.9991
M_158_2,M_158_2.mp4_sec_0006.jpg,5,209.3686,110.922,162.5053
M_158_2,M_158_2.mp4_sec_0007.jpg,1,212.4611,111.6634,165.8502
M_158_2,M_158_2.mp4_sec_0007.jpg,2,211.2061,112.7936,164.3625
M_158_2,M_158_2.mp4_sec_0007.jpg,3,211.6195,111.6794,165.5148
M_158_2,M_158_2.mp4_sec_0007.jpg,4,212.2451,112.5046,165.802
M_158_2,M_158_2.mp4_sec_0007.jpg,5,212.0811,112.0144,166.0225
M_158_2,M_158_2.mp4_sec_0008.jpg,1,211.5512,111.2106,165.2974
M_158_2,M_158_2.mp4_sec_0008.jpg,2,211.9883,111.7767,165.8477
M_158_2,M_158_2.mp4_sec_0008.jpg,3,210.6465,111.5254,164.207
M_158_2,M_158_2.mp4_sec_0008.jpg,4,211.2607,112.1849,164.2455
M_158_2,M_158_2.mp4_sec_0008.jpg,5,213.2077,117.9381,169.9148
M_158_2,M_158_2.mp4_sec_0009.jpg,1,211.3841,113.3568,163.9016
M_158_2,M_158_2.mp4_sec_0009.jpg,2,212.7544,113.6323,166.2304
M_158_2,M_158_2.mp4_sec_0009.jpg,3,212.0946,111.6024,165.6026
M_158_2,M_158_2.mp4_sec_0009.jpg,4,212.7502,111.6339,165.9716
M_158_2,M_158_2.mp4_sec_0009.jpg,5,211.4298,112.9775,164.0906
M_158_2,M_158_2.mp4_sec_0010.jpg,1,212.3575,111.772,165.8784
M_158_2,M_158_2.mp4_sec_0010.jpg,2,210.9928,115.0678,165.9511
M_158_2,M_158_2.mp4_sec_0010.jpg,3,211.3019,111.4895,164.8606
M_158_2,M_158_2.mp4_sec_0010.jpg,4,212.0906,111.6364,165.79
M_158_2,M_158_2.mp4_sec_0010.jpg,5,212.5589,111.8407,166.2393
M_158_2,M_158_2.mp4_sec_0011.jpg,1,210.7919,112.3408,164.1554
M_158_2,M_158_2.mp4_sec_0011.jpg,2,210.4496,110.9728,164.162
M_158_2,M_158_2.mp4_sec_0011.jpg,3,212.6028,111.7029,166.0054
M_158_2,M_158_2.mp4_sec_0011.jpg,4,212.6368,112.9381,166.2309
M_158_2,M_158_2.mp4_sec_0011.jpg,5,210.797,112.3517,163.9212
M_158_2,M_158_2.mp4_sec_0012.jpg,1,210.4767,111.2692,163.9496
M_158_2,M_158_2.mp4_sec_0012.jpg,2,212.5733,111.6875,165.9853
M_158_2,M_158_2.mp4_sec_0012.jpg,3,211.9029,111.6292,165.3857
M_158_2,M_158_2.mp4_sec_0012.jpg,4,211.8493,111.5566,165.3983
M_158_2,M_158_2.mp4_sec_0012.jpg,5,213.0984,118.5967,169.7826
M_158_2,M_158_2.mp4_sec_0013.jpg,1,210.5186,111.0646,164.2402
M_158_2,M_158_2.mp4_sec_0013.jpg,2,211.4692,112.3773,164.9827
M_158_2,M_158_2.mp4_sec_0013.jpg,3,213.102,118.5476,170.0865
M_158_2,M_158_2.mp4_sec_0013.jpg,4,210.526,110.9824,164.2865
M_158_2,M_158_2.mp4_sec_0013.jpg,5,213.1356,118.5789,170.0225
M_158_2,M_158_2.mp4_sec_0014.jpg,1,212.8401,111.5577,165.9932
M_158_2,M_158_2.mp4_sec_0014.jpg,2,211.9578,112.0469,165.9133
M_158_2,M_158_2.mp4_sec_0014.jpg,3,212.0977,116.9584,167.9629
M_158_2,M_158_2.mp4_sec_0014.jpg,4,211.8138,112.2019,165.6159
M_158_2,M_158_2.mp4_sec_0014.jpg,5,211.1572,111.7366,164.586
M_158_2,M_158_2.mp4_sec_0015.jpg,1,211.2813,111.2835,165.2061
M_158_2,M_158_2.mp4_sec_0015.jpg,2,209.4363,111.257,162.5745
M_158_2,M_158_2.mp4_sec_0015.jpg,3,210.3655,112.3038,163.2244
M_158_2,M_158_2.mp4_sec_0015.jpg,4,212.2682,113.8666,166.6855
M_158_2,M_158_2.mp4_sec_0015.jpg,5,211.6369,114.739,165.5495
M_158_2,M_158_2.mp4_sec_0016.jpg,1,211.1699,112.0032,164.6326
M_158_2,M_158_2.mp4_sec_0016.jpg,2,209.4113,110.966,162.6321
M_158_2,M_158_2.mp4_sec_0016.jpg,3,212.5348,115.5977,167.7033
M_158_2,M_158_2.mp4_sec_0016.jpg,4,211.6641,111.4546,165.5245
M_158_2,M_158_2.mp4_sec_0016.jpg,5,210.5409,112.6646,163.9975
M_158_2,M_158_2.mp4_sec_0017.jpg,1,211.758,112.0827,165.4202
M_158_2,M_158_2.mp4_sec_0017.jpg,2,209.2902,110.8243,162.5039
M_158_2,M_158_2.mp4_sec_0017.jpg,3,212.0498,111.7146,165.8112
M_158_2,M_158_2.mp4_sec_0017.jpg,4,212.2778,111.6885,165.9595
M_158_2,M_158_2.mp4_sec_0017.jpg,5,210.8594,113.7173,164.8826
M_158_2,M_158_2.mp4_sec_0018.jpg,1,212.4114,111.6139,165.8855
M_158_2,M_158_2.mp4_sec_0018.jpg,2,209.624,110.9212,162.9739
M_158_2,M_158_2.mp4_sec_0018.jpg,3,212.5398,117.674,169.1329
M_158_2,M_158_2.mp4_sec_0018.jpg,4,209.7224,111.2904,162.9462
M_158_2,M_158_2.mp4_sec_0018.jpg,5,212.4546,111.6661,166.0523
M_158_2,M_158_2.mp4_sec_0019.jpg,1,211.3079,110.9906,165.0716
M_158_2,M_158_2.mp4_sec_0019.jpg,2,211.5535,114.8644,165.9293
M_158_2,M_158_2.mp4_sec_0019.jpg,3,212.4026,111.6581,165.9072
M_158_2,M_158_2.mp4_sec_0019.jpg,4,212.008,112.008,166.008
M_158_2,M_158_2.mp4_sec_0019.jpg,5,209.5215,111.2088,162.6708
M_158_2,M_158_2.mp4_sec_0020.jpg,1,211.422,113.2489,165.2863
M_158_2,M_158_2.mp4_sec_0020.jpg,2,212.1352,111.4702,165.4922
M_158_2,M_158_2.mp4_sec_0020.jpg,3,212.2825,112.9921,165.9691
M_158_2,M_158_2.mp4_sec_0020.jpg,4,211.6765,111.1467,165.0155
M_158_2,M_158_2.mp4_sec_0020.jpg,5,211.2084,113.2253,163.9621
M_158_2,M_158_2.mp4_sec_0021.jpg,1,212.8455,111.5758,165.8711
M_158_2,M_158_2.mp4_sec_0021.jpg,2,211.0931,113.3471,164.0334
M_158_2,M_158_2.mp4_sec_0021.jpg,3,212.7058,111.3976,165.8362
M_158_2,M_158_2.mp4_sec_0021.jpg,4,209.8995,111.1813,163.2492
M_158_2,M_158_2.mp4_sec_0021.jpg,5,211.6281,111.6281,165.6281
M_158_2,M_158_2.mp4_sec_0022.jpg,1,211.3091,113.5154,164.8873
M_158_2,M_158_2.mp4_sec_0022.jpg,2,212.2325,113.7432,165.9836
M_158_2,M_158_2.mp4_sec_0022.jpg,3,212.5517,111.4364,165.831
M_158_2,M_158_2.mp4_sec_0022.jpg,4,211.1872,112.1392,164.7349
M_158_2,M_158_2.mp4_sec_0022.jpg,5,212.5413,111.4844,165.8766
M_158_2,M_158_2.mp4_sec_0023.jpg,1,211.4952,112.9184,164.0753
M_158_2,M_158_2.mp4_sec_0023.jpg,2,211.4086,111.6225,165.3028
M_158_2,M_158_2.mp4_sec_0023.jpg,3,209.9086,111.8608,162.9509
M_158_2,M_158_2.mp4_sec_0023.jpg,4,211.446,112.6188,164.8516
M_158_2,M_158_2.mp4_sec_0023.jpg,5,211.2654,112.1678,164.5053
M_158_2,M_158_2.mp4_sec_0024.jpg,1,212.1827,112.3677,166.0511
M_158_2,M_158_2.mp4_sec_0024.jpg,2,211.9333,111.9221,165.9275
M_158_2,M_158_2.mp4_sec_0024.jpg,3,211.0561,113.0543,163.6871
M_158_2,M_158_2.mp4_sec_0024.jpg,4,212.1014,111.5654,165.5193
M_158_2,M_158_2.mp4_sec_0024.jpg,5,210.3683,111.3142,163.8685
M_158_2,M_158_2.mp4_sec_0025.jpg,1,212.1225,118.0637,169.1315
M_158_2,M_158_2.mp4_sec_0025.jpg,2,212.118,114.1319,165.8178
M_158_2,M_158_2.mp4_sec_0025.jpg,3,212.8236,118.8582,170.2686
M_158_2,M_158_2.mp4_sec_0025.jpg,4,210.9215,111.3853,164.6396
M_158_2,M_158_2.mp4_sec_0025.jpg,5,211.5848,111.3553,164.9895
M_158_2,M_158_2.mp4_sec_0026.jpg,1,210.1185,111.2611,163.531
M_158_2,M_158_2.mp4_sec_0026.jpg,2,210.4728,111.6862,163.848
M_158_2,M_158_2.mp4_sec_0026.jpg,3,212.6395,115.7234,168.027
M_158_2,M_158_2.mp4_sec_0026.jpg,4,212.5524,112.9953,166.2228
M_158_2,M_158_2.mp4_sec_0026.jpg,5,211.7955,112.171,165.6038
M_158_2,M_158_2.mp4_sec_0027.jpg,1,212.4188,114.3837,166.7331
M_158_2,M_158_2.mp4_sec_0027.jpg,2,211.2739,113.2667,163.9962
M_158_2,M_158_2.mp4_sec_0027.jpg,3,209.7747,110.9113,163.2059
M_158_2,M_158_2.mp4_sec_0027.jpg,4,212.5744,112.2099,165.7231
M_158_2,M_158_2.mp4_sec_0027.jpg,5,213.0419,117.9908,169.5361
M_158_2,M_158_2.mp4_sec_0028.jpg,1,212.0735,111.9592,165.9973
M_158_2,M_158_2.mp4_sec_0028.jpg,2,212.7215,111.2687,165.7547
M_158_2,M_158_2.mp4_sec_0028.jpg,3,212.4868,111.8272,165.749
M_158_2,M_158_2.mp4_sec_0028.jpg,4,212.943,111.4391,165.9464
M_158_2,M_158_2.mp4_sec_0028.jpg,5,211.3967,112.629,164.7434
M_158_2,M_158_2.mp4_sec_0029.jpg,1,212.8231,111.4323,165.8905
M_158_2,M_158_2.mp4_sec_0029.jpg,2,211.9547,114.6745,165.9576
M_158_2,M_158_2.mp4_sec_0029.jpg,3,213.0994,118.1142,169.7207
M_158_2,M_158_2.mp4_sec_0029.jpg,4,212.8241,111.2152,165.7502
M_158_2,M_158_2.mp4_sec_0029.jpg,5,211.1534,113.1489,163.8781
M_158_2,M_158_2.mp4_sec_0030.jpg,1,212.0155,112.0111,166.0126
M_158_2,M_158_2.mp4_sec_0030.jpg,2,212.1356,111.5601,165.7541
M_158_2,M_158_2.mp4_sec_0030.jpg,3,212.1853,114.3257,167.2275
M_158_2,M_158_2.mp4_sec_0030.jpg,4,211.9485,111.966,165.9398
M_158_2,M_158_2.mp4_sec_0030.jpg,5,211.822,111.789,165.4777
M_158_3,M_158_3.mp4_sec_0000.jpg,1,212.0288,111.6499,165.594
M_158_3,M_158_3.mp4_sec_0000.jpg,2,209.3755,111.0705,162.3072
M_158_3,M_158_3.mp4_sec_0000.jpg,3,210.718,111.761,164.1009
M_158_3,M_158_3.mp4_sec_0000.jpg,4,212.6404,113.3001,166.1851
M_158_3,M_158_3.mp4_sec_0000.jpg,5,212.2055,111.8047,165.8456
M_158_3,M_158_3.mp4_sec_0001.jpg,1,211.1145,111.686,164.8038
M_158_3,M_158_3.mp4_sec_0001.jpg,2,211.9588,111.9955,165.9387
M_158_3,M_158_3.mp4_sec_0001.jpg,3,209.6662,111.3183,162.5799
M_158_3,M_158_3.mp4_sec_0001.jpg,4,211.8968,113.0214,165.8337
M_158_3,M_158_3.mp4_sec_0001.jpg,5,209.4693,111.1408,162.4136
M_158_3,M_158_3.mp4_sec_0002.jpg,1,211.7148,111.7937,165.2332
M_158_3,M_158_3.mp4_sec_0002.jpg,2,211.2845,110.9693,164.984
M_158_3,M_158_3.mp4_sec_0002.jpg,3,212.1315,111.763,165.8768
M_158_3,M_158_3.mp4_sec_0002.jpg,4,210.9874,111.3298,164.7986
M_158_3,M_158_3.mp4_sec_0002.jpg,5,211.3568,112.0741,164.6778
M_158_3,M_158_3.mp4_sec_0003.jpg,1,211.7484,114.2803,165.5138
M_158_3,M_158_3.mp4_sec_0003.jpg,2,211.5733,111.5722,165.5726
M_158_3,M_158_3.mp4_sec_0003.jpg,3,211.5431,111.4913,165.4136
M_158_3,M_158_3.mp4_sec_0003.jpg,4,212.6069,113.1126,166.1234
M_158_3,M_158_3.mp4_sec_0003.jpg,5,212.1696,111.8056,165.9232
M_158_3,M_158_3.mp4_sec_0004.jpg,1,209.9604,111.3019,163.3293
M_158_3,M_158_3.mp4_sec_0004.jpg,2,210.665,111.4515,164.2699
M_158_3,M_158_3.mp4_sec_0004.jpg,3,211.2097,112.9802,163.6806
M_158_3,M_158_3.mp4_sec_0004.jpg,4,210.8646,113.3062,164.1377
M_158_3,M_158_3.mp4_sec_0004.jpg,5,211.3116,112.2726,164.8105
M_158_3,M_158_3.mp4_sec_0005.jpg,1,212.1322,112.5598,165.5869
M_158_3,M_158_3.mp4_sec_0005.jpg,2,211.8605,111.1814,165.4102
M_158_3,M_158_3.mp4_sec_0005.jpg,3,211.996,111.6333,165.7554
M_158_3,M_158_3.mp4_sec_0005.jpg,4,210.5102,110.5379,164.4873
M_158_3,M_158_3.mp4_sec_0005.jpg,5,212.2688,114.1705,167.0358
M_158_3,M_158_3.mp4_sec_0006.jpg,1,210.3005,110.4397,164.2327
M_158_3,M_158_3.mp4_sec_0006.jpg,2,211.0924,112.9755,164.0363
M_158_3,M_158_3.mp4_sec_0006.jpg,3,211.0354,112.5686,164.2079
M_158_3,M_158_3.mp4_sec_0006.jpg,4,212.1879,111.7776,165.5456
M_158_3,M_158_3.mp4_sec_0006.jpg,5,210.8281,112.1239,163.8876
M_158_3,M_158_3.mp4_sec_0007.jpg,1,210.7693,112.7175,163.7686
M_158_3,M_158_3.mp4_sec_0007.jpg,2,210.3819,112.8556,163.734
M_158_3,M_158_3.mp4_sec_0007.jpg,3,211.0942,112.3172,164.4906
M_158_3,M_158_3.mp4_sec_0007.jpg,4,212.5416,112.0129,166.0097
M_158_3,M_158_3.mp4_sec_0007.jpg,5,211.3897,113.986,164.6707
M_158_3,M_158_3.mp4_sec_0008.jpg,1,212.7267,117.4902,169.4156
M_158_3,M_158_3.mp4_sec_0008.jpg,2,211.8035,112.2922,165.4837
M_158_3,M_158_3.mp4_sec_0008.jpg,3,212.0811,111.3638,165.5733
M_158_3,M_158_3.mp4_sec_0008.jpg,4,211.5628,113.1708,165.4269
M_158_3,M_158_3.mp4_sec_0008.jpg,5,210.3861,112.1956,163.4145
M_158_3,M_158_3.mp4_sec_0009.jpg,1,209.3935,111.3618,162.5035
M_158_3,M_158_3.mp4_sec_0009.jpg,2,212.0883,113.6594,166.0606
M_158_3,M_158_3.mp4_sec_0009.jpg,3,211.6515,112.05,165.4397
M_158_3,M_158_3.mp4_sec_0009.jpg,4,211.9471,113.7231,165.9687
M_158_3,M_158_3.mp4_sec_0009.jpg,5,212.0218,111.8869,165.9311
M_158_3,M_158_3.mp4_sec_0010.jpg,1,211.4505,112.1208,165.1847
M_158_3,M_158_3.mp4_sec_0010.jpg,2,210.1582,111.1257,163.6691
M_158_3,M_158_3.mp4_sec_0010.jpg,3,210.4336,110.779,164.2575
M_158_3,M_158_3.mp4_sec_0010.jpg,4,209.426,111.426,162.426
M_158_3,M_158_3.mp4_sec_0010.jpg,5,211.2255,111.8495,164.8975
M_158_3,M_158_3.mp4_sec_0011.jpg,1,212.0994,111.5938,165.7625
M_158_3,M_158_3.mp4_sec_0011.jpg,2,210.8576,112.3003,164.8943
M_158_3,M_158_3.mp4_sec_0011.jpg,3,211.5927,111.7258,165.5114
M_158_3,M_158_3.mp4_sec_0011.jpg,4,212.4292,113.0459,165.7887
M_158_3,M_158_3.mp4_sec_0011.jpg,5,209.0473,111.0466,162.0498
M_158_3,M_158_3.mp4_sec_0012.jpg,1,211.7522,114.8849,165.8831
M_158_3,M_158_3.mp4_sec_0012.jpg,2,212.2124,111.7466,165.9243
M_158_3,M_158_3.mp4_sec_0012.jpg,3,212.0095,111.4699,165.6488
M_158_3,M_158_3.mp4_sec_0012.jpg,4,212.3895,117.1018,168.7135
M_158_3,M_158_3.mp4_sec_0012.jpg,5,211.9935,114.3508,165.9065
M_158_3,M_158_3.mp4_sec_0013.jpg,1,211.9347,111.3674,165.567
M_158_3,M_158_3.mp4_sec_0013.jpg,2,211.3632,112.0664,164.9932
M_158_3,M_158_3.mp4_sec_0013.jpg,3,210.5765,112.3578,163.6218
M_158_3,M_158_3.mp4_sec_0013.jpg,4,211.0484,112.2224,163.9509
M_158_3,M_158_3.mp4_sec_0013.jpg,5,209.7398,110.9104,163.0725
M_158_3,M_158_3.mp4_sec_0014.jpg,1,211.982,111.7193,165.4336
M_158_3,M_158_3.mp4_sec_0014.jpg,2,212.1036,115.7436,167.4048
M_158_3,M_158_3.mp4_sec_0014.jpg,3,210.72,110.4577,164.4122
M_158_3,M_158_3.mp4_sec_0014.jpg,4,210.8342,111.465,164.54
M_158_3,M_158_3.mp4_sec_0014.jpg,5,211.6299,114.499,165.8083
M_158_3,M_158_3.mp4_sec_0015.jpg,1,210.9057,109.9539,164.2438
M_158_3,M_158_3.mp4_sec_0015.jpg,2,209.6364,111.8143,162.863
M_158_3,M_158_3.mp4_sec_0015.jpg,3,210.9782,113.0454,164.0813
M_158_3,M_158_3.mp4_sec_0015.jpg,4,210.5493,110.2512,164.3074
M_158_3,M_158_3.mp4_sec_0015.jpg,5,211.5774,115.0179,166.0345
M_158_3,M_158_3.mp4_sec_0016.jpg,1,211.3997,111.39,165.3933
M_158_3,M_158_3.mp4_sec_0016.jpg,2,212.1052,111.1077,165.4434
M_158_3,M_158_3.mp4_sec_0016.jpg,3,211.5792,111.111,165.1282
M_158_3,M_158_3.mp4_sec_0016.jpg,4,211.8182,111.2672,165.4528
M_158_3,M_158_3.mp4_sec_0016.jpg,5,210.7909,110.8362,164.7664
M_158_3,M_158_3.mp4_sec_0017.jpg,1,212.6163,113.5754,166.1194
M_158_3,M_158_3.mp4_sec_0017.jpg,2,211.8959,112.9838,165.8283
M_158_3,M_158_3.mp4_sec_0017.jpg,3,209.1268,110.8975,162.2347
M_158_3,M_158_3.mp4_sec_0017.jpg,4,211.6959,114.7038,165.7581
M_158_3,M_158_3.mp4_sec_0017.jpg,5,210.5373,110.3559,164.417
M_158_3,M_158_3.mp4_sec_0018.jpg,1,209.1591,111.2901,162.4033
M_158_3,M_158_3.mp4_sec_0018.jpg,2,209.7903,111.8087,162.7952
M_158_3,M_158_3.mp4_sec_0018.jpg,3,210.6479,113.3915,164.5094
M_158_3,M_158_3.mp4_sec_0018.jpg,4,209.4688,110.4262,162.9865
M_158_3,M_158_3.mp4_sec_0018.jpg,5,210.4048,110.914,164.182
M_158_3,M_158_3.mp4_sec_0019.jpg,1,211.7887,111.3152,165.3218
M_158_3,M_158_3.mp4_sec_0019.jpg,2,212.0567,112.0268,165.8845
M_158_3,M_158_3.mp4_sec_0019.jpg,3,210.8586,112.8058,164.9975
M_158_3,M_158_3.mp4_sec_0019.jpg,4,209.89,110.5318,163.5338
M_158_3,M_158_3.mp4_sec_0019.jpg,5,209.2521,110.9373,162.3097
M_158_3,M_158_3.mp4_sec_0020.jpg,1,210.9712,111.6371,164.5726
M_158_3,M_158_3.mp4_sec_0020.jpg,2,212.0032,111.6252,165.7522
M_158_3,M_158_3.mp4_sec_0020.jpg,3,211.3963,113.5958,163.4963
M_158_3,M_158_3.mp4_sec_0020.jpg,4,212.1518,115.8624,167.9678
M_158_3,M_158_3.mp4_sec_0020.jpg,5,211.5835,115.312,166.964
M_158_3,M_158_3.mp4_sec_0021.jpg,1,211.1978,112.8139,165.285
M_158_3,M_158_3.mp4_sec_0021.jpg,2,212.9748,111.1293,165.7502
M_158_3,M_158_3.mp4_sec_0021.jpg,3,210.6445,112.9838,163.775
M_158_3,M_158_3.mp4_sec_0021.jpg,4,211.8108,112.0784,165.6716
M_158_3,M_158_3.mp4_sec_0021.jpg,5,211.3338,113.5749,165.4179
M_158_3,M_158_3.mp4_sec_0022.jpg,1,212.1696,111.7215,165.8401
M_158_3,M_158_3.mp4_sec_0022.jpg,2,212.2865,116.5524,168.2278
M_158_3,M_158_3.mp4_sec_0022.jpg,3,211.1712,112.1951,164.8355
M_158_3,M_158_3.mp4_sec_0022.jpg,4,211.9604,111.7378,165.8126
M_158_3,M_158_3.mp4_sec_0022.jpg,5,209.4794,111.1604,162.6335
M_158_3,M_158_3.mp4_sec_0023.jpg,1,211.4621,111.0509,165.1081
M_158_3,M_158_3.mp4_sec_0023.jpg,2,211.8641,111.9015,165.8436
M_158_3,M_158_3.mp4_sec_0023.jpg,3,211.1245,113.2568,164.1137
M_158_3,M_158_3.mp4_sec_0023.jpg,4,210.4738,111.7463,163.8963
M_158_3,M_158_3.mp4_sec_0023.jpg,5,210.9286,111.1652,164.7938
M_158_3,M_158_3.mp4_sec_0024.jpg,1,211.3578,113.1298,164.1622
M_158_3,M_158_3.mp4_sec_0024.jpg,2,211.253,111.7206,164.9915
M_158_3,M_158_3.mp4_sec_0024.jpg,3,211.1212,112.4174,164.0771
M_158_3,M_158_3.mp4_sec_0024.jpg,4,211.3365,113.143,163.8364
M_158_3,M_158_3.mp4_sec_0024.jpg,5,210.5231,112.6833,163.3312
M_158_3,M_158_3.mp4_sec_0025.jpg,1,211.4352,110.6029,164.7441
M_158_3,M_158_3.mp4_sec_0025.jpg,2,212.2559,117.2717,168.5361
M_158_3,M_158_3.mp4_sec_0025.jpg,3,210.4161,112.0931,163.7452
M_158_3,M_158_3.mp4_sec_0025.jpg,4,212.1354,111.7209,165.6776
M_158_3,M_158_3.mp4_sec_0025.jpg,5,212.2919,111.3713,165.5983
M_158_3,M_158_3.mp4_sec_0026.jpg,1,212.7195,112.8139,166.3433
M_158_3,M_158_3.mp4_sec_0026.jpg,2,211.9532,111.6202,165.7317
M_158_3,M_158_3.mp4_sec_0026.jpg,3,211.4859,112.5299,164.9387
M_158_3,M_158_3.mp4_sec_0026.jpg,4,211.6321,113.7968,165.0566
M_158_3,M_158_3.mp4_sec_0026.jpg,5,211.4749,113.1415,163.8578
M_158_3,M_158_3.mp4_sec_0027.jpg,1,210.9288,112.9637,163.7905
M_158_3,M_158_3.mp4_sec_0027.jpg,2,210.8572,111.709,164.4479
M_158_3,M_158_3.mp4_sec_0027.jpg,3,210.7137,112.4398,163.863
M_158_3,M_158_3.mp4_sec_0027.jpg,4,211.3805,111.4337,165.3539
M_158_3,M_158_3.mp4_sec_0027.jpg,5,210.1189,111.7171,163.2406
M_158_3,M_158_3.mp4_sec_0028.jpg,1,212.7338,115.19,167.7915
M_158_3,M_158_3.mp4_sec_0028.jpg,2,211.5391,110.6066,164.8983
M_158_3,M_158_3.mp4_sec_0028.jpg,3,211.3081,112.6667,164.6183
M_158_3,M_158_3.mp4_sec_0028.jpg,4,212.3928,112.0053,165.921
M_158_3,M_158_3.mp4_sec_0028.jpg,5,209.7955,111.7506,162.709
M_158_3,M_158_3.mp4_sec_0029.jpg,1,212.7263,114.3629,167.3043
M_158_3,M_158_3.mp4_sec_0029.jpg,2,212.5082,114.2981,166.5859
M_158_3,M_158_3.mp4_sec_0029.jpg,3,210.8302,112.8238,163.6727
M_158_3,M_158_3.mp4_sec_0029.jpg,4,211.6105,112.451,165.1809
M_158_3,M_158_3.mp4_sec_0029.jpg,5,211.7261,112.305,165.4321
M_158_3,M_158_3.mp4_sec_0030.jpg,1,211.3273,113.8247,165.0065
M_158_3,M_158_3.mp4_sec_0030.jpg,2,211.1284,112.2972,164.4985
M_158_3,M_158_3.mp4_sec_0030.jpg,3,211.1127,113.5066,164.2122
M_158_3,M_158_3.mp4_sec_0030.jpg,4,212.8525,119.0658,170.1241
M_158_3,M_158_3.mp4_sec_0030.jpg,5,211.7921,111.8871,165.2568
M_158_3,M_158_3.mp4_sec_0031.jpg,1,211.8315,112.1568,165.6486
M_158_3,M_158_3.mp4_sec_0031.jpg,2,210.8723,112.8754,163.6733
M_158_3,M_158_3.mp4_sec_0031.jpg,3,211.1973,111.5463,165.0023
M_158_3,M_158_3.mp4_sec_0031.jpg,4,211.85,112.0897,165.7037
M_158_3,M_158_3.mp4_sec_0031.jpg,5,211.39,112.9646,164.5343
M_235_1,M_235_1.mp4_sec_0000.jpg,1,216.321,209.8396,68.9509
M_235_1,M_235_1.mp4_sec_0000.jpg,2,215.9786,208.9764,67.8302
M_235_1,M_235_1.mp4_sec_0000.jpg,3,216.7098,209.9473,69.1086
M_235_1,M_235_1.mp4_sec_0000.jpg,4,216.4999,210.0766,74.4575
M_235_1,M_235_1.mp4_sec_0000.jpg,5,215.993,208.7067,71.8525
M_235_1,M_235_1.mp4_sec_0001.jpg,1,216.0683,209.5986,69.0425
M_235_1,M_235_1.mp4_sec_0001.jpg,2,215.881,209.4618,70.6915
M_235_1,M_235_1.mp4_sec_0001.jpg,3,215.9054,209.5893,70.312
M_235_1,M_235_1.mp4_sec_0001.jpg,4,218.1318,210.1199,84.1471
M_235_1,M_235_1.mp4_sec_0001.jpg,5,216.3218,209.6842,69.2112
M_235_1,M_235_1.mp4_sec_0002.jpg,1,215.872,209.2235,69.2692
M_235_1,M_235_1.mp4_sec_0002.jpg,2,215.8926,209.5524,70.0743
M_235_1,M_235_1.mp4_sec_0002.jpg,3,216.4077,209.8792,69.8177
M_235_1,M_235_1.mp4_sec_0002.jpg,4,215.9178,208.8739,68.882
M_235_1,M_235_1.mp4_sec_0002.jpg,5,215.7912,208.7898,67.9942
M_235_1,M_235_1.mp4_sec_0003.jpg,1,215.9948,209.9664,69.9354
M_235_1,M_235_1.mp4_sec_0003.jpg,2,217.4904,208.9473,86.0068
M_235_1,M_235_1.mp4_sec_0003.jpg,3,215.7274,209.2811,73.9793
M_235_1,M_235_1.mp4_sec_0003.jpg,4,215.9621,208.9585,67.8633
M_235_1,M_235_1.mp4_sec_0003.jpg,5,215.6553,209.0495,68.0419
M_235_1,M_235_1.mp4_sec_0004.jpg,1,215.8236,208.8214,68.5798
M_235_1,M_235_1.mp4_sec_0004.jpg,2,216.0252,209.6903,71.4348
M_235_1,M_235_1.mp4_sec_0004.jpg,3,215.9993,209.5812,68.9924
M_235_1,M_235_1.mp4_sec_0004.jpg,4,217.791,210.6562,78.6517
M_235_1,M_235_1.mp4_sec_0004.jpg,5,216.8853,210.1226,71.44
M_235_1,M_235_1.mp4_sec_0005.jpg,1,216.3834,209.845,70.5109
M_235_1,M_235_1.mp4_sec_0005.jpg,2,216.4577,209.9996,73.1286
M_235_1,M_235_1.mp4_sec_0005.jpg,3,215.984,209.4648,69.2014
M_235_1,M_235_1.mp4_sec_0005.jpg,4,216.2636,209.3343,69.6121
M_235_1,M_235_1.mp4_sec_0005.jpg,5,216.8819,209.7058,71.0539
M_235_1,M_235_1.mp4_sec_0006.jpg,1,216.4249,209.7812,69.4431
M_235_1,M_235_1.mp4_sec_0006.jpg,2,216.3005,209.6565,74.9716
M_235_1,M_235_1.mp4_sec_0006.jpg,3,216.4273,209.8002,69.7529
M_235_1,M_235_1.mp4_sec_0006.jpg,4,216.1762,209.1464,69.2334
M_235_1,M_235_1.mp4_sec_0006.jpg,5,218.0408,209.7963,86.6824
M_235_1,M_235_1.mp4_sec_0007.jpg,1,216.0764,209.0764,68.9736
M_235_1,M_235_1.mp4_sec_0007.jpg,2,216.4988,209.5111,69.9104
M_235_1,M_235_1.mp4_sec_0007.jpg,3,216.7171,209.9038,70.027
M_235_1,M_235_1.mp4_sec_0007.jpg,4,215.8083,209.1009,71.2525
M_235_1,M_235_1.mp4_sec_0007.jpg,5,216.0158,209.7245,69.8486
M_235_1,M_235_1.mp4_sec_0008.jpg,1,216.3882,209.7646,69.0232
M_235_1,M_235_1.mp4_sec_0008.jpg,2,216.5222,209.7581,69.6582
M_235_1,M_235_1.mp4_sec_0008.jpg,3,216.046,209.5837,70.4681
M_235_1,M_235_1.mp4_sec_0008.jpg,4,217.825,210.8876,77.1217
M_235_1,M_235_1.mp4_sec_0008.jpg,5,215.9268,209.1651,68.959
M_235_1,M_235_1.mp4_sec_0009.jpg,1,216.1795,209.1989,68.64
M_235_1,M_235_1.mp4_sec_0009.jpg,2,216.7344,210.6193,70.2607
M_235_1,M_235_1.mp4_sec_0009.jpg,3,216.094,209.102,68.5078
M_235_1,M_235_1.mp4_sec_0009.jpg,4,216.1291,209.2187,69.0245
M_235_1,M_235_1.mp4_sec_0009.jpg,5,216.4668,210.2602,70.3379
M_235_1,M_235_1.mp4_sec_0010.jpg,1,216.0457,209.4463,68.9773
M_235_1,M_235_1.mp4_sec_0010.jpg,2,216.2721,209.8308,70.6251
M_235_1,M_235_1.mp4_sec_0010.jpg,3,215.9993,209.8049,70.6418
M_235_1,M_235_1.mp4_sec_0010.jpg,4,216.3122,209.7297,70.2492
M_235_1,M_235_1.mp4_sec_0010.jpg,5,216.3154,209.8921,70.8549
M_235_1,M_235_1.mp4_sec_0011.jpg,1,216.3129,209.8409,68.8763
M_235_1,M_235_1.mp4_sec_0011.jpg,2,216.3246,209.6445,69.5312
M_235_1,M_235_1.mp4_sec_0011.jpg,3,217.1983,210.1627,72.0662
M_235_1,M_235_1.mp4_sec_0011.jpg,4,216.4738,209.6866,71.3008
M_235_1,M_235_1.mp4_sec_0011.jpg,5,218.0881,209.4607,87.5864
M_235_1,M_235_1.mp4_sec_0012.jpg,1,217.4873,210.6146,75.8036
M_235_1,M_235_1.mp4_sec_0012.jpg,2,216.2426,210.0529,70.4131
M_235_1,M_235_1.mp4_sec_0012.jpg,3,216.1261,209.1268,67.5573
M_235_1,M_235_1.mp4_sec_0012.jpg,4,216.0439,209.0439,69.0029
M_235_1,M_235_1.mp4_sec_0012.jpg,5,216.2663,209.5098,71.2638
M_235_1,M_235_1.mp4_sec_0013.jpg,1,216.0259,209.3864,68.5652
M_235_1,M_235_1.mp4_sec_0013.jpg,2,217.9977,210.5438,80.4026
M_235_1,M_235_1.mp4_sec_0013.jpg,3,215.9344,209.4494,71.3302
M_235_1,M_235_1.mp4_sec_0013.jpg,4,216.0829,209.1431,68.6001
M_235_1,M_235_1.mp4_sec_0013.jpg,5,216.0619,209.0885,68.7306
M_235_1,M_235_1.mp4_sec_0014.jpg,1,216.226,209.8969,70.5524
M_235_1,M_235_1.mp4_sec_0014.jpg,2,215.9325,209.425,68.877
M_235_1,M_235_1.mp4_sec_0014.jpg,3,215.897,208.9202,68.0761
M_235_1,M_235_1.mp4_sec_0014.jpg,4,216.7402,210.1504,71.5865
M_235_1,M_235_1.mp4_sec_0014.jpg,5,215.9896,208.9887,68.8947
M_235_1,M_235_1.mp4_sec_0015.jpg,1,215.775,209.4154,71.827
M_235_1,M_235_1.mp4_sec_0015.jpg,2,216.2498,209.6927,74.9567
M_235_1,M_235_1.mp4_sec_0015.jpg,3,217.4255,210.0306,79.6227
M_235_1,M_235_1.mp4_sec_0015.jpg,4,217.2158,210.4476,76.2483
M_235_1,M_235_1.mp4_sec_0015.jpg,5,216.3526,209.6616,73.4382
M_235_1,M_235_1.mp4_sec_0016.jpg,1,217.3552,210.6371,75.4605
M_235_1,M_235_1.mp4_sec_0016.jpg,2,215.9842,208.982,67.7157
M_235_1,M_235_1.mp4_sec_0016.jpg,3,216.228,209.519,72.0388
M_235_1,M_235_1.mp4_sec_0016.jpg,4,216.3656,210.3708,70.2701
M_235_1,M_235_1.mp4_sec_0016.jpg,5,215.7909,209.5936,74.419
M_235_1,M_235_1.mp4_sec_0017.jpg,1,217.4987,210.2271,73.3496
M_235_1,M_235_1.mp4_sec_0017.jpg,2,216.0725,208.8988,69.7619
M_235_1,M_235_1.mp4_sec_0017.jpg,3,215.948,209.4808,68.964
M_235_1,M_235_1.mp4_sec_0017.jpg,4,216.052,209.9676,74.756
M_235_1,M_235_1.mp4_sec_0017.jpg,5,215.9594,209.3017,68.7051
M_235_1,M_235_1.mp4_sec_0018.jpg,1,216.029,209.0356,69.0635
M_235_1,M_235_1.mp4_sec_0018.jpg,2,215.7492,209.4423,70.2868
M_235_1,M_235_1.mp4_sec_0018.jpg,3,216.0581,209.5082,68.862
M_235_1,M_235_1.mp4_sec_0018.jpg,4,215.9735,209.6829,69.6329
M_235_1,M_235_1.mp4_sec_0018.jpg,5,216.4688,210.2139,69.8182
M_235_1,M_235_1.mp4_sec_0019.jpg,1,216.6306,210.1144,70.0914
M_235_1,M_235_1.mp4_sec_0019.jpg,2,216.1106,209.5371,69.738
M_235_1,M_235_1.mp4_sec_0019.jpg,3,216.1566,209.3931,68.9624
M_235_1,M_235_1.mp4_sec_0019.jpg,4,216.3992,209.8441,69.6242
M_235_1,M_235_1.mp4_sec_0019.jpg,5,216.0322,209.8232,69.9714
M_235_1,M_235_1.mp4_sec_0020.jpg,1,216.0666,209.1696,68.2992
M_235_1,M_235_1.mp4_sec_0020.jpg,2,216.0078,209.08,68.2888
M_235_1,M_235_1.mp4_sec_0020.jpg,3,216.0568,209.4956,69.3238
M_235_1,M_235_1.mp4_sec_0020.jpg,4,216.0405,209.0259,69.0752
M_235_1,M_235_1.mp4_sec_0020.jpg,5,218.0801,209.7793,85.3408
M_235_1,M_235_1.mp4_sec_0021.jpg,1,215.9817,209.4593,68.4956
M_235_1,M_235_1.mp4_sec_0021.jpg,2,216.1714,209.3778,68.3924
M_235_1,M_235_1.mp4_sec_0021.jpg,3,217.2446,210.1964,77.4438
M_235_1,M_235_1.mp4_sec_0021.jpg,4,217.6975,209.1881,87.2859
M_235_1,M_235_1.mp4_sec_0021.jpg,5,215.8946,209.5382,69.0534
M_235_1,M_235_1.mp4_sec_0022.jpg,1,216.1128,210.0694,70.2198
M_235_1,M_235_1.mp4_sec_0022.jpg,2,216.3494,209.7212,73.508
M_235_1,M_235_1.mp4_sec_0022.jpg,3,216.5162,210.0853,71.9998
M_235_1,M_235_1.mp4_sec_0022.jpg,4,216.0267,209.0267,68.8835
M_235_1,M_235_1.mp4_sec_0022.jpg,5,215.9451,209.1782,68.3282
M_235_1,M_235_1.mp4_sec_0023.jpg,1,216.6283,210.2001,71.7267
M_235_1,M_235_1.mp4_sec_0023.jpg,2,216.0354,209.0527,67.2176
M_235_1,M_235_1.mp4_sec_0023.jpg,3,216.0261,209.387,68.5102
M_235_1,M_235_1.mp4_sec_0023.jpg,4,215.6243,208.8743,68.203
M_235_1,M_235_1.mp4_sec_0023.jpg,5,217.7033,209.3489,85.9477
M_235_1,M_235_1.mp4_sec_0024.jpg,1,215.8714,209.1607,68.7668
M_235_1,M_235_1.mp4_sec_0024.jpg,2,215.8079,208.588,69.7962
M_235_1,M_235_1.mp4_sec_0024.jpg,3,215.983,209.1569,67.877
M_235_1,M_235_1.mp4_sec_0024.jpg,4,215.7946,208.7855,68.1353
M_235_1,M_235_1.mp4_sec_0024.jpg,5,215.8609,209.4369,69.9334
M_235_1,M_235_1.mp4_sec_0025.jpg,1,215.9356,209.791,69.7903
M_235_1,M_235_1.mp4_sec_0025.jpg,2,215.6028,208.6809,68.0865
M_235_1,M_235_1.mp4_sec_0025.jpg,3,216.144,209.3499,73.0239
M_235_1,M_235_1.mp4_sec_0025.jpg,4,216.3175,209.6086,73.6678
M_235_1,M_235_1.mp4_sec_0025.jpg,5,216.1756,209.7525,69.0409
M_235_1,M_235_1.mp4_sec_0026.jpg,1,215.8655,208.7552,68.6773
M_235_1,M_235_1.mp4_sec_0026.jpg,2,215.9434,208.9786,68.9856
M_235_1,M_235_1.mp4_sec_0026.jpg,3,216.2945,209.5588,70.2696
M_235_1,M_235_1.mp4_sec_0026.jpg,4,215.5115,208.5137,68.5181
M_235_1,M_235_1.mp4_sec_0026.jpg,5,216.3328,209.3938,73.1962
M_235_1,M_235_1.mp4_sec_0027.jpg,1,215.8243,208.8252,68.3498
M_235_1,M_235_1.mp4_sec_0027.jpg,2,215.7443,208.7468,68.0453
M_235_1,M_235_1.mp4_sec_0027.jpg,3,215.9646,208.9646,67.2214
M_235_1,M_235_1.mp4_sec_0027.jpg,4,215.9254,208.9545,67.5431
M_235_1,M_235_1.mp4_sec_0027.jpg,5,216.1412,209.3641,72.3167
M_235_1,M_235_1.mp4_sec_0028.jpg,1,215.7282,209.333,70.5382
M_235_1,M_235_1.mp4_sec_0028.jpg,2,215.9457,209.0404,69.0135
M_235_1,M_235_1.mp4_sec_0028.jpg,3,217.3779,209.7183,79.8555
M_235_1,M_235_1.mp4_sec_0028.jpg,4,216.4854,209.4964,73.1638
M_235_1,M_235_1.mp4_sec_0028.jpg,5,215.9931,209.0294,69.5409
M_235_1,M_235_1.mp4_sec_0029.jpg,1,215.7213,208.8378,68.9103
M_235_1,M_235_1.mp4_sec_0029.jpg,2,216.2514,209.5501,74.0099
M_235_1,M_235_1.mp4_sec_0029.jpg,3,215.8153,208.8103,68.6999
M_235_1,M_235_1.mp4_sec_0029.jpg,4,215.6524,209.0665,69.1136
M_235_1,M_235_1.mp4_sec_0029.jpg,5,216.7303,209.8687,71.0059
M_235_1,M_235_1.mp4_sec_0030.jpg,1,216.0117,209.37,69.5069
M_235_1,M_235_1.mp4_sec_0030.jpg,2,215.7693,209.2574,69.2545
M_235_1,M_235_1.mp4_sec_0030.jpg,3,216.3538,209.7446,73.7552
M_235_1,M_235_1.mp4_sec_0030.jpg,4,215.8596,208.8593,68.8545
M_235_1,M_235_1.mp4_sec_0030.jpg,5,216.006,208.7777,70.3321
M_235_1,M_235_1.mp4_sec_0031.jpg,1,217.1196,210.0934,74.2534
M_235_1,M_235_1.mp4_sec_0031.jpg,2,215.9814,209.6172,70.0716
M_235_1,M_235_1.mp4_sec_0031.jpg,3,215.8718,208.9481,68.1416
M_235_1,M_235_1.mp4_sec_0031.jpg,4,215.937,208.9367,68.568
M_235_1,M_235_1.mp4_sec_0031.jpg,5,215.9619,209.5929,70.2729
M_235_2,M_235_2.mp4_sec_0000.jpg,1,216.1893,209.6935,71.8238
M_235_2,M_235_2.mp4_sec_0000.jpg,2,215.7641,209.1123,68.7484
M_235_2,M_235_2.mp4_sec_0000.jpg,3,215.728,208.8757,71.8496
M_235_2,M_235_2.mp4_sec_0000.jpg,4,216.1333,209.2043,74.4513
M_235_2,M_235_2.mp4_sec_0000.jpg,5,215.7497,208.8333,68.688
M_235_2,M_235_2.mp4_sec_0001.jpg,1,215.9353,209.2215,74.3201
M_235_2,M_235_2.mp4_sec_0001.jpg,2,215.6707,208.6664,68.6794
M_235_2,M_235_2.mp4_sec_0001.jpg,3,216.1282,209.0124,69.8213
M_235_2,M_235_2.mp4_sec_0001.jpg,4,216.3264,209.9435,72.462
M_235_2,M_235_2.mp4_sec_0001.jpg,5,215.5339,208.8588,68.6799
M_235_2,M_235_2.mp4_sec_0002.jpg,1,215.6528,208.6521,68.218
M_235_2,M_235_2.mp4_sec_0002.jpg,2,215.6769,208.7601,67.987
M_235_2,M_235_2.mp4_sec_0002.jpg,3,215.9995,209.4211,68.6475
M_235_2,M_235_2.mp4_sec_0002.jpg,4,215.7868,208.7853,68.4478
M_235_2,M_235_2.mp4_sec_0002.jpg,5,215.9317,209.7222,69.6254
M_235_2,M_235_2.mp4_sec_0003.jpg,1,216.3118,209.6973,69.6981
M_235_2,M_235_2.mp4_sec_0003.jpg,2,215.8003,209.0984,68.6362
M_235_2,M_235_2.mp4_sec_0003.jpg,3,216.1659,209.2227,72.5935
M_235_2,M_235_2.mp4_sec_0003.jpg,4,216.6811,209.3593,82.3928
M_235_2,M_235_2.mp4_sec_0003.jpg,5,217.8925,210.201,82.4292
M_235_2,M_235_2.mp4_sec_0004.jpg,1,217.7333,209.6774,84.8455
M_235_2,M_235_2.mp4_sec_0004.jpg,2,215.7396,209.0444,68.1917
M_235_2,M_235_2.mp4_sec_0004.jpg,3,215.7795,208.834,67.4861
M_235_2,M_235_2.mp4_sec_0004.jpg,4,215.8486,208.8543,67.3352
M_235_2,M_235_2.mp4_sec_0004.jpg,5,216.4021,209.5618,72.7389
M_235_2,M_235_2.mp4_sec_0005.jpg,1,215.727,208.727,68.1645
M_235_2,M_235_2.mp4_sec_0005.jpg,2,216.0068,209.7686,69.5869
M_235_2,M_235_2.mp4_sec_0005.jpg,3,216.0739,209.2656,69.2203
M_235_2,M_235_2.mp4_sec_0005.jpg,4,215.6436,209.0182,71.1111
M_235_2,M_235_2.mp4_sec_0005.jpg,5,215.6871,208.5636,70.6981
M_235_2,M_235_2.mp4_sec_0006.jpg,1,215.5308,208.5301,68.4791
M_235_2,M_235_2.mp4_sec_0006.jpg,2,215.9829,209.4064,69.2669
M_235_2,M_235_2.mp4_sec_0006.jpg,3,215.535,208.545,68.545
M_235_2,M_235_2.mp4_sec_0006.jpg,4,215.7447,209.3699,70.1016
M_235_2,M_235_2.mp4_sec_0006.jpg,5,215.7107,208.6817,68.0149
M_235_2,M_235_2.mp4_sec_0007.jpg,1,216.4431,209.7197,72.6026
M_235_2,M_235_2.mp4_sec_0007.jpg,2,215.8596,209.2124,73.0448
M_235_2,M_235_2.mp4_sec_0007.jpg,3,215.6891,209.0275,71.1189
M_235_2,M_235_2.mp4_sec_0007.jpg,4,215.7538,208.8497,68.5742
M_235_2,M_235_2.mp4_sec_0007.jpg,5,216.1041,209.5539,68.9207
M_235_2,M_235_2.mp4_sec_0008.jpg,1,217.0871,209.0274,83.7437
M_235_2,M_235_2.mp4_sec_0008.jpg,2,215.9732,209.5131,69.2397
M_235_2,M_235_2.mp4_sec_0008.jpg,3,216.9513,210.209,72.1751
M_235_2,M_235_2.mp4_sec_0008.jpg,4,215.9191,208.9531,68.6975
M_235_2,M_235_2.mp4_sec_0008.jpg,5,215.7649,208.7714,68.3377
M_235_2,M_235_2.mp4_sec_0009.jpg,1,215.7732,209.2206,69.3084
M_235_2,M_235_2.mp4_sec_0009.jpg,2,215.7589,208.9817,68.5704
M_235_2,M_235_2.mp4_sec_0009.jpg,3,215.8565,209.2012,69.1834
M_235_2,M_235_2.mp4_sec_0009.jpg,4,215.5745,208.5573,68.5091
M_235_2,M_235_2.mp4_sec_0009.jpg,5,215.9842,209.0554,68.9568
M_235_2,M_235_2.mp4_sec_0010.jpg,1,216.1867,209.0554,72.3659
M_235_2,M_235_2.mp4_sec_0010.jpg,2,215.6134,208.8907,69.9408
M_235_2,M_235_2.mp4_sec_0010.jpg,3,216.3204,209.3373,69.4852
M_235_2,M_235_2.mp4_sec_0010.jpg,4,215.9099,208.8943,68.8608
M_235_2,M_235_2.mp4_sec_0010.jpg,5,216.3924,210.0962,70.5436
M_235_2,M_235_2.mp4_sec_0011.jpg,1,217.4575,208.7795,86.932
M_235_2,M_235_2.mp4_sec_0011.jpg,2,216.2766,209.6276,69.6217
M_235_2,M_235_2.mp4_sec_0011.jpg,3,217.3627,209.5882,81.1406
M_235_2,M_235_2.mp4_sec_0011.jpg,4,216.1289,209.62,69.4325
M_235_2,M_235_2.mp4_sec_0011.jpg,5,217.5557,210.1985,79.7544
M_235_2,M_235_2.mp4_sec_0012.jpg,1,215.8693,209.7028,70.048
M_235_2,M_235_2.mp4_sec_0012.jpg,2,215.9746,209.5672,69.3186
M_235_2,M_235_2.mp4_sec_0012.jpg,3,215.9248,209.8977,69.9124
M_235_2,M_235_2.mp4_sec_0012.jpg,4,216.0752,209.4132,70.3614
M_235_2,M_235_2.mp4_sec_0012.jpg,5,215.3373,208.3345,67.7184
M_235_2,M_235_2.mp4_sec_0013.jpg,1,215.7028,208.6984,68.5485
M_235_2,M_235_2.mp4_sec_0013.jpg,2,215.9365,209.9054,69.9302
M_235_2,M_235_2.mp4_sec_0013.jpg,3,216.6389,210.3539,71.7233
M_235_2,M_235_2.mp4_sec_0013.jpg,4,216.2426,209.7216,70.1275
M_235_2,M_235_2.mp4_sec_0013.jpg,5,215.5693,209.114,70.4228
M_235_2,M_235_2.mp4_sec_0014.jpg,1,216.032,209.6416,69.2242
M_235_2,M_235_2.mp4_sec_0014.jpg,2,217.7186,208.9471,87.5468
M_235_2,M_235_2.mp4_sec_0014.jpg,3,215.8213,209.2113,69.1385
M_235_2,M_235_2.mp4_sec_0014.jpg,4,216.6297,209.6445,77.068
M_235_2,M_235_2.mp4_sec_0014.jpg,5,215.5749,208.5749,68.5389
M_235_2,M_235_2.mp4_sec_0015.jpg,1,215.7767,209.5086,69.1139
M_235_2,M_235_2.mp4_sec_0015.jpg,2,217.0128,210.2676,74.5863
M_235_2,M_235_2.mp4_sec_0015.jpg,3,215.5873,208.5818,67.7229
M_235_2,M_235_2.mp4_sec_0015.jpg,4,215.7651,209.3876,69.0365
M_235_2,M_235_2.mp4_sec_0015.jpg,5,215.9903,209.2554,74.042
M_235_2,M_235_2.mp4_sec_0016.jpg,1,216.1773,209.0085,72.7371
M_235_2,M_235_2.mp4_sec_0016.jpg,2,216.355,209.6301,71.8881
M_235_2,M_235_2.mp4_sec_0016.jpg,3,215.9006,209.0063,67.3564
M_235_2,M_235_2.mp4_sec_0016.jpg,4,216.0595,209.5118,68.7932
M_235_2,M_235_2.mp4_sec_0016.jpg,5,217.2897,208.8247,86.0588
M_235_2,M_235_2.mp4_sec_0017.jpg,1,217.6821,210.3841,78.4433
M_235_2,M_235_2.mp4_sec_0017.jpg,2,215.9782,209.668,69.282
M_235_2,M_235_2.mp4_sec_0017.jpg,3,215.9113,209.3674,68.7015
M_235_2,M_235_2.mp4_sec_0017.jpg,4,215.8115,208.7276,71.046
M_235_2,M_235_2.mp4_sec_0017.jpg,5,215.9047,208.9457,68.1419
M_235_2,M_235_2.mp4_sec_0018.jpg,1,215.8333,209.5091,70.3776
M_235_2,M_235_2.mp4_sec_0018.jpg,2,215.7894,209.068,68.4936
M_235_2,M_235_2.mp4_sec_0018.jpg,3,215.738,208.7975,68.818
M_235_2,M_235_2.mp4_sec_0018.jpg,4,215.5925,208.9157,68.6952
M_235_2,M_235_2.mp4_sec_0018.jpg,5,216.4933,209.8117,69.6337
M_235_2,M_235_2.mp4_sec_0019.jpg,1,215.5549,208.4026,70.2293
M_235_2,M_235_2.mp4_sec_0019.jpg,2,216.1176,209.0606,71.0187
M_235_2,M_235_2.mp4_sec_0019.jpg,3,216.2651,209.221,71.381
M_235_2,M_235_2.mp4_sec_0019.jpg,4,215.3809,208.3956,68.351
M_235_2,M_235_2.mp4_sec_0019.jpg,5,215.991,209.123,67.8833
M_235_2,M_235_2.mp4_sec_0020.jpg,1,217.0128,210.1737,74.176
M_235_2,M_235_2.mp4_sec_0020.jpg,2,215.7281,208.7373,71.6022
M_235_2,M_235_2.mp4_sec_0020.jpg,3,215.8766,209.1707,69.1147
M_235_2,M_235_2.mp4_sec_0020.jpg,4,215.6348,208.6333,68.2219
M_235_2,M_235_2.mp4_sec_0020.jpg,5,216.1,209.414,68.5283
M_235_2,M_235_2.mp4_sec_0021.jpg,1,215.5729,208.5721,68.0403
M_235_2,M_235_2.mp4_sec_0021.jpg,2,217.2727,208.7338,87.1093
M_235_2,M_235_2.mp4_sec_0021.jpg,3,215.1359,208.0426,68.5055
M_235_2,M_235_2.mp4_sec_0021.jpg,4,216.0881,209.4355,68.4049
M_235_2,M_235_2.mp4_sec_0021.jpg,5,215.7941,208.7866,67.7987
M_235_2,M_235_2.mp4_sec_0022.jpg,1,215.274,208.7592,68.6103
M_235_2,M_235_2.mp4_sec_0022.jpg,2,215.78,208.8224,67.6643
M_235_2,M_235_2.mp4_sec_0022.jpg,3,215.8456,209.5621,69.8985
M_235_2,M_235_2.mp4_sec_0022.jpg,4,215.5805,208.5754,67.6334
M_235_2,M_235_2.mp4_sec_0022.jpg,5,216.2123,209.5553,72.5657
M_235_2,M_235_2.mp4_sec_0023.jpg,1,216.1694,209.3055,70.053
M_235_2,M_235_2.mp4_sec_0023.jpg,2,215.9119,209.6594,69.6866
M_235_2,M_235_2.mp4_sec_0023.jpg,3,215.8588,209.3222,73.8418
M_235_2,M_235_2.mp4_sec_0023.jpg,4,216.6686,209.5844,71.2658
M_235_2,M_235_2.mp4_sec_0023.jpg,5,215.9532,209.2591,68.3041
M_235_2,M_235_2.mp4_sec_0024.jpg,1,215.5182,208.5139,67.6961
M_235_2,M_235_2.mp4_sec_0024.jpg,2,216.8211,209.855,72.1317
M_235_2,M_235_2.mp4_sec_0024.jpg,3,215.2859,208.3355,68.5153
M_235_2,M_235_2.mp4_sec_0024.jpg,4,215.5951,209.1916,69.8838
M_235_2,M_235_2.mp4_sec_0024.jpg,5,215.6585,208.8797,72.4502
M_235_2,M_235_2.mp4_sec_0025.jpg,1,215.4456,207.8569,71.0579
M_235_2,M_235_2.mp4_sec_0025.jpg,2,215.3306,208.3585,67.8366
M_235_2,M_235_2.mp4_sec_0025.jpg,3,215.2603,208.2402,68.1647
M_235_2,M_235_2.mp4_sec_0025.jpg,4,215.0621,208.0535,68.0223
M_235_2,M_235_2.mp4_sec_0025.jpg,5,215.3666,208.4823,68.0586
M_235_2,M_235_2.mp4_sec_0026.jpg,1,215.7045,208.6218,74.5382
M_235_2,M_235_2.mp4_sec_0026.jpg,2,215.5704,209.2019,69.1985
M_235_2,M_235_2.mp4_sec_0026.jpg,3,215.5193,209.1349,69.6382
M_235_2,M_235_2.mp4_sec_0026.jpg,4,215.5298,209.0601,68.9536
M_235_2,M_235_2.mp4_sec_0026.jpg,5,217.1316,208.9849,83.8642
M_235_2,M_235_2.mp4_sec_0027.jpg,1,215.939,209.5859,69.1678
M_235_2,M_235_2.mp4_sec_0027.jpg,2,216.4767,209.5118,70.02
M_235_2,M_235_2.mp4_sec_0027.jpg,3,215.7883,209.1683,68.724
M_235_2,M_235_2.mp4_sec_0027.jpg,4,215.3936,209.0352,70.7851
M_235_2,M_235_2.mp4_sec_0027.jpg,5,215.3839,208.2976,68.499
M_235_2,M_235_2.mp4_sec_0028.jpg,1,215.3381,208.357,67.6756
M_235_2,M_235_2.mp4_sec_0028.jpg,2,215.6821,208.6909,66.8579
M_235_2,M_235_2.mp4_sec_0028.jpg,3,215.8932,209.4882,69.3039
M_235_2,M_235_2.mp4_sec_0028.jpg,4,215.358,208.3559,67.3773
M_235_2,M_235_2.mp4_sec_0028.jpg,5,216.2883,208.8254,76.8903
M_235_2,M_235_2.mp4_sec_0029.jpg,1,215.9394,209.2127,68.3578
M_235_2,M_235_2.mp4_sec_0029.jpg,2,215.8896,209.5242,69.4501
M_235_2,M_235_2.mp4_sec_0029.jpg,3,217.301,209.738,77.8383
M_235_2,M_235_2.mp4_sec_0029.jpg,4,215.7839,208.806,74.4542
M_235_2,M_235_2.mp4_sec_0029.jpg,5,216.0437,209.1613,73.3611
M_235_2,M_235_2.mp4_sec_0030.jpg,1,216.0546,209.1393,71.2864
M_235_2,M_235_2.mp4_sec_0030.jpg,2,215.7083,208.7915,68.5272
M_235_2,M_235_2.mp4_sec_0030.jpg,3,215.8828,207.5882,80.4095
M_235_2,M_235_2.mp4_sec_0030.jpg,4,215.1776,208.2596,68.7092
M_235_2,M_235_2.mp4_sec_0030.jpg,5,215.6774,209.126,73.4387
M_235_3,M_235_3.mp4_sec_0000.jpg,1,215.5584,208.5943,68.0092
M_235_3,M_235_3.mp4_sec_0000.jpg,2,215.8335,209.2431,68.2719
M_235_3,M_235_3.mp4_sec_0000.jpg,3,215.7317,208.5423,71.4657
M_235_3,M_235_3.mp4_sec_0000.jpg,4,216.2814,209.5256,69.6823
M_235_3,M_235_3.mp4_sec_0000.jpg,5,215.8121,209.5049,69.0243
M_235_3,M_235_3.mp4_sec_0001.jpg,1,215.6871,208.5776,71.898
M_235_3,M_235_3.mp4_sec_0001.jpg,2,214.8808,208.1466,67.9797
M_235_3,M_235_3.mp4_sec_0001.jpg,3,215.4008,208.4406,68.1953
M_235_3,M_235_3.mp4_sec_0001.jpg,4,215.3075,208.2935,67.8889
M_235_3,M_235_3.mp4_sec_0001.jpg,5,215.2435,208.6208,69.0275
M_235_3,M_235_3.mp4_sec_0002.jpg,1,216.0949,209.5882,68.9822
M_235_3,M_235_3.mp4_sec_0002.jpg,2,216.4345,209.1539,73.1827
M_235_3,M_235_3.mp4_sec_0002.jpg,3,216.1473,209.3302,67.7707
M_235_3,M_235_3.mp4_sec_0002.jpg,4,215.9946,209.9883,69.9923
M_235_3,M_235_3.mp4_sec_0002.jpg,5,216.023,209.2568,68.504
M_235_3,M_235_3.mp4_sec_0003.jpg,1,215.7074,209.2187,69.5488
M_235_3,M_235_3.mp4_sec_0003.jpg,2,216.1897,209.8241,73.8943
M_235_3,M_235_3.mp4_sec_0003.jpg,3,216.7464,209.0041,76.7071
M_235_3,M_235_3.mp4_sec_0003.jpg,4,215.9835,208.9171,69.0241
M_235_3,M_235_3.mp4_sec_0003.jpg,5,216.7054,209.9212,72.23
M_235_3,M_235_3.mp4_sec_0004.jpg,1,215.3667,208.3954,68.3019
M_235_3,M_235_3.mp4_sec_0004.jpg,2,215.7524,208.7063,69.2478
M_235_3,M_235_3.mp4_sec_0004.jpg,3,217.1232,210.1773,74.9175
M_235_3,M_235_3.mp4_sec_0004.jpg,4,215.6929,208.7202,67.8195
M_235_3,M_235_3.mp4_sec_0004.jpg,5,216.4436,209.2215,71.0504
M_235_3,M_235_3.mp4_sec_0005.jpg,1,216.3026,209.4206,69.3113
M_235_3,M_235_3.mp4_sec_0005.jpg,2,215.8944,208.8944,68.8944
M_235_3,M_235_3.mp4_sec_0005.jpg,3,215.943,209.4783,69.3136
M_235_3,M_235_3.mp4_sec_0005.jpg,4,216.1081,209.2061,68.3278
M_235_3,M_235_3.mp4_sec_0005.jpg,5,215.8533,209.2455,74.201
M_235_3,M_235_3.mp4_sec_0006.jpg,1,216.2291,209.3881,68.5933
M_235_3,M_235_3.mp4_sec_0006.jpg,2,216.0858,209.3907,73.3934
M_235_3,M_235_3.mp4_sec_0006.jpg,3,216.0352,209.9892,69.9502
M_235_3,M_235_3.mp4_sec_0006.jpg,4,216.1048,209.8492,69.5677
M_235_3,M_235_3.mp4_sec_0006.jpg,5,216.1805,209.3251,69.3855
M_235_3,M_235_3.mp4_sec_0007.jpg,1,217.5485,209.2785,86.7335
M_235_3,M_235_3.mp4_sec_0007.jpg,2,216.5312,209.4217,70.1417
M_235_3,M_235_3.mp4_sec_0007.jpg,3,216.8392,209.6605,71.6056
M_235_3,M_235_3.mp4_sec_0007.jpg,4,217.1104,209.132,87.0771
M_235_3,M_235_3.mp4_sec_0007.jpg,5,216.0818,209.173,68.4463
M_235_3,M_235_3.mp4_sec_0008.jpg,1,216.038,209.0376,68.0595
M_235_3,M_235_3.mp4_sec_0008.jpg,2,215.8925,208.9923,73.9872
M_235_3,M_235_3.mp4_sec_0008.jpg,3,216.9383,210.1836,78.6008
M_235_3,M_235_3.mp4_sec_0008.jpg,4,215.9357,209.418,69.4418
M_235_3,M_235_3.mp4_sec_0008.jpg,5,215.9914,209.0425,68.4518
M_235_3,M_235_3.mp4_sec_0009.jpg,1,216.1422,209.3467,69.2985
M_235_3,M_235_3.mp4_sec_0009.jpg,2,215.8468,208.9392,68.3757
M_235_3,M_235_3.mp4_sec_0009.jpg,3,215.7716,209.1955,70.1088
M_235_3,M_235_3.mp4_sec_0009.jpg,4,215.8346,208.8944,68.3724
M_235_3,M_235_3.mp4_sec_0009.jpg,5,215.8844,209.6092,69.8527
M_235_3,M_235_3.mp4_sec_0010.jpg,1,216.1962,209.7351,68.9845
M_235_3,M_235_3.mp4_sec_0010.jpg,2,217.6395,209.0173,86.8801
M_235_3,M_235_3.mp4_sec_0010.jpg,3,216.463,209.1998,70.1093
M_235_3,M_235_3.mp4_sec_0010.jpg,4,216.0228,209.3451,68.6794
M_235_3,M_235_3.mp4_sec_0010.jpg,5,215.7867,208.7587,68.7873
M_235_3,M_235_3.mp4_sec_0011.jpg,1,217.6537,209.0678,87.0872
M_235_3,M_235_3.mp4_sec_0011.jpg,2,215.9698,209.6454,69.6909
M_235_3,M_235_3.mp4_sec_0011.jpg,3,215.9371,209.4431,69.2714
M_235_3,M_235_3.mp4_sec_0011.jpg,4,216.1868,209.9007,69.8351
M_235_3,M_235_3.mp4_sec_0011.jpg,5,216.275,209.5544,69.604
M_235_3,M_235_3.mp4_sec_0012.jpg,1,216.0521,209.3562,69.1969
M_235_3,M_235_3.mp4_sec_0012.jpg,2,216.1126,209.1933,67.4402
M_235_3,M_235_3.mp4_sec_0012.jpg,3,215.9205,208.9549,67.8716
M_235_3,M_235_3.mp4_sec_0012.jpg,4,216.1316,208.8189,71.4992
M_235_3,M_235_3.mp4_sec_0012.jpg,5,216.5454,209.7285,70.5325
M_235_3,M_235_3.mp4_sec_0013.jpg,1,215.6335,208.6368,68.2428
M_235_3,M_235_3.mp4_sec_0013.jpg,2,215.492,208.5348,67.692
M_235_3,M_235_3.mp4_sec_0013.jpg,3,215.6817,209.4602,69.4537
M_235_3,M_235_3.mp4_sec_0013.jpg,4,215.884,209.2935,68.6725
M_235_3,M_235_3.mp4_sec_0013.jpg,5,216.0725,209.9675,69.6751
M_235_3,M_235_3.mp4_sec_0014.jpg,1,216.305,209.8019,73.3103
M_235_3,M_235_3.mp4_sec_0014.jpg,2,218.1356,209.6373,86.0758
M_235_3,M_235_3.mp4_sec_0014.jpg,3,215.9549,208.9597,68.9688
M_235_3,M_235_3.mp4_sec_0014.jpg,4,215.5425,209.1909,69.6743
M_235_3,M_235_3.mp4_sec_0014.jpg,5,215.9301,209.5946,69.7023
M_235_3,M_235_3.mp4_sec_0015.jpg,1,215.8405,209.5195,68.8761
M_235_3,M_235_3.mp4_sec_0015.jpg,2,215.877,208.8256,67.9791
M_235_3,M_235_3.mp4_sec_0015.jpg,3,215.5675,208.5668,68.447
M_235_3,M_235_3.mp4_sec_0015.jpg,4,216.8196,209.8193,72.8373
M_235_3,M_235_3.mp4_sec_0015.jpg,5,216.201,209.9086,75.0263
M_235_3,M_235_3.mp4_sec_0016.jpg,1,215.7702,208.7319,68.2575
M_235_3,M_235_3.mp4_sec_0016.jpg,2,216.8614,210.2688,72.7535
M_235_3,M_235_3.mp4_sec_0016.jpg,3,216.7608,209.7152,71.2057
M_235_3,M_235_3.mp4_sec_0016.jpg,4,217.5664,209.0777,86.5244
M_235_3,M_235_3.mp4_sec_0016.jpg,5,215.6364,208.6335,68.175
M_235_3,M_235_3.mp4_sec_0017.jpg,1,215.9322,209.0509,68.2955
M_235_3,M_235_3.mp4_sec_0017.jpg,2,215.8053,208.8053,68.8053
M_235_3,M_235_3.mp4_sec_0017.jpg,3,215.5868,208.6141,69.1108
M_235_3,M_235_3.mp4_sec_0017.jpg,4,217.3471,210.6947,74.5055
M_235_3,M_235_3.mp4_sec_0017.jpg,5,215.8668,208.9588,68.7184
M_235_3,M_235_3.mp4_sec_0018.jpg,1,216.0709,209.4201,69.4122
M_235_3,M_235_3.mp4_sec_0018.jpg,2,215.9653,208.9545,67.6384
M_235_3,M_235_3.mp4_sec_0018.jpg,3,215.9725,209.1757,68.9351
M_235_3,M_235_3.mp4_sec_0018.jpg,4,215.7795,208.9707,67.9259
M_235_3,M_235_3.mp4_sec_0018.jpg,5,216.0667,209.1268,67.4165
M_235_3,M_235_3.mp4_sec_0019.jpg,1,216.9838,208.9036,82.9268
M_235_3,M_235_3.mp4_sec_0019.jpg,2,216.0236,209.0471,74.1408
M_235_3,M_235_3.mp4_sec_0019.jpg,3,215.8682,208.866,68.5134
M_235_3,M_235_3.mp4_sec_0019.jpg,4,216.0122,209.3438,69.2435
M_235_3,M_235_3.mp4_sec_0019.jpg,5,216.4602,209.8655,72.0547
M_235_3,M_235_3.mp4_sec_0020.jpg,1,215.9148,209.2039,68.3794
M_235_3,M_235_3.mp4_sec_0020.jpg,2,215.9259,209.135,68.7939
M_235_3,M_235_3.mp4_sec_0020.jpg,3,215.9953,209.5425,69.483
M_235_3,M_235_3.mp4_sec_0020.jpg,4,215.9367,208.9777,68.683
M_235_3,M_235_3.mp4_sec_0020.jpg,5,217.0281,209.9728,76.7668
M_235_3,M_235_3.mp4_sec_0021.jpg,1,215.8207,208.8207,68.3575
M_235_3,M_235_3.mp4_sec_0021.jpg,2,215.9649,208.9585,67.8946
M_235_3,M_235_3.mp4_sec_0021.jpg,3,216.4184,209.4413,73.7873
M_235_3,M_235_3.mp4_sec_0021.jpg,4,215.7979,209.4192,69.5819
M_235_3,M_235_3.mp4_sec_0021.jpg,5,216.1611,209.7432,69.6049
M_235_3,M_235_3.mp4_sec_0022.jpg,1,215.8231,208.8231,68.8231
M_235_3,M_235_3.mp4_sec_0022.jpg,2,216.431,209.642,69.9917
M_235_3,M_235_3.mp4_sec_0022.jpg,3,216.2183,209.3532,69.1252
M_235_3,M_235_3.mp4_sec_0022.jpg,4,215.7473,209.1266,69.34
M_235_3,M_235_3.mp4_sec_0022.jpg,5,216.0311,209.8793,69.9987
M_235_3,M_235_3.mp4_sec_0023.jpg,1,216.3093,209.398,72.6386
M_235_3,M_235_3.mp4_sec_0023.jpg,2,215.955,208.9311,69.7752
M_235_3,M_235_3.mp4_sec_0023.jpg,3,216.1985,209.2899,67.7556
M_235_3,M_235_3.mp4_sec_0023.jpg,4,217.7839,209.6889,84.1151
M_235_3,M_235_3.mp4_sec_0023.jpg,5,215.9399,209.6486,69.6461
M_235_3,M_235_3.mp4_sec_0024.jpg,1,217.7968,209.8288,82.8903
M_235_3,M_235_3.mp4_sec_0024.jpg,2,217.8167,209.4881,85.4025
M_235_3,M_235_3.mp4_sec_0024.jpg,3,216.1429,209.5133,68.7021
M_235_3,M_235_3.mp4_sec_0024.jpg,4,216.0162,209.4363,68.7421
M_235_3,M_235_3.mp4_sec_0024.jpg,5,216.2121,209.504,71.4657
M_235_3,M_235_3.mp4_sec_0025.jpg,1,216.81,210.1004,73.2961
M_235_3,M_235_3.mp4_sec_0025.jpg,2,215.9834,209.3043,67.9118
M_235_3,M_235_3.mp4_sec_0025.jpg,3,215.8288,208.697,71.2928
M_235_3,M_235_3.mp4_sec_0025.jpg,4,215.9812,209.3762,68.4482
M_235_3,M_235_3.mp4_sec_0025.jpg,5,215.7176,208.9392,68.8461
M_235_3,M_235_3.mp4_sec_0026.jpg,1,215.6367,209.0076,71.0363
M_235_3,M_235_3.mp4_sec_0026.jpg,2,217.3036,208.9594,86.1071
M_235_3,M_235_3.mp4_sec_0026.jpg,3,216.075,209.246,69.1111
M_235_3,M_235_3.mp4_sec_0026.jpg,4,215.9845,209.6916,69.5675
M_235_3,M_235_3.mp4_sec_0026.jpg,5,215.9612,209.2183,67.9226
M_235_3,M_235_3.mp4_sec_0027.jpg,1,215.983,208.9938,67.3364
M_235_3,M_235_3.mp4_sec_0027.jpg,2,215.7579,209.3505,70.6864
M_235_3,M_235_3.mp4_sec_0027.jpg,3,215.9461,209.7021,69.7362
M_235_3,M_235_3.mp4_sec_0027.jpg,4,216.2731,209.2895,69.0699
M_235_3,M_235_3.mp4_sec_0027.jpg,5,215.9697,209.0069,67.5546
M_235_3,M_235_3.mp4_sec_0028.jpg,1,215.7559,208.8246,67.3014
M_235_3,M_235_3.mp4_sec_0028.jpg,2,217.2116,210.2687,75.3337
M_235_3,M_235_3.mp4_sec_0028.jpg,3,215.7393,208.9087,73.4281
M_235_3,M_235_3.mp4_sec_0028.jpg,4,215.7302,209.0502,68.1112
M_235_3,M_235_3.mp4_sec_0028.jpg,5,215.7616,208.5309,70.197
M_235_3,M_235_3.mp4_sec_0029.jpg,1,215.8202,209.2335,70.4368
M_235_3,M_235_3.mp4_sec_0029.jpg,2,215.879,209.5371,70.193
M_235_3,M_235_3.mp4_sec_0029.jpg,3,215.7753,208.7673,68.6548
M_235_3,M_235_3.mp4_sec_0029.jpg,4,215.9657,209.1216,68.3854
M_235_3,M_235_3.mp4_sec_0029.jpg,5,215.9688,209.5139,69.0913
M_235_3,M_235_3.mp4_sec_0030.jpg,1,216.8169,210.1611,73.1827
M_235_3,M_235_3.mp4_sec_0030.jpg,2,216.0764,209.2586,68.007
M_235_3,M_235_3.mp4_sec_0030.jpg,3,215.988,209.226,68.1877
M_235_3,M_235_3.mp4_sec_0030.jpg,4,217.2286,208.9842,86.2388
M_235_3,M_235_3.mp4_sec_0030.jpg,5,215.7346,209.1922,70.7206
M_235_3,M_235_3.mp4_sec_0031.jpg,1,215.9327,208.9477,67.9935
M_235_3,M_235_3.mp4_sec_0031.jpg,2,215.9853,209.0579,68.6292
M_235_3,M_235_3.mp4_sec_0031.jpg,3,215.8971,208.8106,69.1136
M_235_3,M_235_3.mp4_sec_0031.jpg,4,215.8358,208.8301,68.3028
M_235_3,M_235_3.mp4_sec_0031.jpg,5,215.8621,209.4762,69.7319
M_235_3,M_235_3.mp4_sec_0032.jpg,1,216.9719,210.0741,73.0899
M_235_3,M_235_3.mp4_sec_0032.jpg,2,217.2374,208.9122,85.9212
M_235_3,M_235_3.mp4_sec_0032.jpg,3,215.9804,209.3987,68.7945
M_235_3,M_235_3.mp4_sec_0032.jpg,4,217.6781,209.5361,84.5147
M_235_3,M_235_3.mp4_sec_0032.jpg,5,216.6323,209.5132,71.8727
M_235_3,M_235_3.mp4_sec_0033.jpg,1,215.9295,209.0014,68.6756
M_235_3,M_235_3.mp4_sec_0033.jpg,2,216.2158,209.4738,68.1207
M_235_3,M_235_3.mp4_sec_0033.jpg,3,215.8946,209.4616,69.1048
M_235_3,M_235_3.mp4_sec_0033.jpg,4,217.9381,210.3908,80.7928
M_235_3,M_235_3.mp4_sec_0033.jpg,5,215.8164,209.1768,71.2203
M_235_3,M_235_3.mp4_sec_0034.jpg,1,216.0161,209.8372,69.8311
M_235_3,M_235_3.mp4_sec_0034.jpg,2,216.3868,209.2525,73.5511
M_235_3,M_235_3.mp4_sec_0034.jpg,3,215.9036,209.343,68.6092
M_235_3,M_235_3.mp4_sec_0034.jpg,4,215.964,208.7399,70.2988
M_235_3,M_235_3.mp4_sec_0034.jpg,5,215.9788,208.8795,68.7762
M_235_3,M_235_3.mp4_sec_0035.jpg,1,215.7999,208.799,67.4553
M_235_3,M_235_3.mp4_sec_0035.jpg,2,215.9583,209.6551,69.4897
M_235_3,M_235_3.mp4_sec_0035.jpg,3,215.5353,208.5339,68.344
M_235_3,M_235_3.mp4_sec_0035.jpg,4,215.9263,209.2611,73.0892
M_235_3,M_235_3.mp4_sec_0035.jpg,5,215.4641,208.4587,67.848
M_235_3,M_235_3.mp4_sec_0036.jpg,1,215.8965,208.9387,68.119
M_235_3,M_235_3.mp4_sec_0036.jpg,2,215.952,209.1608,74.0374
M_235_3,M_235_3.mp4_sec_0036.jpg,3,216.0697,209.3089,68.0559
M_235_3,M_235_3.mp4_sec_0036.jpg,4,215.8206,208.8176,68.0392
M_235_3,M_235_3.mp4_sec_0036.jpg,5,216.663,209.6992,70.8432
M_264_1,M_264_1.mp4_sec_0000.jpg,1,211.8981,143.7598,40.2287
M_264_1,M_264_1.mp4_sec_0000.jpg,2,211.3987,143.4252,31.5871
M_264_1,M_264_1.mp4_sec_0000.jpg,3,212.4551,145.1455,33.2733
M_264_1,M_264_1.mp4_sec_0000.jpg,4,211.1077,143.1084,32.4363
M_264_1,M_264_1.mp4_sec_0000.jpg,5,211.8899,143.8899,32.8899
M_264_1,M_264_1.mp4_sec_0001.jpg,1,211.5708,144.3488,32.2236
M_264_1,M_264_1.mp4_sec_0001.jpg,2,211.8494,143.8594,32.8394
M_264_1,M_264_1.mp4_sec_0001.jpg,3,211.9715,143.2725,30.9936
M_264_1,M_264_1.mp4_sec_0001.jpg,4,211.5741,143.5482,38.5237
M_264_1,M_264_1.mp4_sec_0001.jpg,5,211.9688,143.9717,32.9659
M_264_1,M_264_1.mp4_sec_0002.jpg,1,212.0776,144.3656,32.2039
M_264_1,M_264_1.mp4_sec_0002.jpg,2,211.4321,143.9841,31.1637
M_264_1,M_264_1.mp4_sec_0002.jpg,3,211.239,143.3134,32.4639
M_264_1,M_264_1.mp4_sec_0002.jpg,4,211.2857,143.8994,31.4131
M_264_1,M_264_1.mp4_sec_0002.jpg,5,211.2921,143.4779,32.5838
M_264_1,M_264_1.mp4_sec_0003.jpg,1,211.8989,143.9794,31.7543
M_264_1,M_264_1.mp4_sec_0003.jpg,2,212.0513,143.452,30.8808
M_264_1,M_264_1.mp4_sec_0003.jpg,3,212.2214,143.9445,32.6389
M_264_1,M_264_1.mp4_sec_0003.jpg,4,211.9974,143.2534,31.1791
M_264_1,M_264_1.mp4_sec_0003.jpg,5,211.575,144.0619,31.1836
M_264_1,M_264_1.mp4_sec_0004.jpg,1,212.8093,144.8997,33.7196
M_264_1,M_264_1.mp4_sec_0004.jpg,2,210.8258,143.0567,32.9016
M_264_1,M_264_1.mp4_sec_0004.jpg,3,212.415,143.636,31.3362
M_264_1,M_264_1.mp4_sec_0004.jpg,4,211.9294,144.2994,39.2593
M_264_1,M_264_1.mp4_sec_0004.jpg,5,210.964,142.9655,32.4697
M_264_1,M_264_1.mp4_sec_0005.jpg,1,211.5562,143.7804,32.1765
M_264_1,M_264_1.mp4_sec_0005.jpg,2,212.4985,144.9235,33.8363
M_264_1,M_264_1.mp4_sec_0005.jpg,3,211.8476,143.9089,32.9005
M_264_1,M_264_1.mp4_sec_0005.jpg,4,211.6835,143.6707,33.3043
M_264_1,M_264_1.mp4_sec_0005.jpg,5,211.9525,143.9525,33.2913
M_264_1,M_264_1.mp4_sec_0006.jpg,1,212.479,143.5891,30.861
M_264_1,M_264_1.mp4_sec_0006.jpg,2,212.4315,143.6104,31.6039
M_264_1,M_264_1.mp4_sec_0006.jpg,3,210.8901,143.3255,31.0927
M_264_1,M_264_1.mp4_sec_0006.jpg,4,211.6404,144.3559,31.5082
M_264_1,M_264_1.mp4_sec_0006.jpg,5,211.8206,144.2879,32.3681
M_264_1,M_264_1.mp4_sec_0007.jpg,1,211.7913,143.8777,32.7758
M_264_1,M_264_1.mp4_sec_0007.jpg,2,211.6407,143.8457,32.4379
M_264_1,M_264_1.mp4_sec_0007.jpg,3,211.7961,143.8275,32.7691
M_264_1,M_264_1.mp4_sec_0007.jpg,4,211.7755,143.8671,32.6882
M_264_1,M_264_1.mp4_sec_0007.jpg,5,212.2258,143.7329,31.0982
M_264_1,M_264_1.mp4_sec_0008.jpg,1,212.4487,144.7698,32.2274
M_264_1,M_264_1.mp4_sec_0008.jpg,2,211.167,143.5197,32.0278
M_264_1,M_264_1.mp4_sec_0008.jpg,3,212.3618,144.2925,32.1928
M_264_1,M_264_1.mp4_sec_0008.jpg,4,211.0115,142.9957,31.6654
M_264_1,M_264_1.mp4_sec_0008.jpg,5,211.1746,143.182,32.2569
M_264_1,M_264_1.mp4_sec_0009.jpg,1,211.7162,143.724,32.9064
M_264_1,M_264_1.mp4_sec_0009.jpg,2,212.6912,143.4234,35.0741
M_264_1,M_264_1.mp4_sec_0009.jpg,3,211.0304,143.1008,32.9373
M_264_1,M_264_1.mp4_sec_0009.jpg,4,211.716,143.7414,31.0736
M_264_1,M_264_1.mp4_sec_0009.jpg,5,210.7359,142.8977,30.9131
M_264_1,M_264_1.mp4_sec_0010.jpg,1,211.0597,143.0168,37.6977
M_264_1,M_264_1.mp4_sec_0010.jpg,2,211.345,143.1981,30.5321
M_264_1,M_264_1.mp4_sec_0010.jpg,3,211.4381,143.6798,32.2388
M_264_1,M_264_1.mp4_sec_0010.jpg,4,211.5305,143.5349,32.6911
M_264_1,M_264_1.mp4_sec_0010.jpg,5,211.9593,143.4233,31.2236
M_264_1,M_264_1.mp4_sec_0011.jpg,1,211.9589,144.8091,31.9429
M_264_1,M_264_1.mp4_sec_0011.jpg,2,211.8976,143.9615,32.8863
M_264_1,M_264_1.mp4_sec_0011.jpg,3,211.6444,143.6488,32.824
M_264_1,M_264_1.mp4_sec_0011.jpg,4,211.9279,144.5237,39.6807
M_264_1,M_264_1.mp4_sec_0011.jpg,5,211.816,144.2152,32.4065
M_264_1,M_264_1.mp4_sec_0012.jpg,1,211.5392,144.0177,32.0414
M_264_1,M_264_1.mp4_sec_0012.jpg,2,212.2432,144.5442,33.0801
M_264_1,M_264_1.mp4_sec_0012.jpg,3,211.9894,144.0,32.9788
M_264_1,M_264_1.mp4_sec_0012.jpg,4,211.718,143.7187,32.9093
M_264_1,M_264_1.mp4_sec_0012.jpg,5,212.1674,144.1318,40.4292
M_264_1,M_264_1.mp4_sec_0013.jpg,1,211.7911,143.5974,37.6065
M_264_1,M_264_1.mp4_sec_0013.jpg,2,211.6169,143.8221,32.3961
M_264_1,M_264_1.mp4_sec_0013.jpg,3,210.6119,143.2443,30.6476
M_264_1,M_264_1.mp4_sec_0013.jpg,4,211.1181,143.1373,32.0992
M_264_1,M_264_1.mp4_sec_0013.jpg,5,211.3123,143.8753,31.3394
M_264_1,M_264_1.mp4_sec_0014.jpg,1,212.4509,144.1519,38.743
M_264_1,M_264_1.mp4_sec_0014.jpg,2,212.2937,143.1418,30.9602
M_264_1,M_264_1.mp4_sec_0014.jpg,3,211.3932,143.7972,31.9936
M_264_1,M_264_1.mp4_sec_0014.jpg,4,211.6451,143.6546,32.6356
M_264_1,M_264_1.mp4_sec_0014.jpg,5,211.2966,143.6672,30.6307
M_264_1,M_264_1.mp4_sec_0015.jpg,1,211.3654,143.6077,30.287
M_264_1,M_264_1.mp4_sec_0015.jpg,2,211.7912,144.5055,32.485
M_264_1,M_264_1.mp4_sec_0015.jpg,3,212.0055,144.7491,31.9855
M_264_1,M_264_1.mp4_sec_0015.jpg,4,211.3262,144.2341,30.9322
M_264_1,M_264_1.mp4_sec_0015.jpg,5,211.3595,143.9777,31.809
M_264_1,M_264_1.mp4_sec_0016.jpg,1,211.831,144.2446,32.3684
M_264_1,M_264_1.mp4_sec_0016.jpg,2,211.8218,144.0223,32.6214
M_264_1,M_264_1.mp4_sec_0016.jpg,3,211.4628,143.741,31.7437
M_264_1,M_264_1.mp4_sec_0016.jpg,4,211.9149,143.9317,33.3406
M_264_1,M_264_1.mp4_sec_0016.jpg,5,211.3596,143.2519,34.7976
M_264_1,M_264_1.mp4_sec_0017.jpg,1,212.2829,144.6234,33.0988
M_264_1,M_264_1.mp4_sec_0017.jpg,2,212.1681,143.7546,30.5978
M_264_1,M_264_1.mp4_sec_0017.jpg,3,211.2888,143.5077,31.8222
M_264_1,M_264_1.mp4_sec_0017.jpg,4,212.9655,145.2842,33.5158
M_264_1,M_264_1.mp4_sec_0017.jpg,5,211.3639,143.7453,32.0695
M_264_1,M_264_1.mp4_sec_0018.jpg,1,211.8055,144.6172,31.9952
M_264_1,M_264_1.mp4_sec_0018.jpg,2,212.8372,144.8903,34.9855
M_264_1,M_264_1.mp4_sec_0018.jpg,3,211.8044,143.8438,39.0471
M_264_1,M_264_1.mp4_sec_0018.jpg,4,210.9557,142.9658,32.3185
M_264_1,M_264_1.mp4_sec_0018.jpg,5,212.0689,144.6125,32.441
M_264_1,M_264_1.mp4_sec_0019.jpg,1,212.5773,145.1956,32.8608
M_264_1,M_264_1.mp4_sec_0019.jpg,2,212.2773,144.3225,38.9703
M_264_1,M_264_1.mp4_sec_0019.jpg,3,210.8918,142.9727,33.9408
M_264_1,M_264_1.mp4_sec_0019.jpg,4,212.0132,143.6584,31.1941
M_264_1,M_264_1.mp4_sec_0019.jpg,5,211.5852,143.7522,32.6262
M_264_1,M_264_1.mp4_sec_0020.jpg,1,210.8682,142.9281,32.019
M_264_1,M_264_1.mp4_sec_0020.jpg,2,211.8762,144.094,31.4255
M_264_1,M_264_1.mp4_sec_0020.jpg,3,210.7815,142.7815,33.6541
M_264_1,M_264_1.mp4_sec_0020.jpg,4,211.5599,143.7558,32.7097
M_264_1,M_264_1.mp4_sec_0020.jpg,5,210.9412,142.9427,32.7079
M_264_1,M_264_1.mp4_sec_0021.jpg,1,211.9883,144.3359,32.6356
M_264_1,M_264_1.mp4_sec_0021.jpg,2,212.3388,143.4969,32.311
M_264_1,M_264_1.mp4_sec_0021.jpg,3,212.104,143.8971,39.9207
M_264_1,M_264_1.mp4_sec_0021.jpg,4,211.878,143.75,39.5183
M_264_1,M_264_1.mp4_sec_0021.jpg,5,212.3983,143.4923,31.7807
M_264_1,M_264_1.mp4_sec_0022.jpg,1,211.9247,143.7103,31.1281
M_264_1,M_264_1.mp4_sec_0022.jpg,2,210.9579,142.967,32.7077
M_264_1,M_264_1.mp4_sec_0022.jpg,3,211.7972,143.9405,33.1325
M_264_1,M_264_1.mp4_sec_0022.jpg,4,210.6908,142.6955,32.775
M_264_1,M_264_1.mp4_sec_0022.jpg,5,211.987,144.228,32.5229
M_264_1,M_264_1.mp4_sec_0023.jpg,1,212.2714,143.5891,30.7923
M_264_1,M_264_1.mp4_sec_0023.jpg,2,212.2747,144.7043,32.4456
M_264_1,M_264_1.mp4_sec_0023.jpg,3,211.469,143.5874,30.9562
M_264_1,M_264_1.mp4_sec_0023.jpg,4,211.5657,143.8005,32.6081
M_264_1,M_264_1.mp4_sec_0023.jpg,5,211.6106,143.7349,32.8036
M_264_1,M_264_1.mp4_sec_0024.jpg,1,212.9085,145.48,34.2323
M_264_1,M_264_1.mp4_sec_0024.jpg,2,212.693,144.7027,34.0198
M_264_1,M_264_1.mp4_sec_0024.jpg,3,212.5011,144.3402,32.634
M_264_1,M_264_1.mp4_sec_0024.jpg,4,211.5121,144.318,31.4926
M_264_1,M_264_1.mp4_sec_0024.jpg,5,212.05,144.3227,32.7693
M_264_1,M_264_1.mp4_sec_0025.jpg,1,211.2052,143.8384,30.9598
M_264_1,M_264_1.mp4_sec_0025.jpg,2,212.8348,144.9053,34.9601
M_264_1,M_264_1.mp4_sec_0025.jpg,3,212.2082,144.3129,33.3652
M_264_1,M_264_1.mp4_sec_0025.jpg,4,212.8854,145.0287,33.2799
M_264_1,M_264_1.mp4_sec_0025.jpg,5,211.7116,143.8627,31.9735
M_264_1,M_264_1.mp4_sec_0026.jpg,1,212.0195,144.0832,32.9572
M_264_1,M_264_1.mp4_sec_0026.jpg,2,211.863,144.2955,31.8827
M_264_1,M_264_1.mp4_sec_0026.jpg,3,212.041,144.1644,33.0339
M_264_1,M_264_1.mp4_sec_0026.jpg,4,211.4956,143.6791,32.4782
M_264_1,M_264_1.mp4_sec_0026.jpg,5,211.501,144.3123,31.4508
M_264_1,M_264_1.mp4_sec_0027.jpg,1,211.655,143.2196,34.5267
M_264_1,M_264_1.mp4_sec_0027.jpg,2,211.4242,143.3189,35.3288
M_264_1,M_264_1.mp4_sec_0027.jpg,3,211.6418,143.7448,32.8149
M_264_1,M_264_1.mp4_sec_0027.jpg,4,210.6172,142.8118,31.8499
M_264_1,M_264_1.mp4_sec_0027.jpg,5,211.2359,143.2497,32.5243
M_264_1,M_264_1.mp4_sec_0028.jpg,1,212.2985,144.1029,38.5782
M_264_1,M_264_1.mp4_sec_0028.jpg,2,212.2716,143.3209,30.7121
M_264_1,M_264_1.mp4_sec_0028.jpg,3,210.8643,142.8744,32.3139
M_264_1,M_264_1.mp4_sec_0028.jpg,4,211.0654,143.0212,34.2311
M_264_1,M_264_1.mp4_sec_0028.jpg,5,211.7216,143.4861,30.841
M_264_1,M_264_1.mp4_sec_0029.jpg,1,211.7603,143.7661,32.7544
M_264_1,M_264_1.mp4_sec_0029.jpg,2,211.1921,144.0361,31.3559
M_264_1,M_264_1.mp4_sec_0029.jpg,3,211.7764,143.7764,32.9255
M_264_1,M_264_1.mp4_sec_0029.jpg,4,211.4342,143.6093,32.3207
M_264_1,M_264_1.mp4_sec_0029.jpg,5,212.533,144.1353,32.2473
M_264_1,M_264_1.mp4_sec_0030.jpg,1,212.257,143.7637,30.4773
M_264_1,M_264_1.mp4_sec_0030.jpg,2,213.2877,145.5148,35.7141
M_264_1,M_264_1.mp4_sec_0030.jpg,3,212.2058,144.3149,33.0902
M_264_1,M_264_1.mp4_sec_0030.jpg,4,211.761,143.7671,32.9057
M_264_1,M_264_1.mp4_sec_0030.jpg,5,211.5352,143.9226,30.9104
M_264_2,M_264_2.mp4_sec_0000.jpg,1,211.8699,143.8758,33.1976
M_264_2,M_264_2.mp4_sec_0000.jpg,2,211.2775,143.324,32.1047
M_264_2,M_264_2.mp4_sec_0000.jpg,3,212.3891,145.1297,32.6291
M_264_2,M_264_2.mp4_sec_0000.jpg,4,211.9286,144.2569,32.3214
M_264_2,M_264_2.mp4_sec_0000.jpg,5,212.5718,144.7138,33.6437
M_264_2,M_264_2.mp4_sec_0001.jpg,1,212.1194,143.9516,35.4598
M_264_2,M_264_2.mp4_sec_0001.jpg,2,211.8111,144.5281,32.0736
M_264_2,M_264_2.mp4_sec_0001.jpg,3,211.4284,143.4934,32.4631
M_264_2,M_264_2.mp4_sec_0001.jpg,4,211.9796,143.9726,33.4973
M_264_2,M_264_2.mp4_sec_0001.jpg,5,212.306,143.8737,31.7371
M_264_2,M_264_2.mp4_sec_0002.jpg,1,211.5626,143.6271,32.7064
M_264_2,M_264_2.mp4_sec_0002.jpg,2,211.2921,143.2402,33.6693
M_264_2,M_264_2.mp4_sec_0002.jpg,3,212.0814,144.0321,40.0912
M_264_2,M_264_2.mp4_sec_0002.jpg,4,211.2208,143.3257,31.6324
M_264_2,M_264_2.mp4_sec_0002.jpg,5,211.2054,143.1596,33.6226
M_264_2,M_264_2.mp4_sec_0003.jpg,1,212.835,145.1379,32.6291
M_264_2,M_264_2.mp4_sec_0003.jpg,2,211.7903,143.7918,33.0723
M_264_2,M_264_2.mp4_sec_0003.jpg,3,212.1172,144.1839,33.3985
M_264_2,M_264_2.mp4_sec_0003.jpg,4,212.1456,143.8725,31.1117
M_264_2,M_264_2.mp4_sec_0003.jpg,5,211.8923,143.9077,33.1033
M_264_2,M_264_2.mp4_sec_0004.jpg,1,211.2772,143.2816,32.393
M_264_2,M_264_2.mp4_sec_0004.jpg,2,213.0063,145.1578,34.3782
M_264_2,M_264_2.mp4_sec_0004.jpg,3,212.5945,144.768,33.4347
M_264_2,M_264_2.mp4_sec_0004.jpg,4,211.1127,142.96,34.6423
M_264_2,M_264_2.mp4_sec_0004.jpg,5,211.5482,144.3552,31.73
M_264_2,M_264_2.mp4_sec_0005.jpg,1,211.0252,143.0241,33.8868
M_264_2,M_264_2.mp4_sec_0005.jpg,2,212.4646,144.5334,37.6344
M_264_2,M_264_2.mp4_sec_0005.jpg,3,210.8697,142.9887,33.8834
M_264_2,M_264_2.mp4_sec_0005.jpg,4,211.9423,144.123,32.7532
M_264_2,M_264_2.mp4_sec_0005.jpg,5,213.2424,145.6488,34.5834
M_264_2,M_264_2.mp4_sec_0006.jpg,1,212.4217,144.4504,33.3902
M_264_2,M_264_2.mp4_sec_0006.jpg,2,211.7516,143.7509,33.6762
M_264_2,M_264_2.mp4_sec_0006.jpg,3,211.3705,143.6008,31.0469
M_264_2,M_264_2.mp4_sec_0006.jpg,4,211.9937,144.362,32.5723
M_264_2,M_264_2.mp4_sec_0006.jpg,5,211.8454,144.6499,32.0215
M_264_2,M_264_2.mp4_sec_0007.jpg,1,211.928,143.6973,34.7282
M_264_2,M_264_2.mp4_sec_0007.jpg,2,211.2117,143.2231,32.3399
M_264_2,M_264_2.mp4_sec_0007.jpg,3,212.0696,144.5194,32.4115
M_264_2,M_264_2.mp4_sec_0007.jpg,4,212.4178,144.5284,39.8491
M_264_2,M_264_2.mp4_sec_0007.jpg,5,212.348,144.3969,31.9903
M_264_2,M_264_2.mp4_sec_0008.jpg,1,212.1092,144.2172,33.0577
M_264_2,M_264_2.mp4_sec_0008.jpg,2,212.0913,144.1077,33.789
M_264_2,M_264_2.mp4_sec_0008.jpg,3,211.7355,144.1886,31.0752
M_264_2,M_264_2.mp4_sec_0008.jpg,4,211.8529,143.8529,33.0595
M_264_2,M_264_2.mp4_sec_0008.jpg,5,213.2077,143.3065,31.5893
M_264_2,M_264_2.mp4_sec_0009.jpg,1,211.3251,143.3637,32.3755
M_264_2,M_264_2.mp4_sec_0009.jpg,2,211.8754,144.2293,32.5079
M_264_2,M_264_2.mp4_sec_0009.jpg,3,212.3844,145.0176,33.6534
M_264_2,M_264_2.mp4_sec_0009.jpg,4,211.1264,143.2332,32.1086
M_264_2,M_264_2.mp4_sec_0009.jpg,5,211.6599,143.6484,33.4791
M_264_2,M_264_2.mp4_sec_0010.jpg,1,212.19,144.2696,33.2638
M_264_2,M_264_2.mp4_sec_0010.jpg,2,212.2813,143.3961,31.6732
M_264_2,M_264_2.mp4_sec_0010.jpg,3,211.1057,143.1079,32.3576
M_264_2,M_264_2.mp4_sec_0010.jpg,4,212.7171,144.6667,36.3755
M_264_2,M_264_2.mp4_sec_0010.jpg,5,212.0566,144.1424,40.0234
M_264_2,M_264_2.mp4_sec_0011.jpg,1,212.0024,144.0069,33.7127
M_264_2,M_264_2.mp4_sec_0011.jpg,2,211.4788,143.918,32.3463
M_264_2,M_264_2.mp4_sec_0011.jpg,3,211.9454,144.2795,31.5533
M_264_2,M_264_2.mp4_sec_0011.jpg,4,211.1026,143.0949,33.7882
M_264_2,M_264_2.mp4_sec_0011.jpg,5,211.6541,143.4832,34.4575
M_264_2,M_264_2.mp4_sec_0012.jpg,1,213.0312,145.5721,34.9978
M_264_2,M_264_2.mp4_sec_0012.jpg,2,211.5071,143.513,32.9774
M_264_2,M_264_2.mp4_sec_0012.jpg,3,212.7066,145.1426,33.0497
M_264_2,M_264_2.mp4_sec_0012.jpg,4,212.3184,144.3286,33.3753
M_264_2,M_264_2.mp4_sec_0012.jpg,5,212.2605,145.0139,32.3439
M_264_2,M_264_2.mp4_sec_0013.jpg,1,211.5571,144.203,31.9084
M_264_2,M_264_2.mp4_sec_0013.jpg,2,212.0232,144.0383,38.7169
M_264_2,M_264_2.mp4_sec_0013.jpg,3,212.054,144.1157,33.3706
M_264_2,M_264_2.mp4_sec_0013.jpg,4,211.2218,143.2233,32.6625
M_264_2,M_264_2.mp4_sec_0013.jpg,5,211.0078,143.0078,33.0524
M_264_2,M_264_2.mp4_sec_0014.jpg,1,212.9954,145.1301,33.7761
M_264_2,M_264_2.mp4_sec_0014.jpg,2,211.4969,144.0662,31.1739
M_264_2,M_264_2.mp4_sec_0014.jpg,3,211.6345,143.9598,32.3103
M_264_2,M_264_2.mp4_sec_0014.jpg,4,212.0302,144.7296,32.6573
M_264_2,M_264_2.mp4_sec_0014.jpg,5,211.4354,143.4354,32.5318
M_264_2,M_264_2.mp4_sec_0015.jpg,1,211.6135,144.2395,31.9735
M_264_2,M_264_2.mp4_sec_0015.jpg,2,211.6543,143.83,38.7032
M_264_2,M_264_2.mp4_sec_0015.jpg,3,211.2046,143.8614,31.4493
M_264_2,M_264_2.mp4_sec_0015.jpg,4,212.228,144.1839,41.0519
M_264_2,M_264_2.mp4_sec_0015.jpg,5,211.3685,143.2335,30.8964
M_264_2,M_264_2.mp4_sec_0016.jpg,1,212.737,145.3019,33.6688
M_264_2,M_264_2.mp4_sec_0016.jpg,2,212.1299,143.5804,31.2439
M_264_2,M_264_2.mp4_sec_0016.jpg,3,211.9911,144.3318,36.9538
M_264_2,M_264_2.mp4_sec_0016.jpg,4,211.749,144.1505,32.4284
M_264_2,M_264_2.mp4_sec_0016.jpg,5,211.3487,143.3709,32.9275
M_264_2,M_264_2.mp4_sec_0017.jpg,1,213.2871,145.3566,33.435
M_264_2,M_264_2.mp4_sec_0017.jpg,2,212.3019,144.4508,32.2645
M_264_2,M_264_2.mp4_sec_0017.jpg,3,210.9574,143.2595,32.2606
M_264_2,M_264_2.mp4_sec_0017.jpg,4,212.2339,143.7874,34.6534
M_264_2,M_264_2.mp4_sec_0017.jpg,5,211.9544,143.9863,33.1346
M_264_2,M_264_2.mp4_sec_0018.jpg,1,212.2426,144.2068,34.8373
M_264_2,M_264_2.mp4_sec_0018.jpg,2,211.6099,143.3439,30.9569
M_264_2,M_264_2.mp4_sec_0018.jpg,3,211.7055,143.7965,33.1696
M_264_2,M_264_2.mp4_sec_0018.jpg,4,212.1508,144.0641,39.3246
M_264_2,M_264_2.mp4_sec_0018.jpg,5,211.8481,143.0832,30.9304
M_264_2,M_264_2.mp4_sec_0019.jpg,1,211.3052,143.3538,32.3355
M_264_2,M_264_2.mp4_sec_0019.jpg,2,211.3251,143.3828,32.3463
M_264_2,M_264_2.mp4_sec_0019.jpg,3,212.7756,145.1858,33.41
M_264_2,M_264_2.mp4_sec_0019.jpg,4,211.8001,144.6201,31.8932
M_264_2,M_264_2.mp4_sec_0019.jpg,5,211.9281,143.9295,33.5955
M_264_2,M_264_2.mp4_sec_0020.jpg,1,213.6104,145.8516,37.4896
M_264_2,M_264_2.mp4_sec_0020.jpg,2,212.123,143.9668,31.488
M_264_2,M_264_2.mp4_sec_0020.jpg,3,212.5195,144.5856,33.4892
M_264_2,M_264_2.mp4_sec_0020.jpg,4,213.7652,146.199,35.8556
M_264_2,M_264_2.mp4_sec_0020.jpg,5,211.3965,143.1442,30.9202
M_264_2,M_264_2.mp4_sec_0021.jpg,1,211.6832,144.3139,32.0626
M_264_2,M_264_2.mp4_sec_0021.jpg,2,211.7319,143.9399,32.7114
M_264_2,M_264_2.mp4_sec_0021.jpg,3,212.0145,144.2705,32.798
M_264_2,M_264_2.mp4_sec_0021.jpg,4,211.8824,143.9601,33.007
M_264_2,M_264_2.mp4_sec_0021.jpg,5,212.2778,144.4694,31.9046
M_264_2,M_264_2.mp4_sec_0022.jpg,1,211.2513,143.1471,32.6121
M_264_2,M_264_2.mp4_sec_0022.jpg,2,211.9441,144.2114,32.6985
M_264_2,M_264_2.mp4_sec_0022.jpg,3,211.8203,143.8277,32.9734
M_264_2,M_264_2.mp4_sec_0022.jpg,4,212.9374,145.4934,34.4106
M_264_2,M_264_2.mp4_sec_0022.jpg,5,211.6511,143.8795,32.5736
M_264_2,M_264_2.mp4_sec_0023.jpg,1,211.7875,144.5264,32.3623
M_264_2,M_264_2.mp4_sec_0023.jpg,2,211.743,143.7835,32.9817
M_264_2,M_264_2.mp4_sec_0023.jpg,3,211.8225,143.8225,32.8225
M_264_2,M_264_2.mp4_sec_0023.jpg,4,212.2249,144.2212,33.6161
M_264_2,M_264_2.mp4_sec_0023.jpg,5,211.7804,143.5637,36.272
M_264_2,M_264_2.mp4_sec_0024.jpg,1,210.8668,143.2449,31.5511
M_264_2,M_264_2.mp4_sec_0024.jpg,2,211.6885,144.3128,32.0275
M_264_2,M_264_2.mp4_sec_0024.jpg,3,211.4504,143.6738,32.8984
M_264_2,M_264_2.mp4_sec_0024.jpg,4,211.2,143.5007,36.5467
M_264_2,M_264_2.mp4_sec_0024.jpg,5,211.5709,143.576,33.1335
M_264_2,M_264_2.mp4_sec_0025.jpg,1,211.7495,144.2456,32.3302
M_264_2,M_264_2.mp4_sec_0025.jpg,2,211.739,144.244,32.2095
M_264_2,M_264_2.mp4_sec_0025.jpg,3,211.8672,144.2821,32.4546
M_264_2,M_264_2.mp4_sec_0025.jpg,4,211.4031,143.4531,32.7861
M_264_2,M_264_2.mp4_sec_0025.jpg,5,211.6548,143.5626,31.0114
M_264_2,M_264_2.mp4_sec_0026.jpg,1,211.9394,144.1842,30.9678
M_264_2,M_264_2.mp4_sec_0026.jpg,2,211.6872,143.7225,32.9288
M_264_2,M_264_2.mp4_sec_0026.jpg,3,211.7656,143.9734,32.757
M_264_2,M_264_2.mp4_sec_0026.jpg,4,212.4297,143.8885,31.1771
M_264_2,M_264_2.mp4_sec_0026.jpg,5,212.0645,144.2392,34.5566
M_264_2,M_264_2.mp4_sec_0027.jpg,1,211.1353,143.1422,33.3226
M_264_2,M_264_2.mp4_sec_0027.jpg,2,211.8496,143.7736,33.6396
M_264_2,M_264_2.mp4_sec_0027.jpg,3,211.305,143.2401,35.9651
M_264_2,M_264_2.mp4_sec_0027.jpg,4,212.0403,144.1135,33.3306
M_264_2,M_264_2.mp4_sec_0027.jpg,5,211.2514,143.2415,35.8112
M_264_2,M_264_2.mp4_sec_0028.jpg,1,212.1709,144.1709,33.1946
M_264_2,M_264_2.mp4_sec_0028.jpg,2,212.5783,145.182,33.3275
M_264_2,M_264_2.mp4_sec_0028.jpg,3,212.002,144.0204,33.2747
M_264_2,M_264_2.mp4_sec_0028.jpg,4,212.6269,143.5336,31.7472
M_264_2,M_264_2.mp4_sec_0028.jpg,5,211.5253,143.5312,38.8612
M_264_2,M_264_2.mp4_sec_0029.jpg,1,211.8951,143.8754,33.2968
M_264_2,M_264_2.mp4_sec_0029.jpg,2,211.8436,144.488,31.4808
M_264_2,M_264_2.mp4_sec_0029.jpg,3,211.4847,143.8135,32.3639
M_264_2,M_264_2.mp4_sec_0029.jpg,4,211.6766,144.2039,32.1477
M_264_2,M_264_2.mp4_sec_0029.jpg,5,211.5379,144.198,31.8741
M_264_2,M_264_2.mp4_sec_0030.jpg,1,211.3307,143.2695,36.182
M_264_2,M_264_2.mp4_sec_0030.jpg,2,213.8582,146.4462,39.3296
M_264_2,M_264_2.mp4_sec_0030.jpg,3,213.3629,145.3594,36.5681
M_264_2,M_264_2.mp4_sec_0030.jpg,4,212.2754,144.3449,38.3505
M_264_2,M_264_2.mp4_sec_0030.jpg,5,212.1285,144.509,32.7524
M_264_3,M_264_3.mp4_sec_0000.jpg,1,213.3896,145.4853,36.8526
M_264_3,M_264_3.mp4_sec_0000.jpg,2,211.4267,143.7974,32.074
M_264_3,M_264_3.mp4_sec_0000.jpg,3,212.026,143.8535,32.4121
M_264_3,M_264_3.mp4_sec_0000.jpg,4,211.8364,144.578,31.8557
M_264_3,M_264_3.mp4_sec_0000.jpg,5,212.1322,143.7397,31.3518
M_264_3,M_264_3.mp4_sec_0001.jpg,1,211.7739,144.4942,32.0558
M_264_3,M_264_3.mp4_sec_0001.jpg,2,212.352,144.2291,40.9179
M_264_3,M_264_3.mp4_sec_0001.jpg,3,211.8892,144.4391,31.755
M_264_3,M_264_3.mp4_sec_0001.jpg,4,212.4627,144.4766,39.3407
M_264_3,M_264_3.mp4_sec_0001.jpg,5,211.0313,143.1815,31.7375
M_264_3,M_264_3.mp4_sec_0002.jpg,1,211.7731,143.831,32.8428
M_264_3,M_264_3.mp4_sec_0002.jpg,2,211.4397,144.0816,31.8
M_264_3,M_264_3.mp4_sec_0002.jpg,3,211.9418,144.4028,32.461
M_264_3,M_264_3.mp4_sec_0002.jpg,4,212.0856,144.1642,33.1475
M_264_3,M_264_3.mp4_sec_0002.jpg,5,211.757,143.4589,32.8727
M_264_3,M_264_3.mp4_sec_0003.jpg,1,212.0024,143.9462,34.0009
M_264_3,M_264_3.mp4_sec_0003.jpg,2,212.5047,144.7765,33.5867
M_264_3,M_264_3.mp4_sec_0003.jpg,3,212.1874,144.6738,32.6995
M_264_3,M_264_3.mp4_sec_0003.jpg,4,211.7759,144.1956,31.6602
M_264_3,M_264_3.mp4_sec_0003.jpg,5,211.4769,143.7972,34.7774
M_264_3,M_264_3.mp4_sec_0004.jpg,1,211.1789,143.1885,33.4475
M_264_3,M_264_3.mp4_sec_0004.jpg,2,211.6871,144.0879,32.3479
M_264_3,M_264_3.mp4_sec_0004.jpg,3,211.8949,143.9051,39.3006
M_264_3,M_264_3.mp4_sec_0004.jpg,4,212.6703,144.002,32.1868
M_264_3,M_264_3.mp4_sec_0004.jpg,5,212.5225,144.1487,32.3429
M_264_3,M_264_3.mp4_sec_0005.jpg,1,212.6651,143.7941,31.539
M_264_3,M_264_3.mp4_sec_0005.jpg,2,211.5414,143.7112,32.3657
M_264_3,M_264_3.mp4_sec_0005.jpg,3,211.3733,143.6361,32.5939
M_264_3,M_264_3.mp4_sec_0005.jpg,4,211.9057,144.3813,32.4245
M_264_3,M_264_3.mp4_sec_0005.jpg,5,213.688,146.1029,35.4326
M_264_3,M_264_3.mp4_sec_0006.jpg,1,212.7993,144.7993,33.8704
M_264_3,M_264_3.mp4_sec_0006.jpg,2,211.2475,143.2656,33.3244
M_264_3,M_264_3.mp4_sec_0006.jpg,3,212.4994,143.8799,31.7475
M_264_3,M_264_3.mp4_sec_0006.jpg,4,211.3272,143.4982,30.9229
M_264_3,M_264_3.mp4_sec_0006.jpg,5,211.4219,143.4308,33.1433
M_264_3,M_264_3.mp4_sec_0007.jpg,1,210.9324,142.9338,33.4894
M_264_3,M_264_3.mp4_sec_0007.jpg,2,212.399,144.5225,33.2697
M_264_3,M_264_3.mp4_sec_0007.jpg,3,212.6311,143.9699,31.6167
M_264_3,M_264_3.mp4_sec_0007.jpg,4,212.5325,144.1416,31.2989
M_264_3,M_264_3.mp4_sec_0007.jpg,5,211.7588,143.6838,34.9246
M_264_3,M_264_3.mp4_sec_0008.jpg,1,212.3773,144.3762,40.1901
M_264_3,M_264_3.mp4_sec_0008.jpg,2,212.1385,144.5875,32.3368
M_264_3,M_264_3.mp4_sec_0008.jpg,3,212.343,144.3881,33.7196
M_264_3,M_264_3.mp4_sec_0008.jpg,4,211.3775,143.4485,37.2253
M_264_3,M_264_3.mp4_sec_0008.jpg,5,213.2535,145.3676,34.2244
M_264_3,M_264_3.mp4_sec_0009.jpg,1,213.2608,145.75,34.5101
M_264_3,M_264_3.mp4_sec_0009.jpg,2,211.2918,143.3377,33.289
M_264_3,M_264_3.mp4_sec_0009.jpg,3,211.7081,143.7114,33.4321
M_264_3,M_264_3.mp4_sec_0009.jpg,4,212.6575,144.6782,33.6382
M_264_3,M_264_3.mp4_sec_0009.jpg,5,212.9398,143.7196,33.1996
M_264_3,M_264_3.mp4_sec_0010.jpg,1,212.5542,144.7971,33.3114
M_264_3,M_264_3.mp4_sec_0010.jpg,2,212.4238,144.054,31.8344
M_264_3,M_264_3.mp4_sec_0010.jpg,3,211.6745,143.8434,32.7035
M_264_3,M_264_3.mp4_sec_0010.jpg,4,212.4718,144.474,33.5707
M_264_3,M_264_3.mp4_sec_0010.jpg,5,212.5513,144.6544,33.5258
M_264_3,M_264_3.mp4_sec_0011.jpg,1,212.69,144.6893,33.9095
M_264_3,M_264_3.mp4_sec_0011.jpg,2,211.5686,143.6621,32.4766
M_264_3,M_264_3.mp4_sec_0011.jpg,3,212.5219,144.4363,38.743
M_264_3,M_264_3.mp4_sec_0011.jpg,4,213.441,145.5252,36.7753
M_264_3,M_264_3.mp4_sec_0011.jpg,5,211.5978,143.1793,31.3582
M_264_3,M_264_3.mp4_sec_0012.jpg,1,211.5256,143.5195,33.8662
M_264_3,M_264_3.mp4_sec_0012.jpg,2,212.649,144.3036,32.3892
M_264_3,M_264_3.mp4_sec_0012.jpg,3,212.1672,144.6265,32.7108
M_264_3,M_264_3.mp4_sec_0012.jpg,4,210.9511,142.9536,33.4509
M_264_3,M_264_3.mp4_sec_0012.jpg,5,213.0283,144.5942,32.7647
M_264_3,M_264_3.mp4_sec_0013.jpg,1,212.451,144.5086,38.9138
M_264_3,M_264_3.mp4_sec_0013.jpg,2,212.2523,144.296,33.2115
M_264_3,M_264_3.mp4_sec_0013.jpg,3,212.9084,144.2304,32.8424
M_264_3,M_264_3.mp4_sec_0013.jpg,4,211.2259,143.4489,31.9848
M_264_3,M_264_3.mp4_sec_0013.jpg,5,212.1453,143.8927,31.2866
M_264_3,M_264_3.mp4_sec_0014.jpg,1,212.4487,144.0325,33.0261
M_264_3,M_264_3.mp4_sec_0014.jpg,2,211.9558,144.5066,32.3123
M_264_3,M_264_3.mp4_sec_0014.jpg,3,212.9149,145.0517,33.776
M_264_3,M_264_3.mp4_sec_0014.jpg,4,212.3202,144.142,39.8691
M_264_3,M_264_3.mp4_sec_0014.jpg,5,212.7023,144.0997,31.2284
M_264_3,M_264_3.mp4_sec_0015.jpg,1,213.6982,146.1548,39.1293
M_264_3,M_264_3.mp4_sec_0015.jpg,2,212.0186,143.8972,32.6668
M_264_3,M_264_3.mp4_sec_0015.jpg,3,212.3236,143.5657,34.2091
M_264_3,M_264_3.mp4_sec_0015.jpg,4,212.7992,144.6021,32.9183
M_264_3,M_264_3.mp4_sec_0015.jpg,5,212.0456,144.4325,32.6497
M_264_3,M_264_3.mp4_sec_0016.jpg,1,212.1457,144.2289,33.0971
M_264_3,M_264_3.mp4_sec_0016.jpg,2,212.128,144.3594,31.7711
M_264_3,M_264_3.mp4_sec_0016.jpg,3,211.3437,143.3459,32.7811
M_264_3,M_264_3.mp4_sec_0016.jpg,4,211.3465,143.4555,33.8134
M_264_3,M_264_3.mp4_sec_0016.jpg,5,211.7813,143.7835,32.9478
M_264_3,M_264_3.mp4_sec_0017.jpg,1,212.8136,145.297,33.2879
M_264_3,M_264_3.mp4_sec_0017.jpg,2,212.3019,144.6813,32.9131
M_264_3,M_264_3.mp4_sec_0017.jpg,3,211.4485,143.4514,33.4723
M_264_3,M_264_3.mp4_sec_0017.jpg,4,212.9547,143.9098,31.4635
M_264_3,M_264_3.mp4_sec_0017.jpg,5,212.5779,144.4427,39.7192
M_264_3,M_264_3.mp4_sec_0018.jpg,1,212.2003,144.5581,32.0369
M_264_3,M_264_3.mp4_sec_0018.jpg,2,212.3631,144.1716,31.3448
M_264_3,M_264_3.mp4_sec_0018.jpg,3,212.2439,144.1698,31.2523
M_264_3,M_264_3.mp4_sec_0018.jpg,4,211.352,143.4279,33.3565
M_264_3,M_264_3.mp4_sec_0018.jpg,5,212.3328,144.0515,31.4124
M_264_3,M_264_3.mp4_sec_0019.jpg,1,212.6474,145.0395,33.6176
M_264_3,M_264_3.mp4_sec_0019.jpg,2,211.7661,143.7783,33.4013
M_264_3,M_264_3.mp4_sec_0019.jpg,3,212.4127,144.3505,34.5319
M_264_3,M_264_3.mp4_sec_0019.jpg,4,212.6093,143.8874,32.5792
M_264_3,M_264_3.mp4_sec_0019.jpg,5,212.5198,144.5206,33.5855
M_264_3,M_264_3.mp4_sec_0020.jpg,1,212.582,144.5846,33.8697
M_264_3,M_264_3.mp4_sec_0020.jpg,2,212.6591,144.3466,31.2641
M_264_3,M_264_3.mp4_sec_0020.jpg,3,212.1357,144.2206,33.4582
M_264_3,M_264_3.mp4_sec_0020.jpg,4,211.9648,144.5822,32.3411
M_264_3,M_264_3.mp4_sec_0020.jpg,5,211.3414,143.3496,33.2979
M_264_3,M_264_3.mp4_sec_0021.jpg,1,212.4191,144.4191,33.428
M_264_3,M_264_3.mp4_sec_0021.jpg,2,213.6367,146.112,35.3852
M_264_3,M_264_3.mp4_sec_0021.jpg,3,212.5457,144.4478,31.2823
M_264_3,M_264_3.mp4_sec_0021.jpg,4,212.0997,144.0997,33.1249
M_264_3,M_264_3.mp4_sec_0021.jpg,5,212.7346,144.9079,41.0006
M_264_3,M_264_3.mp4_sec_0022.jpg,1,212.389,144.3098,31.5546
M_264_3,M_264_3.mp4_sec_0022.jpg,2,212.6115,144.2625,31.2705
M_264_3,M_264_3.mp4_sec_0022.jpg,3,211.1948,143.2006,33.2941
M_264_3,M_264_3.mp4_sec_0022.jpg,4,212.5624,144.544,34.8344
M_264_3,M_264_3.mp4_sec_0022.jpg,5,213.0252,143.9478,31.3204
M_264_3,M_264_3.mp4_sec_0023.jpg,1,212.2771,144.2844,31.6524
M_264_3,M_264_3.mp4_sec_0023.jpg,2,212.08,144.08,33.08
M_264_3,M_264_3.mp4_sec_0023.jpg,3,212.3572,144.5599,31.9598
M_264_3,M_264_3.mp4_sec_0023.jpg,4,212.9598,145.6008,33.1867
M_264_3,M_264_3.mp4_sec_0023.jpg,5,211.8956,144.1358,32.8182
M_264_3,M_264_3.mp4_sec_0024.jpg,1,212.7092,143.9149,31.5318
M_264_3,M_264_3.mp4_sec_0024.jpg,2,212.6221,144.1705,32.1535
M_264_3,M_264_3.mp4_sec_0024.jpg,3,212.448,144.6261,40.8003
M_264_3,M_264_3.mp4_sec_0024.jpg,4,211.6342,143.3938,31.8578
M_264_3,M_264_3.mp4_sec_0024.jpg,5,211.7704,143.7718,33.2286
M_264_3,M_264_3.mp4_sec_0025.jpg,1,211.2071,143.2984,32.1262
M_264_3,M_264_3.mp4_sec_0025.jpg,2,212.585,144.3352,32.1458
M_264_3,M_264_3.mp4_sec_0025.jpg,3,212.0665,144.1048,33.0315
M_264_3,M_264_3.mp4_sec_0025.jpg,4,212.6223,144.7995,36.967
M_264_3,M_264_3.mp4_sec_0025.jpg,5,211.4458,143.4181,34.6432
M_264_3,M_264_3.mp4_sec_0026.jpg,1,211.6671,143.8104,32.5223
M_264_3,M_264_3.mp4_sec_0026.jpg,2,211.2654,143.3741,32.1568
M_264_3,M_264_3.mp4_sec_0026.jpg,3,211.7991,143.6411,31.8771
M_264_3,M_264_3.mp4_sec_0026.jpg,4,211.8443,143.8447,32.9203
M_264_3,M_264_3.mp4_sec_0026.jpg,5,212.1985,143.9935,32.9188
M_264_3,M_264_3.mp4_sec_0027.jpg,1,211.5307,143.5482,32.5175
M_264_3,M_264_3.mp4_sec_0027.jpg,2,213.5267,145.6448,36.8987
M_264_3,M_264_3.mp4_sec_0027.jpg,3,211.5659,143.7045,31.7904
M_264_3,M_264_3.mp4_sec_0027.jpg,4,211.2468,143.9633,31.01
M_264_3,M_264_3.mp4_sec_0027.jpg,5,212.653,143.7541,31.2119
M_264_3,M_264_3.mp4_sec_0028.jpg,1,211.4697,144.1583,31.787
M_264_3,M_264_3.mp4_sec_0028.jpg,2,211.8979,144.2146,32.6764
M_264_3,M_264_3.mp4_sec_0028.jpg,3,212.2756,144.8487,32.6369
M_264_3,M_264_3.mp4_sec_0028.jpg,4,211.9961,144.397,32.6449
M_264_3,M_264_3.mp4_sec_0028.jpg,5,213.2875,145.6143,33.8769
M_264_3,M_264_3.mp4_sec_0029.jpg,1,212.6803,144.5138,40.8434
M_264_3,M_264_3.mp4_sec_0029.jpg,2,212.7824,144.9303,40.5379
M_264_3,M_264_3.mp4_sec_0029.jpg,3,211.4208,143.4691,35.6552
M_264_3,M_264_3.mp4_sec_0029.jpg,4,212.9238,145.028,33.8434
M_264_3,M_264_3.mp4_sec_0029.jpg,5,211.8964,144.0067,32.4069
M_264_3,M_264_3.mp4_sec_0030.jpg,1,213.5554,145.9728,35.4033
M_264_3,M_264_3.mp4_sec_0030.jpg,2,211.4542,143.4931,33.0123
M_264_3,M_264_3.mp4_sec_0030.jpg,3,211.5949,143.6209,32.7882
M_264_3,M_264_3.mp4_sec_0030.jpg,4,212.4986,144.5036,33.7316
M_264_3,M_264_3.mp4_sec_0030.jpg,5,213.9607,146.6966,40.2455
M_266_1,M_266_1.mp4_sec_0000.jpg,1,214.4946,64.6721,22.8988
M_266_1,M_266_1.mp4_sec_0000.jpg,2,216.1093,63.5942,17.438
M_266_1,M_266_1.mp4_sec_0000.jpg,3,215.8869,63.7422,19.3303
M_266_1,M_266_1.mp4_sec_0000.jpg,4,215.928,63.5391,19.2249
M_266_1,M_266_1.mp4_sec_0000.jpg,5,215.7924,63.5655,19.118
M_266_1,M_266_1.mp4_sec_0001.jpg,1,216.0541,63.8111,18.6043
M_266_1,M_266_1.mp4_sec_0001.jpg,2,215.5023,63.0817,17.6569
M_266_1,M_266_1.mp4_sec_0001.jpg,3,215.0626,64.055,22.4838
M_266_1,M_266_1.mp4_sec_0001.jpg,4,215.9116,63.6699,18.197
M_266_1,M_266_1.mp4_sec_0001.jpg,5,215.039,65.4495,24.2619
M_266_1,M_266_1.mp4_sec_0002.jpg,1,215.4865,64.2314,21.9389
M_266_1,M_266_1.mp4_sec_0002.jpg,2,214.6416,64.1328,22.9567
M_266_1,M_266_1.mp4_sec_0002.jpg,3,215.1582,63.6091,22.2006
M_266_1,M_266_1.mp4_sec_0002.jpg,4,215.5399,63.2242,16.7733
M_266_1,M_266_1.mp4_sec_0002.jpg,5,215.66,62.9192,16.7597
M_266_1,M_266_1.mp4_sec_0003.jpg,1,215.8638,63.7338,18.1921
M_266_1,M_266_1.mp4_sec_0003.jpg,2,215.6447,62.8355,18.5786
M_266_1,M_266_1.mp4_sec_0003.jpg,3,215.7368,63.6643,19.8355
M_266_1,M_266_1.mp4_sec_0003.jpg,4,213.9784,64.1192,22.3968
M_266_1,M_266_1.mp4_sec_0003.jpg,5,214.6818,63.54,21.9785
M_266_1,M_266_1.mp4_sec_0004.jpg,1,214.7089,65.6587,28.638
M_266_1,M_266_1.mp4_sec_0004.jpg,2,215.8721,63.3173,19.5547
M_266_1,M_266_1.mp4_sec_0004.jpg,3,214.5864,63.1887,20.9628
M_266_1,M_266_1.mp4_sec_0004.jpg,4,215.8689,63.6246,19.4731
M_266_1,M_266_1.mp4_sec_0004.jpg,5,214.3882,63.4311,21.9713
M_266_1,M_266_1.mp4_sec_0005.jpg,1,214.9867,67.6492,28.928
M_266_1,M_266_1.mp4_sec_0005.jpg,2,215.9618,63.4134,17.5685
M_266_1,M_266_1.mp4_sec_0005.jpg,3,216.0047,65.0429,22.7449
M_266_1,M_266_1.mp4_sec_0005.jpg,4,215.3261,63.0999,18.9235
M_266_1,M_266_1.mp4_sec_0005.jpg,5,214.9838,63.2792,22.498
M_266_1,M_266_1.mp4_sec_0006.jpg,1,215.4232,63.8532,21.9717
M_266_1,M_266_1.mp4_sec_0006.jpg,2,215.4381,63.5752,20.157
M_266_1,M_266_1.mp4_sec_0006.jpg,3,215.0846,63.5169,20.7698
M_266_1,M_266_1.mp4_sec_0006.jpg,4,215.2692,64.8523,24.0846
M_266_1,M_266_1.mp4_sec_0006.jpg,5,215.4504,63.528,20.3231
M_266_1,M_266_1.mp4_sec_0007.jpg,1,215.5175,65.7614,25.8645
M_266_1,M_266_1.mp4_sec_0007.jpg,2,215.7585,63.2956,19.5734
M_266_1,M_266_1.mp4_sec_0007.jpg,3,215.8667,65.5617,24.5521
M_266_1,M_266_1.mp4_sec_0007.jpg,4,215.8667,63.5776,17.2778
M_266_1,M_266_1.mp4_sec_0007.jpg,5,215.7857,63.2969,19.5664
M_266_1,M_266_1.mp4_sec_0008.jpg,1,216.1936,64.6565,20.2911
M_266_1,M_266_1.mp4_sec_0008.jpg,2,214.8362,63.4893,21.1103
M_266_1,M_266_1.mp4_sec_0008.jpg,3,215.6916,64.1656,22.9984
M_266_1,M_266_1.mp4_sec_0008.jpg,4,215.0139,63.5761,22.0619
M_266_1,M_266_1.mp4_sec_0008.jpg,5,214.3248,63.556,21.6096
M_266_1,M_266_1.mp4_sec_0009.jpg,1,215.8954,63.5013,19.7083
M_266_1,M_266_1.mp4_sec_0009.jpg,2,216.0464,63.7446,19.0444
M_266_1,M_266_1.mp4_sec_0009.jpg,3,216.0682,64.303,19.5819
M_266_1,M_266_1.mp4_sec_0009.jpg,4,216.0671,63.4787,19.3333
M_266_1,M_266_1.mp4_sec_0009.jpg,5,216.5671,66.2502,23.9372
M_266_1,M_266_1.mp4_sec_0010.jpg,1,215.2009,63.7193,21.6234
M_266_1,M_266_1.mp4_sec_0010.jpg,2,215.4778,64.6982,23.3835
M_266_1,M_266_1.mp4_sec_0010.jpg,3,215.5951,64.2545,22.3867
M_266_1,M_266_1.mp4_sec_0010.jpg,4,217.0862,67.5144,26.9948
M_266_1,M_266_1.mp4_sec_0010.jpg,5,215.6531,64.9971,23.6198
M_266_1,M_266_1.mp4_sec_0011.jpg,1,215.5995,64.7633,23.2636
M_266_1,M_266_1.mp4_sec_0011.jpg,2,214.1048,64.9522,22.8196
M_266_1,M_266_1.mp4_sec_0011.jpg,3,215.666,63.2889,18.366
M_266_1,M_266_1.mp4_sec_0011.jpg,4,215.3246,63.7455,22.2278
M_266_1,M_266_1.mp4_sec_0011.jpg,5,216.1781,64.1036,20.8588
M_266_1,M_266_1.mp4_sec_0012.jpg,1,215.1246,63.5738,21.2956
M_266_1,M_266_1.mp4_sec_0012.jpg,2,215.3281,63.6319,21.0087
M_266_1,M_266_1.mp4_sec_0012.jpg,3,215.3911,63.5231,21.1475
M_266_1,M_266_1.mp4_sec_0012.jpg,4,215.2774,64.6809,23.4109
M_266_1,M_266_1.mp4_sec_0012.jpg,5,214.9901,63.5714,22.811
M_266_1,M_266_1.mp4_sec_0013.jpg,1,215.7475,63.5368,19.8151
M_266_1,M_266_1.mp4_sec_0013.jpg,2,216.186,65.7424,25.3259
M_266_1,M_266_1.mp4_sec_0013.jpg,3,215.3936,63.6961,21.6192
M_266_1,M_266_1.mp4_sec_0013.jpg,4,215.4367,63.7765,21.7394
M_266_1,M_266_1.mp4_sec_0013.jpg,5,216.0994,63.938,19.151
M_266_1,M_266_1.mp4_sec_0014.jpg,1,216.1171,63.539,17.4403
M_266_1,M_266_1.mp4_sec_0014.jpg,2,215.8732,64.0727,19.4946
M_266_1,M_266_1.mp4_sec_0014.jpg,3,215.4558,63.2406,17.0682
M_266_1,M_266_1.mp4_sec_0014.jpg,4,215.3568,65.3012,24.329
M_266_1,M_266_1.mp4_sec_0014.jpg,5,214.0687,63.4387,21.5943
M_266_1,M_266_1.mp4_sec_0015.jpg,1,215.7985,63.9989,22.4093
M_266_1,M_266_1.mp4_sec_0015.jpg,2,216.4928,64.467,23.0316
M_266_1,M_266_1.mp4_sec_0015.jpg,3,215.2671,62.789,17.7763
M_266_1,M_266_1.mp4_sec_0015.jpg,4,215.9131,63.129,17.4278
M_266_1,M_266_1.mp4_sec_0015.jpg,5,215.517,63.8396,21.5433
M_266_1,M_266_1.mp4_sec_0016.jpg,1,214.3001,63.8681,22.3862
M_266_1,M_266_1.mp4_sec_0016.jpg,2,214.2404,65.4233,27.1154
M_266_1,M_266_1.mp4_sec_0016.jpg,3,215.6815,63.6802,17.5384
M_266_1,M_266_1.mp4_sec_0016.jpg,4,215.9219,62.9389,17.0604
M_266_1,M_266_1.mp4_sec_0016.jpg,5,215.8097,63.7105,17.9775
M_266_1,M_266_1.mp4_sec_0017.jpg,1,214.4033,64.5669,23.8409
M_266_1,M_266_1.mp4_sec_0017.jpg,2,215.1402,64.2646,22.4185
M_266_1,M_266_1.mp4_sec_0017.jpg,3,217.0238,64.9957,25.105
M_266_1,M_266_1.mp4_sec_0017.jpg,4,216.2846,63.9351,19.119
M_266_1,M_266_1.mp4_sec_0017.jpg,5,216.9329,65.0622,23.5254
M_266_1,M_266_1.mp4_sec_0018.jpg,1,216.3301,63.7686,18.881
M_266_1,M_266_1.mp4_sec_0018.jpg,2,215.2698,63.0256,18.184
M_266_1,M_266_1.mp4_sec_0018.jpg,3,216.414,63.9554,19.6221
M_266_1,M_266_1.mp4_sec_0018.jpg,4,215.9582,63.6034,19.7446
M_266_1,M_266_1.mp4_sec_0018.jpg,5,215.3561,63.4055,19.2422
M_266_1,M_266_1.mp4_sec_0019.jpg,1,215.2986,62.882,17.6278
M_266_1,M_266_1.mp4_sec_0019.jpg,2,215.2116,64.4791,22.9426
M_266_1,M_266_1.mp4_sec_0019.jpg,3,215.7296,63.708,17.5761
M_266_1,M_266_1.mp4_sec_0019.jpg,4,214.631,65.6761,28.2294
M_266_1,M_266_1.mp4_sec_0019.jpg,5,214.9282,65.1217,25.6583
M_266_1,M_266_1.mp4_sec_0020.jpg,1,215.4007,63.2056,20.1658
M_266_1,M_266_1.mp4_sec_0020.jpg,2,215.6006,62.8699,18.2772
M_266_1,M_266_1.mp4_sec_0020.jpg,3,215.6178,63.4314,18.8763
M_266_1,M_266_1.mp4_sec_0020.jpg,4,215.5837,63.9124,22.8591
M_266_1,M_266_1.mp4_sec_0020.jpg,5,215.0757,65.9389,26.1859
M_266_1,M_266_1.mp4_sec_0021.jpg,1,215.6355,63.1155,17.7478
M_266_1,M_266_1.mp4_sec_0021.jpg,2,215.1517,65.8526,24.872
M_266_1,M_266_1.mp4_sec_0021.jpg,3,215.5745,63.3722,18.3365
M_266_1,M_266_1.mp4_sec_0021.jpg,4,215.9144,63.7768,17.9244
M_266_1,M_266_1.mp4_sec_0021.jpg,5,213.6772,64.1599,22.3166
M_266_1,M_266_1.mp4_sec_0022.jpg,1,215.926,63.6191,19.0333
M_266_1,M_266_1.mp4_sec_0022.jpg,2,215.2057,66.2148,26.5462
M_266_1,M_266_1.mp4_sec_0022.jpg,3,215.7681,63.5535,17.8321
M_266_1,M_266_1.mp4_sec_0022.jpg,4,215.9273,63.6316,18.3531
M_266_1,M_266_1.mp4_sec_0022.jpg,5,215.9807,63.9027,19.9472
M_266_1,M_266_1.mp4_sec_0023.jpg,1,215.0188,67.3584,28.8162
M_266_1,M_266_1.mp4_sec_0023.jpg,2,215.8562,63.3375,18.7394
M_266_1,M_266_1.mp4_sec_0023.jpg,3,215.7719,64.534,23.1368
M_266_1,M_266_1.mp4_sec_0023.jpg,4,215.7491,63.4718,19.9138
M_266_1,M_266_1.mp4_sec_0023.jpg,5,215.967,63.2125,17.7038
M_266_1,M_266_1.mp4_sec_0024.jpg,1,215.5119,63.4385,20.1209
M_266_1,M_266_1.mp4_sec_0024.jpg,2,215.0467,63.5611,21.2468
M_266_1,M_266_1.mp4_sec_0024.jpg,3,215.7231,63.6815,18.127
M_266_1,M_266_1.mp4_sec_0024.jpg,4,214.836,66.013,28.4278
M_266_1,M_266_1.mp4_sec_0024.jpg,5,215.2312,66.075,29.4051
M_266_1,M_266_1.mp4_sec_0025.jpg,1,215.4462,63.1042,17.0077
M_266_1,M_266_1.mp4_sec_0025.jpg,2,215.3874,63.6194,20.8033
M_266_1,M_266_1.mp4_sec_0025.jpg,3,215.2875,63.4005,23.2683
M_266_1,M_266_1.mp4_sec_0025.jpg,4,215.2414,64.2896,23.3932
M_266_1,M_266_1.mp4_sec_0025.jpg,5,215.6793,63.0987,16.4101
M_266_1,M_266_1.mp4_sec_0026.jpg,1,216.2367,64.2859,23.2828
M_266_1,M_266_1.mp4_sec_0026.jpg,2,214.5956,69.3644,31.9293
M_266_1,M_266_1.mp4_sec_0026.jpg,3,215.3892,63.1732,19.3171
M_266_1,M_266_1.mp4_sec_0026.jpg,4,215.6997,63.3126,19.9756
M_266_1,M_266_1.mp4_sec_0026.jpg,5,215.7035,63.6979,18.6151
M_266_1,M_266_1.mp4_sec_0027.jpg,1,215.0497,63.3799,21.0959
M_266_1,M_266_1.mp4_sec_0027.jpg,2,216.0175,63.4346,19.0086
M_266_1,M_266_1.mp4_sec_0027.jpg,3,216.193,64.2895,18.7205
M_266_1,M_266_1.mp4_sec_0027.jpg,4,216.51,64.898,22.025
M_266_1,M_266_1.mp4_sec_0027.jpg,5,215.5945,63.7809,22.0904
M_266_1,M_266_1.mp4_sec_0028.jpg,1,215.0627,63.3595,19.6407
M_266_1,M_266_1.mp4_sec_0028.jpg,2,216.7752,64.8547,24.0222
M_266_1,M_266_1.mp4_sec_0028.jpg,3,216.0672,64.1162,20.8618
M_266_1,M_266_1.mp4_sec_0028.jpg,4,216.3014,63.8483,19.6468
M_266_1,M_266_1.mp4_sec_0028.jpg,5,216.2074,63.8362,19.6015
M_266_1,M_266_1.mp4_sec_0029.jpg,1,214.7798,65.4013,23.8898
M_266_1,M_266_1.mp4_sec_0029.jpg,2,214.5945,63.4562,22.134
M_266_1,M_266_1.mp4_sec_0029.jpg,3,215.3059,63.4805,20.0924
M_266_1,M_266_1.mp4_sec_0029.jpg,4,215.7029,63.3862,18.063
M_266_1,M_266_1.mp4_sec_0029.jpg,5,214.2538,63.9114,22.1338
M_266_1,M_266_1.mp4_sec_0030.jpg,1,215.4609,64.3797,22.4802
M_266_1,M_266_1.mp4_sec_0030.jpg,2,215.7738,63.3681,20.1162
M_266_1,M_266_1.mp4_sec_0030.jpg,3,215.0684,63.4969,21.7471
M_266_1,M_266_1.mp4_sec_0030.jpg,4,215.9497,62.8681,16.8068
M_266_1,M_266_1.mp4_sec_0030.jpg,5,216.0557,63.4177,17.1513
M_266_1,M_266_1.mp4_sec_0031.jpg,1,214.4046,65.1995,26.8178
M_266_1,M_266_1.mp4_sec_0031.jpg,2,216.1807,64.1441,20.8083
M_266_1,M_266_1.mp4_sec_0031.jpg,3,215.8465,63.6457,20.5175
M_266_1,M_266_1.mp4_sec_0031.jpg,4,217.0915,67.461,25.9293
M_266_1,M_266_1.mp4_sec_0031.jpg,5,214.4143,65.2136,26.8891
M_266_1,M_266_1.mp4_sec_0032.jpg,1,215.3696,64.1105,22.917
M_266_1,M_266_1.mp4_sec_0032.jpg,2,215.4673,65.3424,24.7335
M_266_1,M_266_1.mp4_sec_0032.jpg,3,214.9074,64.2289,23.7692
M_266_1,M_266_1.mp4_sec_0032.jpg,4,215.3842,65.1039,24.1452
M_266_1,M_266_1.mp4_sec_0032.jpg,5,215.1363,63.2054,20.6812
M_266_1,M_266_1.mp4_sec_0033.jpg,1,217.1584,67.7309,28.3259
M_266_1,M_266_1.mp4_sec_0033.jpg,2,214.7572,66.7637,27.3997
M_266_1,M_266_1.mp4_sec_0033.jpg,3,216.0433,63.8492,19.485
M_266_1,M_266_1.mp4_sec_0033.jpg,4,215.3108,63.1006,20.489
M_266_1,M_266_1.mp4_sec_0033.jpg,5,216.3703,64.9895,20.5586
M_266_1,M_266_1.mp4_sec_0034.jpg,1,215.3719,63.6275,21.4147
M_266_1,M_266_1.mp4_sec_0034.jpg,2,215.3963,62.9131,18.1347
M_266_1,M_266_1.mp4_sec_0034.jpg,3,215.1131,63.5747,21.2646
M_266_1,M_266_1.mp4_sec_0034.jpg,4,214.6962,64.5114,24.0283
M_266_1,M_266_1.mp4_sec_0034.jpg,5,214.9311,63.526,21.3312
M_266_2,M_266_2.mp4_sec_0000.jpg,1,216.1793,62.78,18.1094
M_266_2,M_266_2.mp4_sec_0000.jpg,2,214.5123,66.6255,26.9886
M_266_2,M_266_2.mp4_sec_0000.jpg,3,216.2385,62.5529,18.1613
M_266_2,M_266_2.mp4_sec_0000.jpg,4,215.1198,63.5487,20.9774
M_266_2,M_266_2.mp4_sec_0000.jpg,5,215.3369,64.4319,22.5032
M_266_2,M_266_2.mp4_sec_0001.jpg,1,215.0069,63.7683,22.1537
M_266_2,M_266_2.mp4_sec_0001.jpg,2,214.8172,64.2125,23.5226
M_266_2,M_266_2.mp4_sec_0001.jpg,3,215.9096,64.7703,24.6379
M_266_2,M_266_2.mp4_sec_0001.jpg,4,214.8124,63.1196,21.172
M_266_2,M_266_2.mp4_sec_0001.jpg,5,215.8943,63.8927,20.4762
M_266_2,M_266_2.mp4_sec_0002.jpg,1,214.8052,63.2192,22.1997
M_266_2,M_266_2.mp4_sec_0002.jpg,2,216.4533,65.3182,21.0029
M_266_2,M_266_2.mp4_sec_0002.jpg,3,215.2751,65.0029,23.6614
M_266_2,M_266_2.mp4_sec_0002.jpg,4,215.8059,63.4879,17.8323
M_266_2,M_266_2.mp4_sec_0002.jpg,5,214.7193,64.3799,24.1604
M_266_2,M_266_2.mp4_sec_0003.jpg,1,214.367,63.499,21.2636
M_266_2,M_266_2.mp4_sec_0003.jpg,2,215.8204,62.6406,17.2537
M_266_2,M_266_2.mp4_sec_0003.jpg,3,216.836,64.8061,23.9317
M_266_2,M_266_2.mp4_sec_0003.jpg,4,216.0218,63.0248,17.6293
M_266_2,M_266_2.mp4_sec_0003.jpg,5,215.0932,62.7981,18.8471
M_266_2,M_266_2.mp4_sec_0004.jpg,1,214.8525,66.1129,25.9206
M_266_2,M_266_2.mp4_sec_0004.jpg,2,215.3227,65.2163,24.4989
M_266_2,M_266_2.mp4_sec_0004.jpg,3,215.1243,64.6575,23.608
M_266_2,M_266_2.mp4_sec_0004.jpg,4,215.3754,64.2148,21.9491
M_266_2,M_266_2.mp4_sec_0004.jpg,5,214.8149,63.7911,22.7859
M_266_2,M_266_2.mp4_sec_0005.jpg,1,215.7348,63.4755,19.8074
M_266_2,M_266_2.mp4_sec_0005.jpg,2,215.7689,63.2469,19.0202
M_266_2,M_266_2.mp4_sec_0005.jpg,3,215.489,63.4746,20.0417
M_266_2,M_266_2.mp4_sec_0005.jpg,4,215.1034,63.4235,20.7725
M_266_2,M_266_2.mp4_sec_0005.jpg,5,216.224,64.2803,21.2991
M_266_2,M_266_2.mp4_sec_0006.jpg,1,215.5195,63.5759,20.4192
M_266_2,M_266_2.mp4_sec_0006.jpg,2,216.0841,63.7348,17.7504
M_266_2,M_266_2.mp4_sec_0006.jpg,3,217.2395,65.1576,25.5812
M_266_2,M_266_2.mp4_sec_0006.jpg,4,214.6003,63.5253,21.5936
M_266_2,M_266_2.mp4_sec_0006.jpg,5,214.7724,63.4684,21.2799
M_266_2,M_266_2.mp4_sec_0007.jpg,1,214.5492,63.294,21.0886
M_266_2,M_266_2.mp4_sec_0007.jpg,2,215.8247,64.2473,22.0837
M_266_2,M_266_2.mp4_sec_0007.jpg,3,215.2496,65.5456,28.8348
M_266_2,M_266_2.mp4_sec_0007.jpg,4,217.2738,68.2031,28.574
M_266_2,M_266_2.mp4_sec_0007.jpg,5,215.0022,64.8992,24.5206
M_266_2,M_266_2.mp4_sec_0008.jpg,1,215.2563,63.9437,22.2249
M_266_2,M_266_2.mp4_sec_0008.jpg,2,215.7235,64.3519,23.5759
M_266_2,M_266_2.mp4_sec_0008.jpg,3,215.965,63.7437,18.1154
M_266_2,M_266_2.mp4_sec_0008.jpg,4,215.04,63.3905,20.7377
M_266_2,M_266_2.mp4_sec_0008.jpg,5,216.276,64.3764,19.4843
M_266_2,M_266_2.mp4_sec_0009.jpg,1,215.4636,63.2509,18.1925
M_266_2,M_266_2.mp4_sec_0009.jpg,2,216.351,63.9161,18.6199
M_266_2,M_266_2.mp4_sec_0009.jpg,3,214.2359,63.8773,22.2691
M_266_2,M_266_2.mp4_sec_0009.jpg,4,215.7753,63.4049,19.2799
M_266_2,M_266_2.mp4_sec_0009.jpg,5,215.2868,65.0298,25.0474
M_266_2,M_266_2.mp4_sec_0010.jpg,1,215.5789,63.8822,22.0975
M_266_2,M_266_2.mp4_sec_0010.jpg,2,215.1924,64.1382,23.6908
M_266_2,M_266_2.mp4_sec_0010.jpg,3,215.1615,63.5219,20.3973
M_266_2,M_266_2.mp4_sec_0010.jpg,4,215.7351,63.3609,18.5299
M_266_2,M_266_2.mp4_sec_0010.jpg,5,215.5837,64.0378,22.7733
M_266_2,M_266_2.mp4_sec_0011.jpg,1,215.0291,65.2246,25.0619
M_266_2,M_266_2.mp4_sec_0011.jpg,2,215.4412,62.9897,18.0955
M_266_2,M_266_2.mp4_sec_0011.jpg,3,217.3487,68.2398,28.3373
M_266_2,M_266_2.mp4_sec_0011.jpg,4,215.6053,63.8041,23.1622
M_266_2,M_266_2.mp4_sec_0011.jpg,5,215.2,62.9501,18.9241
M_266_2,M_266_2.mp4_sec_0012.jpg,1,214.7433,63.8809,23.2658
M_266_2,M_266_2.mp4_sec_0012.jpg,2,216.0218,63.7939,20.3384
M_266_2,M_266_2.mp4_sec_0012.jpg,3,214.4843,63.3087,21.0932
M_266_2,M_266_2.mp4_sec_0012.jpg,4,216.6321,67.6274,27.1377
M_266_2,M_266_2.mp4_sec_0012.jpg,5,215.7143,63.2284,17.4922
M_266_2,M_266_2.mp4_sec_0013.jpg,1,215.0025,63.9349,23.9352
M_266_2,M_266_2.mp4_sec_0013.jpg,2,215.4636,63.4517,19.9645
M_266_2,M_266_2.mp4_sec_0013.jpg,3,215.1057,65.3862,26.6264
M_266_2,M_266_2.mp4_sec_0013.jpg,4,215.4729,63.4161,20.73
M_266_2,M_266_2.mp4_sec_0013.jpg,5,215.0745,63.9452,22.1055
M_266_2,M_266_2.mp4_sec_0014.jpg,1,215.9066,64.1044,22.2691
M_266_2,M_266_2.mp4_sec_0014.jpg,2,215.4123,63.1874,20.022
M_266_2,M_266_2.mp4_sec_0014.jpg,3,215.2244,64.3808,23.3135
M_266_2,M_266_2.mp4_sec_0014.jpg,4,216.3384,64.5855,21.0761
M_266_2,M_266_2.mp4_sec_0014.jpg,5,216.6719,64.6279,22.2062
M_266_2,M_266_2.mp4_sec_0015.jpg,1,214.8303,65.0936,25.8902
M_266_2,M_266_2.mp4_sec_0015.jpg,2,215.5631,63.2576,18.1178
M_266_2,M_266_2.mp4_sec_0015.jpg,3,214.6297,65.0531,26.2374
M_266_2,M_266_2.mp4_sec_0015.jpg,4,215.3488,63.922,22.3515
M_266_2,M_266_2.mp4_sec_0015.jpg,5,215.7258,63.2999,19.5325
M_266_2,M_266_2.mp4_sec_0016.jpg,1,215.2399,66.2055,25.2445
M_266_2,M_266_2.mp4_sec_0016.jpg,2,215.5141,63.4551,20.4681
M_266_2,M_266_2.mp4_sec_0016.jpg,3,215.1357,63.1209,18.9619
M_266_2,M_266_2.mp4_sec_0016.jpg,4,217.0026,64.9438,25.009
M_266_2,M_266_2.mp4_sec_0016.jpg,5,215.472,65.4051,23.4828
M_266_2,M_266_2.mp4_sec_0017.jpg,1,215.6068,65.5668,25.4381
M_266_2,M_266_2.mp4_sec_0017.jpg,2,215.2232,63.4645,20.7604
M_266_2,M_266_2.mp4_sec_0017.jpg,3,214.8316,65.8298,28.3431
M_266_2,M_266_2.mp4_sec_0017.jpg,4,215.252,65.49,27.0246
M_266_2,M_266_2.mp4_sec_0017.jpg,5,215.8332,62.9253,17.7417
M_266_2,M_266_2.mp4_sec_0018.jpg,1,215.9268,63.3921,18.426
M_266_2,M_266_2.mp4_sec_0018.jpg,2,215.7736,62.9971,17.0254
M_266_2,M_266_2.mp4_sec_0018.jpg,3,214.9331,67.5377,28.4715
M_266_2,M_266_2.mp4_sec_0018.jpg,4,216.213,65.5238,23.1387
M_266_2,M_266_2.mp4_sec_0018.jpg,5,215.4576,62.6997,18.0442
M_266_2,M_266_2.mp4_sec_0019.jpg,1,215.3532,63.8048,22.0565
M_266_2,M_266_2.mp4_sec_0019.jpg,2,215.5014,63.3353,18.5032
M_266_2,M_266_2.mp4_sec_0019.jpg,3,215.5887,63.7103,20.5842
M_266_2,M_266_2.mp4_sec_0019.jpg,4,215.6167,63.5352,19.4858
M_266_2,M_266_2.mp4_sec_0019.jpg,5,214.114,63.7076,22.081
M_266_2,M_266_2.mp4_sec_0020.jpg,1,215.6858,63.1986,16.741
M_266_2,M_266_2.mp4_sec_0020.jpg,2,214.9419,65.2949,23.5711
M_266_2,M_266_2.mp4_sec_0020.jpg,3,216.1005,64.085,19.6508
M_266_2,M_266_2.mp4_sec_0020.jpg,4,214.9567,65.6582,27.2478
M_266_2,M_266_2.mp4_sec_0020.jpg,5,214.6044,65.3045,26.7599
M_266_2,M_266_2.mp4_sec_0021.jpg,1,215.2128,64.4594,22.7499
M_266_2,M_266_2.mp4_sec_0021.jpg,2,215.9893,63.7451,19.1672
M_266_2,M_266_2.mp4_sec_0021.jpg,3,214.6898,66.7884,27.6986
M_266_2,M_266_2.mp4_sec_0021.jpg,4,214.3235,63.0096,21.5119
M_266_2,M_266_2.mp4_sec_0021.jpg,5,215.6745,63.6266,19.7037
M_266_2,M_266_2.mp4_sec_0022.jpg,1,214.2051,63.847,22.388
M_266_2,M_266_2.mp4_sec_0022.jpg,2,215.3674,63.7345,21.5604
M_266_2,M_266_2.mp4_sec_0022.jpg,3,215.5532,63.1282,18.0045
M_266_2,M_266_2.mp4_sec_0022.jpg,4,215.7323,63.4057,18.2197
M_266_2,M_266_2.mp4_sec_0022.jpg,5,215.0844,65.1402,24.7082
M_266_2,M_266_2.mp4_sec_0023.jpg,1,215.92,63.9715,20.7255
M_266_2,M_266_2.mp4_sec_0023.jpg,2,216.3765,64.2802,20.8419
M_266_2,M_266_2.mp4_sec_0023.jpg,3,215.4783,63.1599,18.0954
M_266_2,M_266_2.mp4_sec_0023.jpg,4,214.7824,63.4775,21.2476
M_266_2,M_266_2.mp4_sec_0023.jpg,5,215.1294,62.905,19.8439
M_266_2,M_266_2.mp4_sec_0024.jpg,1,216.1807,64.8027,23.4059
M_266_2,M_266_2.mp4_sec_0024.jpg,2,215.782,63.3991,16.769
M_266_2,M_266_2.mp4_sec_0024.jpg,3,216.2119,64.1472,19.1194
M_266_2,M_266_2.mp4_sec_0024.jpg,4,215.2499,64.385,23.8062
M_266_2,M_266_2.mp4_sec_0024.jpg,5,215.9146,64.9572,24.3693
M_266_2,M_266_2.mp4_sec_0025.jpg,1,214.8218,63.7733,22.0328
M_266_2,M_266_2.mp4_sec_0025.jpg,2,215.6715,63.274,16.9843
M_266_2,M_266_2.mp4_sec_0025.jpg,3,215.2267,65.2264,25.6109
M_266_2,M_266_2.mp4_sec_0025.jpg,4,214.7406,64.9262,24.1246
M_266_2,M_266_2.mp4_sec_0025.jpg,5,215.7599,64.1448,20.9147
M_266_2,M_266_2.mp4_sec_0026.jpg,1,215.813,63.5328,19.2781
M_266_2,M_266_2.mp4_sec_0026.jpg,2,216.3828,63.9919,18.7314
M_266_2,M_266_2.mp4_sec_0026.jpg,3,216.8979,67.4239,26.2082
M_266_2,M_266_2.mp4_sec_0026.jpg,4,215.1411,63.7287,20.6948
M_266_2,M_266_2.mp4_sec_0026.jpg,5,216.1425,63.8772,20.4351
M_266_2,M_266_2.mp4_sec_0027.jpg,1,215.9206,63.8048,20.5727
M_266_2,M_266_2.mp4_sec_0027.jpg,2,216.5768,66.9333,26.2707
M_266_2,M_266_2.mp4_sec_0027.jpg,3,216.1432,63.5759,19.2792
M_266_2,M_266_2.mp4_sec_0027.jpg,4,216.2502,64.0372,18.8844
M_266_2,M_266_2.mp4_sec_0027.jpg,5,215.5256,65.2327,23.9744
M_266_2,M_266_2.mp4_sec_0028.jpg,1,215.6414,64.1443,21.7715
M_266_2,M_266_2.mp4_sec_0028.jpg,2,215.3618,64.6259,22.8665
M_266_2,M_266_2.mp4_sec_0028.jpg,3,214.8099,66.3627,26.0583
M_266_2,M_266_2.mp4_sec_0028.jpg,4,216.5121,64.5424,18.8526
M_266_2,M_266_2.mp4_sec_0028.jpg,5,214.7359,64.5303,23.6679
M_266_2,M_266_2.mp4_sec_0029.jpg,1,214.9239,63.6147,21.6887
M_266_2,M_266_2.mp4_sec_0029.jpg,2,216.197,63.1418,17.2973
M_266_2,M_266_2.mp4_sec_0029.jpg,3,216.1037,64.1432,18.6903
M_266_2,M_266_2.mp4_sec_0029.jpg,4,215.6315,65.3149,24.548
M_266_2,M_266_2.mp4_sec_0029.jpg,5,216.195,63.4055,18.1035
M_266_2,M_266_2.mp4_sec_0030.jpg,1,214.8056,63.7444,21.7332
M_266_2,M_266_2.mp4_sec_0030.jpg,2,215.4737,63.7949,21.1259
M_266_2,M_266_2.mp4_sec_0030.jpg,3,216.324,64.1001,18.3847
M_266_2,M_266_2.mp4_sec_0030.jpg,4,214.6623,64.4623,25.2924
M_266_2,M_266_2.mp4_sec_0030.jpg,5,215.735,63.647,19.4416
M_266_3,M_266_3.mp4_sec_0000.jpg,1,214.8995,63.2976,21.4733
M_266_3,M_266_3.mp4_sec_0000.jpg,2,215.0139,64.915,22.5253
M_266_3,M_266_3.mp4_sec_0000.jpg,3,215.9091,64.9105,22.4796
M_266_3,M_266_3.mp4_sec_0000.jpg,4,216.4807,64.4977,21.2311
M_266_3,M_266_3.mp4_sec_0000.jpg,5,214.4201,64.5078,22.3761
M_266_3,M_266_3.mp4_sec_0001.jpg,1,215.0083,63.8021,23.0981
M_266_3,M_266_3.mp4_sec_0001.jpg,2,216.9627,67.3718,25.5983
M_266_3,M_266_3.mp4_sec_0001.jpg,3,215.4968,63.3667,17.0216
M_266_3,M_266_3.mp4_sec_0001.jpg,4,215.5611,63.9233,20.9603
M_266_3,M_266_3.mp4_sec_0001.jpg,5,214.8571,64.531,23.3146
M_266_3,M_266_3.mp4_sec_0002.jpg,1,215.1097,65.0768,25.1106
M_266_3,M_266_3.mp4_sec_0002.jpg,2,215.1062,62.8052,19.4286
M_266_3,M_266_3.mp4_sec_0002.jpg,3,215.4881,63.3869,18.8972
M_266_3,M_266_3.mp4_sec_0002.jpg,4,215.6638,63.557,17.9264
M_266_3,M_266_3.mp4_sec_0002.jpg,5,214.5152,63.2973,21.5855
M_266_3,M_266_3.mp4_sec_0003.jpg,1,205.9416,61.4257,25.5539
M_266_3,M_266_3.mp4_sec_0003.jpg,2,205.4623,62.107,22.5509
M_266_3,M_266_3.mp4_sec_0003.jpg,3,206.1344,61.0516,18.5345
M_266_3,M_266_3.mp4_sec_0003.jpg,4,205.9331,59.9459,21.0907
M_266_3,M_266_3.mp4_sec_0003.jpg,5,205.3516,58.2549,15.281
M_266_3,M_266_3.mp4_sec_0004.jpg,1,200.5231,55.7011,16.189
M_266_3,M_266_3.mp4_sec_0004.jpg,2,200.4499,58.2365,17.2861
M_266_3,M_266_3.mp4_sec_0004.jpg,3,200.6782,55.7051,16.2453
M_266_3,M_266_3.mp4_sec_0004.jpg,4,200.9055,57.824,18.5379
M_266_3,M_266_3.mp4_sec_0004.jpg,5,201.3133,59.1236,19.0417
M_266_3,M_266_3.mp4_sec_0005.jpg,1,201.3847,57.8485,17.0388
M_266_3,M_266_3.mp4_sec_0005.jpg,2,201.9297,60.7002,22.3151
M_266_3,M_266_3.mp4_sec_0005.jpg,3,201.2704,57.8833,16.4861
M_266_3,M_266_3.mp4_sec_0005.jpg,4,202.2146,58.1356,18.9168
M_266_3,M_266_3.mp4_sec_0005.jpg,5,202.5411,58.6245,19.5133
M_266_3,M_266_3.mp4_sec_0006.jpg,1,201.1607,55.8115,16.509
M_266_3,M_266_3.mp4_sec_0006.jpg,2,202.829,58.9457,21.6948
M_266_3,M_266_3.mp4_sec_0006.jpg,3,202.0051,57.4995,18.658
M_266_3,M_266_3.mp4_sec_0006.jpg,4,201.2509,57.7913,16.6622
M_266_3,M_266_3.mp4_sec_0006.jpg,5,202.0162,61.0186,24.1378
M_266_3,M_266_3.mp4_sec_0007.jpg,1,201.6086,59.3205,19.7262
M_266_3,M_266_3.mp4_sec_0007.jpg,2,200.1963,57.2154,22.0943
M_266_3,M_266_3.mp4_sec_0007.jpg,3,201.0302,57.1529,16.2158
M_266_3,M_266_3.mp4_sec_0007.jpg,4,201.0592,58.5474,22.9225
M_266_3,M_266_3.mp4_sec_0007.jpg,5,200.55,56.4139,15.4449
M_266_3,M_266_3.mp4_sec_0008.jpg,1,201.4666,56.7882,18.193
M_266_3,M_266_3.mp4_sec_0008.jpg,2,200.6396,57.7563,22.715
M_266_3,M_266_3.mp4_sec_0008.jpg,3,201.2035,58.0242,17.9228
M_266_3,M_266_3.mp4_sec_0008.jpg,4,200.4627,56.1014,15.8597
M_266_3,M_266_3.mp4_sec_0008.jpg,5,202.2781,59.5639,19.9659
M_266_3,M_266_3.mp4_sec_0009.jpg,1,201.2917,58.1515,17.5099
M_266_3,M_266_3.mp4_sec_0009.jpg,2,200.5153,55.7754,18.3395
M_266_3,M_266_3.mp4_sec_0009.jpg,3,200.7551,57.8723,22.8819
M_266_3,M_266_3.mp4_sec_0009.jpg,4,201.9455,57.1908,16.5608
M_266_3,M_266_3.mp4_sec_0009.jpg,5,201.1129,58.4021,18.2112
M_266_3,M_266_3.mp4_sec_0010.jpg,1,201.1447,58.358,17.3313
M_266_3,M_266_3.mp4_sec_0010.jpg,2,200.48,56.2513,16.1526
M_266_3,M_266_3.mp4_sec_0010.jpg,3,200.9387,58.0171,17.3223
M_266_3,M_266_3.mp4_sec_0010.jpg,4,201.1728,57.5882,17.4868
M_266_3,M_266_3.mp4_sec_0010.jpg,5,203.0521,61.1082,23.4733
M_266_3,M_266_3.mp4_sec_0011.jpg,1,200.9699,60.1409,25.0323
M_266_3,M_266_3.mp4_sec_0011.jpg,2,200.7698,58.2617,17.4565
M_266_3,M_266_3.mp4_sec_0011.jpg,3,200.7778,58.4535,17.8137
M_266_3,M_266_3.mp4_sec_0011.jpg,4,201.7312,62.1943,27.6492
M_266_3,M_266_3.mp4_sec_0011.jpg,5,201.2302,57.9037,17.2704
M_266_3,M_266_3.mp4_sec_0012.jpg,1,211.8791,62.2964,19.8804
M_266_3,M_266_3.mp4_sec_0012.jpg,2,211.9188,64.3095,28.3847
M_266_3,M_266_3.mp4_sec_0012.jpg,3,211.2783,63.2273,21.1833
M_266_3,M_266_3.mp4_sec_0012.jpg,4,212.0285,62.4665,19.7693
M_266_3,M_266_3.mp4_sec_0012.jpg,5,212.0731,62.6952,21.7992
M_266_3,M_266_3.mp4_sec_0013.jpg,1,214.9372,63.2926,20.6937
M_266_3,M_266_3.mp4_sec_0013.jpg,2,215.6257,63.5561,20.1999
M_266_3,M_266_3.mp4_sec_0013.jpg,3,215.6804,63.5144,19.5281
M_266_3,M_266_3.mp4_sec_0013.jpg,4,214.963,65.5027,24.3332
M_266_3,M_266_3.mp4_sec_0013.jpg,5,215.5312,63.7832,21.136
M_266_3,M_266_3.mp4_sec_0014.jpg,1,214.8052,63.726,21.5615
M_266_3,M_266_3.mp4_sec_0014.jpg,2,214.86,63.4446,20.8497
M_266_3,M_266_3.mp4_sec_0014.jpg,3,215.7062,63.441,16.8494
M_266_3,M_266_3.mp4_sec_0014.jpg,4,214.9298,63.5429,22.5673
M_266_3,M_266_3.mp4_sec_0014.jpg,5,215.6398,63.307,17.2237
M_266_3,M_266_3.mp4_sec_0015.jpg,1,216.0442,62.9517,16.7772
M_266_3,M_266_3.mp4_sec_0015.jpg,2,217.4165,68.3145,27.8534
M_266_3,M_266_3.mp4_sec_0015.jpg,3,216.4639,64.0867,18.4677
M_266_3,M_266_3.mp4_sec_0015.jpg,4,215.992,63.8708,20.183
M_266_3,M_266_3.mp4_sec_0015.jpg,5,216.0508,63.7072,17.9471
M_266_3,M_266_3.mp4_sec_0016.jpg,1,215.8571,65.1383,24.1181
M_266_3,M_266_3.mp4_sec_0016.jpg,2,215.9549,63.6135,19.4161
M_266_3,M_266_3.mp4_sec_0016.jpg,3,214.7998,67.9957,29.0491
M_266_3,M_266_3.mp4_sec_0016.jpg,4,215.6809,63.5981,19.6988
M_266_3,M_266_3.mp4_sec_0016.jpg,5,216.1093,63.5296,17.6163
M_266_3,M_266_3.mp4_sec_0017.jpg,1,215.1135,66.7377,27.3389
M_266_3,M_266_3.mp4_sec_0017.jpg,2,216.1113,63.9291,18.3721
M_266_3,M_266_3.mp4_sec_0017.jpg,3,214.7199,63.4192,21.3398
M_266_3,M_266_3.mp4_sec_0017.jpg,4,215.4645,64.9675,23.9812
M_266_3,M_266_3.mp4_sec_0017.jpg,5,215.9004,62.98,18.0097
M_266_3,M_266_3.mp4_sec_0018.jpg,1,215.6641,65.9845,27.9073
M_266_3,M_266_3.mp4_sec_0018.jpg,2,215.4432,66.4674,29.8294
M_266_3,M_266_3.mp4_sec_0018.jpg,3,216.4942,64.4582,21.8874
M_266_3,M_266_3.mp4_sec_0018.jpg,4,216.055,63.7174,19.9803
M_266_3,M_266_3.mp4_sec_0018.jpg,5,215.1769,63.6955,21.9349
M_266_3,M_266_3.mp4_sec_0019.jpg,1,215.2354,65.7307,27.6008
M_266_3,M_266_3.mp4_sec_0019.jpg,2,215.8079,62.9562,17.4012
M_266_3,M_266_3.mp4_sec_0019.jpg,3,216.0727,62.7992,17.1396
M_266_3,M_266_3.mp4_sec_0019.jpg,4,216.5644,63.9399,19.5272
M_266_3,M_266_3.mp4_sec_0019.jpg,5,216.0337,64.4453,21.8757
M_266_3,M_266_3.mp4_sec_0020.jpg,1,216.5144,64.5071,20.5175
M_266_3,M_266_3.mp4_sec_0020.jpg,2,216.0825,63.3171,16.5957
M_266_3,M_266_3.mp4_sec_0020.jpg,3,216.0679,64.1053,18.9674
M_266_3,M_266_3.mp4_sec_0020.jpg,4,215.5827,63.7242,21.0139
M_266_3,M_266_3.mp4_sec_0020.jpg,5,215.7832,63.6455,20.2348
M_266_3,M_266_3.mp4_sec_0021.jpg,1,215.8617,63.8674,20.7358
M_266_3,M_266_3.mp4_sec_0021.jpg,2,216.0779,63.4735,19.5891
M_266_3,M_266_3.mp4_sec_0021.jpg,3,214.4787,63.5157,22.024
M_266_3,M_266_3.mp4_sec_0021.jpg,4,216.2605,63.721,19.0106
M_266_3,M_266_3.mp4_sec_0021.jpg,5,215.0839,64.0182,22.5289
M_266_3,M_266_3.mp4_sec_0022.jpg,1,215.8514,64.1524,21.4057
M_266_3,M_266_3.mp4_sec_0022.jpg,2,215.7817,64.3709,21.9095
M_266_3,M_266_3.mp4_sec_0022.jpg,3,216.239,63.6576,17.9966
M_266_3,M_266_3.mp4_sec_0022.jpg,4,215.6365,63.4383,18.7206
M_266_3,M_266_3.mp4_sec_0022.jpg,5,215.4037,64.1912,23.6665
M_266_3,M_266_3.mp4_sec_0023.jpg,1,216.575,63.7797,19.7068
M_266_3,M_266_3.mp4_sec_0023.jpg,2,216.162,66.9023,30.3914
M_266_3,M_266_3.mp4_sec_0023.jpg,3,214.6473,64.0542,22.9049
M_266_3,M_266_3.mp4_sec_0023.jpg,4,216.0816,63.1446,16.8918
M_266_3,M_266_3.mp4_sec_0023.jpg,5,214.806,63.5181,21.5206
M_266_3,M_266_3.mp4_sec_0024.jpg,1,215.869,66.1599,26.2221
M_266_3,M_266_3.mp4_sec_0024.jpg,2,215.1871,63.3769,22.5194
M_266_3,M_266_3.mp4_sec_0024.jpg,3,215.3065,65.8857,29.1803
M_266_3,M_266_3.mp4_sec_0024.jpg,4,215.7125,63.9851,21.6006
M_266_3,M_266_3.mp4_sec_0024.jpg,5,216.43,63.9067,17.9831
M_266_3,M_266_3.mp4_sec_0025.jpg,1,216.0117,63.1564,16.6118
M_266_3,M_266_3.mp4_sec_0025.jpg,2,216.1883,63.9513,17.7054
M_266_3,M_266_3.mp4_sec_0025.jpg,3,215.4591,64.7587,23.7711
M_266_3,M_266_3.mp4_sec_0025.jpg,4,216.581,64.8034,20.6528
M_266_3,M_266_3.mp4_sec_0025.jpg,5,215.7875,64.1818,21.3606
M_266_3,M_266_3.mp4_sec_0026.jpg,1,215.9486,63.2469,18.5804
M_266_3,M_266_3.mp4_sec_0026.jpg,2,215.5492,63.031,18.8068
M_266_3,M_266_3.mp4_sec_0026.jpg,3,215.9643,63.6549,18.8268
M_266_3,M_266_3.mp4_sec_0026.jpg,4,215.1409,64.8104,24.0709
M_266_3,M_266_3.mp4_sec_0026.jpg,5,214.3286,64.645,22.7107
M_266_3,M_266_3.mp4_sec_0027.jpg,1,214.9242,63.8316,22.6763
M_266_3,M_266_3.mp4_sec_0027.jpg,2,215.8822,64.1061,21.5355
M_266_3,M_266_3.mp4_sec_0027.jpg,3,214.7253,63.3471,21.4078
M_266_3,M_266_3.mp4_sec_0027.jpg,4,215.0519,63.1237,20.5378
M_266_3,M_266_3.mp4_sec_0027.jpg,5,215.6337,63.1752,17.2602
M_266_3,M_266_3.mp4_sec_0028.jpg,1,214.8674,68.9789,30.596
M_266_3,M_266_3.mp4_sec_0028.jpg,2,215.743,64.1479,21.9897
M_266_3,M_266_3.mp4_sec_0028.jpg,3,216.2468,63.8707,18.276
M_266_3,M_266_3.mp4_sec_0028.jpg,4,214.8633,66.9949,27.114
M_266_3,M_266_3.mp4_sec_0028.jpg,5,215.689,64.1526,23.197
M_266_3,M_266_3.mp4_sec_0029.jpg,1,215.5827,63.8594,22.4248
M_266_3,M_266_3.mp4_sec_0029.jpg,2,215.9071,65.2408,24.0845
M_266_3,M_266_3.mp4_sec_0029.jpg,3,214.644,63.098,21.3169
M_266_3,M_266_3.mp4_sec_0029.jpg,4,215.1656,64.3103,23.3898
M_266_3,M_266_3.mp4_sec_0029.jpg,5,215.741,63.639,21.1089
M_266_3,M_266_3.mp4_sec_0030.jpg,1,215.8398,63.9791,20.7314
M_266_3,M_266_3.mp4_sec_0030.jpg,2,215.6342,64.1528,22.7994
M_266_3,M_266_3.mp4_sec_0030.jpg,3,216.2303,63.6385,17.3862
M_266_3,M_266_3.mp4_sec_0030.jpg,4,215.9886,64.2365,20.8811
M_266_3,M_266_3.mp4_sec_0030.jpg,5,216.3176,63.8692,18.0402
M_324_1,M_324_1.mp4_sec_0000.jpg,1,25.212,75.5722,201.1453
M_324_1,M_324_1.mp4_sec_0000.jpg,2,27.3114,79.0424,201.706
M_324_1,M_324_1.mp4_sec_0000.jpg,3,25.0591,75.3948,200.6295
M_324_1,M_324_1.mp4_sec_0000.jpg,4,24.4695,75.9214,200.7863
M_324_1,M_324_1.mp4_sec_0000.jpg,5,24.1253,75.4423,200.7859
M_324_1,M_324_1.mp4_sec_0001.jpg,1,25.848,75.1763,202.3164
M_324_1,M_324_1.mp4_sec_0001.jpg,2,25.0867,74.6602,200.9501
M_324_1,M_324_1.mp4_sec_0001.jpg,3,25.4,74.9451,201.3016
M_324_1,M_324_1.mp4_sec_0001.jpg,4,36.41,84.1733,199.9079
M_324_1,M_324_1.mp4_sec_0001.jpg,5,26.5238,76.5231,201.1813
M_324_1,M_324_1.mp4_sec_0002.jpg,1,25.7014,74.8994,200.9679
M_324_1,M_324_1.mp4_sec_0002.jpg,2,25.073,74.4784,201.1535
M_324_1,M_324_1.mp4_sec_0002.jpg,3,26.6341,76.6315,201.1796
M_324_1,M_324_1.mp4_sec_0002.jpg,4,24.8493,73.9272,200.5247
M_324_1,M_324_1.mp4_sec_0002.jpg,5,26.0832,75.5335,200.9238
M_324_1,M_324_1.mp4_sec_0003.jpg,1,27.8313,77.5446,201.6576
M_324_1,M_324_1.mp4_sec_0003.jpg,2,26.3994,79.4601,203.4652
M_324_1,M_324_1.mp4_sec_0003.jpg,3,25.407,76.9005,203.1805
M_324_1,M_324_1.mp4_sec_0003.jpg,4,26.7247,76.4662,201.704
M_324_1,M_324_1.mp4_sec_0003.jpg,5,23.9905,75.7403,201.347
M_324_1,M_324_1.mp4_sec_0004.jpg,1,26.7151,76.413,201.7581
M_324_1,M_324_1.mp4_sec_0004.jpg,2,26.2602,76.2593,200.9155
M_324_1,M_324_1.mp4_sec_0004.jpg,3,26.3813,76.35,200.9813
M_324_1,M_324_1.mp4_sec_0004.jpg,4,25.696,75.7331,202.9177
M_324_1,M_324_1.mp4_sec_0004.jpg,5,25.4124,75.0143,201.1954
M_324_1,M_324_1.mp4_sec_0005.jpg,1,25.6661,75.4948,201.6064
M_324_1,M_324_1.mp4_sec_0005.jpg,2,25.8676,76.0074,201.2863
M_324_1,M_324_1.mp4_sec_0005.jpg,3,34.1858,82.4746,201.0768
M_324_1,M_324_1.mp4_sec_0005.jpg,4,25.2899,74.9132,200.9695
M_324_1,M_324_1.mp4_sec_0005.jpg,5,25.7125,75.6252,200.8806
M_324_1,M_324_1.mp4_sec_0006.jpg,1,27.2306,77.0108,201.4424
M_324_1,M_324_1.mp4_sec_0006.jpg,2,25.3082,74.8745,201.4113
M_324_1,M_324_1.mp4_sec_0006.jpg,3,26.3277,76.0732,201.0851
M_324_1,M_324_1.mp4_sec_0006.jpg,4,25.6766,75.3425,201.3253
M_324_1,M_324_1.mp4_sec_0006.jpg,5,35.4736,83.4656,200.5802
M_324_1,M_324_1.mp4_sec_0007.jpg,1,26.987,79.5368,203.8115
M_324_1,M_324_1.mp4_sec_0007.jpg,2,24.4908,77.1378,201.9609
M_324_1,M_324_1.mp4_sec_0007.jpg,3,25.5644,75.4724,200.2348
M_324_1,M_324_1.mp4_sec_0007.jpg,4,27.5622,77.7477,202.9109
M_324_1,M_324_1.mp4_sec_0007.jpg,5,25.693,75.2682,201.4257
M_324_1,M_324_1.mp4_sec_0008.jpg,1,25.921,75.6163,201.3848
M_324_1,M_324_1.mp4_sec_0008.jpg,2,27.7346,77.6842,202.3752
M_324_1,M_324_1.mp4_sec_0008.jpg,3,26.8754,79.3297,203.4777
M_324_1,M_324_1.mp4_sec_0008.jpg,4,25.5944,75.5351,200.456
M_324_1,M_324_1.mp4_sec_0008.jpg,5,34.7264,82.9288,199.7928
M_324_1,M_324_1.mp4_sec_0009.jpg,1,27.4903,76.8516,203.1616
M_324_1,M_324_1.mp4_sec_0009.jpg,2,26.0808,76.8198,203.4876
M_324_1,M_324_1.mp4_sec_0009.jpg,3,26.0328,75.9336,201.0633
M_324_1,M_324_1.mp4_sec_0009.jpg,4,38.259,85.6562,200.1701
M_324_1,M_324_1.mp4_sec_0009.jpg,5,26.4977,75.9448,202.3543
M_324_1,M_324_1.mp4_sec_0010.jpg,1,27.7576,77.633,201.5214
M_324_1,M_324_1.mp4_sec_0010.jpg,2,25.212,74.3627,202.1607
M_324_1,M_324_1.mp4_sec_0010.jpg,3,27.3399,78.2248,202.6028
M_324_1,M_324_1.mp4_sec_0010.jpg,4,24.9301,75.924,201.6571
M_324_1,M_324_1.mp4_sec_0010.jpg,5,24.8076,75.1852,200.9099
M_324_1,M_324_1.mp4_sec_0011.jpg,1,24.5633,73.564,201.0441
M_324_1,M_324_1.mp4_sec_0011.jpg,2,32.1275,81.1703,201.0078
M_324_1,M_324_1.mp4_sec_0011.jpg,3,26.8091,76.5755,202.1449
M_324_1,M_324_1.mp4_sec_0011.jpg,4,25.7362,75.1525,201.9633
M_324_1,M_324_1.mp4_sec_0011.jpg,5,26.9956,76.5739,201.5774
M_324_1,M_324_1.mp4_sec_0012.jpg,1,36.8845,84.5049,200.3464
M_324_1,M_324_1.mp4_sec_0012.jpg,2,27.2619,77.0354,201.5088
M_324_1,M_324_1.mp4_sec_0012.jpg,3,27.569,77.9255,201.3297
M_324_1,M_324_1.mp4_sec_0012.jpg,4,25.8595,75.2801,202.1722
M_324_1,M_324_1.mp4_sec_0012.jpg,5,26.3272,76.1075,201.405
M_324_1,M_324_1.mp4_sec_0013.jpg,1,24.5278,73.6231,201.68
M_324_1,M_324_1.mp4_sec_0013.jpg,2,27.7267,77.2273,202.2059
M_324_1,M_324_1.mp4_sec_0013.jpg,3,26.2973,78.2397,202.5918
M_324_1,M_324_1.mp4_sec_0013.jpg,4,25.4625,75.3141,200.8473
M_324_1,M_324_1.mp4_sec_0013.jpg,5,24.872,74.3747,201.6681
M_324_1,M_324_1.mp4_sec_0014.jpg,1,26.5055,76.2421,201.2871
M_324_1,M_324_1.mp4_sec_0014.jpg,2,24.8754,74.5409,200.813
M_324_1,M_324_1.mp4_sec_0014.jpg,3,25.6903,75.5197,201.0291
M_324_1,M_324_1.mp4_sec_0014.jpg,4,27.4228,77.4389,201.6662
M_324_1,M_324_1.mp4_sec_0014.jpg,5,25.8506,75.4247,201.7726
M_324_1,M_324_1.mp4_sec_0015.jpg,1,29.668,79.1394,201.5305
M_324_1,M_324_1.mp4_sec_0015.jpg,2,25.5086,75.0551,201.4956
M_324_1,M_324_1.mp4_sec_0015.jpg,3,27.4975,77.0035,201.152
M_324_1,M_324_1.mp4_sec_0015.jpg,4,25.838,75.5655,201.3852
M_324_1,M_324_1.mp4_sec_0015.jpg,5,36.2456,83.7755,200.5344
M_324_1,M_324_1.mp4_sec_0016.jpg,1,24.7905,73.8489,201.916
M_324_1,M_324_1.mp4_sec_0016.jpg,2,25.3601,75.0161,201.0337
M_324_1,M_324_1.mp4_sec_0016.jpg,3,25.1998,75.0825,200.6914
M_324_1,M_324_1.mp4_sec_0016.jpg,4,25.3696,74.9963,201.1025
M_324_1,M_324_1.mp4_sec_0016.jpg,5,24.9144,74.5915,200.8816
M_324_1,M_324_1.mp4_sec_0017.jpg,1,27.009,76.7789,202.364
M_324_1,M_324_1.mp4_sec_0017.jpg,2,28.1708,77.9163,201.9518
M_324_1,M_324_1.mp4_sec_0017.jpg,3,26.1777,76.0691,201.0305
M_324_1,M_324_1.mp4_sec_0017.jpg,4,25.2502,74.7949,201.1571
M_324_1,M_324_1.mp4_sec_0017.jpg,5,28.9239,78.4742,201.5247
M_324_1,M_324_1.mp4_sec_0018.jpg,1,25.1285,74.9579,201.175
M_324_1,M_324_1.mp4_sec_0018.jpg,2,25.82,75.9687,201.2278
M_324_1,M_324_1.mp4_sec_0018.jpg,3,24.9001,74.8669,201.0117
M_324_1,M_324_1.mp4_sec_0018.jpg,4,25.3403,74.7991,201.4063
M_324_1,M_324_1.mp4_sec_0018.jpg,5,24.7524,74.8348,200.8912
M_324_1,M_324_1.mp4_sec_0019.jpg,1,25.9133,75.4964,201.671
M_324_1,M_324_1.mp4_sec_0019.jpg,2,27.8198,77.4816,202.5785
M_324_1,M_324_1.mp4_sec_0019.jpg,3,25.82,75.5637,200.9902
M_324_1,M_324_1.mp4_sec_0019.jpg,4,27.0569,77.3583,200.76
M_324_1,M_324_1.mp4_sec_0019.jpg,5,25.6678,75.5614,200.8043
M_324_1,M_324_1.mp4_sec_0020.jpg,1,25.2513,74.8288,201.2088
M_324_1,M_324_1.mp4_sec_0020.jpg,2,26.3588,75.6615,202.7038
M_324_1,M_324_1.mp4_sec_0020.jpg,3,25.4366,75.3645,200.4767
M_324_1,M_324_1.mp4_sec_0020.jpg,4,25.3372,74.8482,201.3346
M_324_1,M_324_1.mp4_sec_0020.jpg,5,25.2934,74.7,201.5941
M_324_1,M_324_1.mp4_sec_0021.jpg,1,26.3203,76.1791,201.5972
M_324_1,M_324_1.mp4_sec_0021.jpg,2,25.511,75.2567,201.0104
M_324_1,M_324_1.mp4_sec_0021.jpg,3,27.1296,77.3092,200.7915
M_324_1,M_324_1.mp4_sec_0021.jpg,4,25.3551,75.0673,200.8897
M_324_1,M_324_1.mp4_sec_0021.jpg,5,25.0517,74.5976,201.0799
M_324_1,M_324_1.mp4_sec_0022.jpg,1,25.6191,75.0172,201.6797
M_324_1,M_324_1.mp4_sec_0022.jpg,2,26.1146,76.9594,201.5062
M_324_1,M_324_1.mp4_sec_0022.jpg,3,25.1677,75.0032,201.0241
M_324_1,M_324_1.mp4_sec_0022.jpg,4,33.4345,82.1246,200.9036
M_324_1,M_324_1.mp4_sec_0022.jpg,5,27.2426,78.1848,200.9829
M_324_1,M_324_1.mp4_sec_0023.jpg,1,25.7963,75.4399,201.4847
M_324_1,M_324_1.mp4_sec_0023.jpg,2,26.1279,76.2169,201.0035
M_324_1,M_324_1.mp4_sec_0023.jpg,3,25.6753,76.2936,203.1755
M_324_1,M_324_1.mp4_sec_0023.jpg,4,25.8143,75.0717,202.3561
M_324_1,M_324_1.mp4_sec_0023.jpg,5,25.4506,75.3891,201.1931
M_324_1,M_324_1.mp4_sec_0024.jpg,1,24.8986,76.7042,202.0627
M_324_1,M_324_1.mp4_sec_0024.jpg,2,24.9939,78.3392,203.0688
M_324_1,M_324_1.mp4_sec_0024.jpg,3,26.5264,75.6298,200.5203
M_324_1,M_324_1.mp4_sec_0024.jpg,4,25.0873,74.4873,201.2866
M_324_1,M_324_1.mp4_sec_0024.jpg,5,28.5631,78.4628,201.9296
M_324_1,M_324_1.mp4_sec_0025.jpg,1,26.7994,76.4143,201.8945
M_324_1,M_324_1.mp4_sec_0025.jpg,2,25.4085,74.853,201.5737
M_324_1,M_324_1.mp4_sec_0025.jpg,3,25.4243,75.0337,200.2184
M_324_1,M_324_1.mp4_sec_0025.jpg,4,24.7272,73.5281,201.8808
M_324_1,M_324_1.mp4_sec_0025.jpg,5,29.8158,79.5407,201.888
M_324_1,M_324_1.mp4_sec_0026.jpg,1,24.8597,73.9186,201.6675
M_324_1,M_324_1.mp4_sec_0026.jpg,2,27.8478,77.5049,202.2778
M_324_1,M_324_1.mp4_sec_0026.jpg,3,26.311,75.6834,200.9926
M_324_1,M_324_1.mp4_sec_0026.jpg,4,25.7353,75.5299,200.7197
M_324_1,M_324_1.mp4_sec_0026.jpg,5,26.6326,77.7053,202.2356
M_324_1,M_324_1.mp4_sec_0027.jpg,1,26.9014,77.4082,201.8597
M_324_1,M_324_1.mp4_sec_0027.jpg,2,25.0369,75.0269,200.4719
M_324_1,M_324_1.mp4_sec_0027.jpg,3,25.0263,74.6165,200.9601
M_324_1,M_324_1.mp4_sec_0027.jpg,4,27.0589,79.7477,203.8011
M_324_1,M_324_1.mp4_sec_0027.jpg,5,25.1062,75.0476,201.1757
M_324_1,M_324_1.mp4_sec_0028.jpg,1,24.8499,74.0636,201.6421
M_324_1,M_324_1.mp4_sec_0028.jpg,2,27.894,77.8539,200.7487
M_324_1,M_324_1.mp4_sec_0028.jpg,3,26.3138,76.127,201.4113
M_324_1,M_324_1.mp4_sec_0028.jpg,4,25.9333,75.4174,201.7442
M_324_1,M_324_1.mp4_sec_0028.jpg,5,34.1005,82.0052,201.1683
M_324_1,M_324_1.mp4_sec_0029.jpg,1,25.6733,75.7213,201.2229
M_324_1,M_324_1.mp4_sec_0029.jpg,2,27.8431,77.4807,200.8097
M_324_1,M_324_1.mp4_sec_0029.jpg,3,33.4297,82.2073,200.8447
M_324_1,M_324_1.mp4_sec_0029.jpg,4,25.6771,74.9443,202.3456
M_324_1,M_324_1.mp4_sec_0029.jpg,5,26.066,76.0653,201.4984
M_324_1,M_324_1.mp4_sec_0030.jpg,1,36.088,84.0842,199.6109
M_324_1,M_324_1.mp4_sec_0030.jpg,2,25.1366,74.63,200.7909
M_324_1,M_324_1.mp4_sec_0030.jpg,3,25.8849,75.7099,201.4285
M_324_1,M_324_1.mp4_sec_0030.jpg,4,34.8584,83.2766,199.8508
M_324_1,M_324_1.mp4_sec_0030.jpg,5,24.7689,75.9655,201.3474
M_324_2,M_324_2.mp4_sec_0000.jpg,1,26.6982,76.7498,201.924
M_324_2,M_324_2.mp4_sec_0000.jpg,2,25.9346,75.7905,200.7603
M_324_2,M_324_2.mp4_sec_0000.jpg,3,27.6625,78.5058,202.6658
M_324_2,M_324_2.mp4_sec_0000.jpg,4,26.7062,76.3729,200.5985
M_324_2,M_324_2.mp4_sec_0000.jpg,5,27.6786,77.5331,201.3225
M_324_2,M_324_2.mp4_sec_0001.jpg,1,25.5959,75.4028,200.5974
M_324_2,M_324_2.mp4_sec_0001.jpg,2,25.5066,74.8449,201.8693
M_324_2,M_324_2.mp4_sec_0001.jpg,3,27.5353,77.3715,202.1783
M_324_2,M_324_2.mp4_sec_0001.jpg,4,25.6486,75.4154,200.9003
M_324_2,M_324_2.mp4_sec_0001.jpg,5,24.7713,74.3677,201.1209
M_324_2,M_324_2.mp4_sec_0002.jpg,1,25.3694,77.8076,202.0903
M_324_2,M_324_2.mp4_sec_0002.jpg,2,27.5292,77.2499,201.608
M_324_2,M_324_2.mp4_sec_0002.jpg,3,27.6196,77.2856,202.2699
M_324_2,M_324_2.mp4_sec_0002.jpg,4,37.2176,84.5527,200.6122
M_324_2,M_324_2.mp4_sec_0002.jpg,5,25.7344,75.1231,200.4059
M_324_2,M_324_2.mp4_sec_0003.jpg,1,28.0297,81.1505,203.1275
M_324_2,M_324_2.mp4_sec_0003.jpg,2,25.1425,74.1053,201.109
M_324_2,M_324_2.mp4_sec_0003.jpg,3,26.1889,75.9071,201.6708
M_324_2,M_324_2.mp4_sec_0003.jpg,4,27.433,78.1036,202.4538
M_324_2,M_324_2.mp4_sec_0003.jpg,5,25.4424,74.9603,201.4082
M_324_2,M_324_2.mp4_sec_0004.jpg,1,24.4992,75.0141,201.1818
M_324_2,M_324_2.mp4_sec_0004.jpg,2,23.5639,75.4284,200.8217
M_324_2,M_324_2.mp4_sec_0004.jpg,3,28.5364,78.203,201.4623
M_324_2,M_324_2.mp4_sec_0004.jpg,4,28.2254,77.8999,201.4345
M_324_2,M_324_2.mp4_sec_0004.jpg,5,27.8082,77.5772,201.4347
M_324_2,M_324_2.mp4_sec_0005.jpg,1,25.9644,75.6196,202.0801
M_324_2,M_324_2.mp4_sec_0005.jpg,2,25.5642,75.1162,201.4515
M_324_2,M_324_2.mp4_sec_0005.jpg,3,25.6473,75.2882,201.4475
M_324_2,M_324_2.mp4_sec_0005.jpg,4,33.3008,81.9611,201.2552
M_324_2,M_324_2.mp4_sec_0005.jpg,5,27.6884,77.686,201.6323
M_324_2,M_324_2.mp4_sec_0006.jpg,1,25.542,74.5201,201.7954
M_324_2,M_324_2.mp4_sec_0006.jpg,2,27.0649,76.9207,201.203
M_324_2,M_324_2.mp4_sec_0006.jpg,3,26.6719,76.8221,201.3755
M_324_2,M_324_2.mp4_sec_0006.jpg,4,26.8645,78.0573,202.6402
M_324_2,M_324_2.mp4_sec_0006.jpg,5,26.3494,76.6132,202.7516
M_324_2,M_324_2.mp4_sec_0007.jpg,1,27.1514,79.0044,203.6046
M_324_2,M_324_2.mp4_sec_0007.jpg,2,24.7546,73.7561,201.4953
M_324_2,M_324_2.mp4_sec_0007.jpg,3,26.1538,75.9666,201.4022
M_324_2,M_324_2.mp4_sec_0007.jpg,4,32.1842,80.7867,201.2656
M_324_2,M_324_2.mp4_sec_0007.jpg,5,26.6719,76.4454,201.7672
M_324_2,M_324_2.mp4_sec_0008.jpg,1,26.6597,76.6967,201.6231
M_324_2,M_324_2.mp4_sec_0008.jpg,2,26.744,76.6755,201.7071
M_324_2,M_324_2.mp4_sec_0008.jpg,3,27.465,77.1244,202.3991
M_324_2,M_324_2.mp4_sec_0008.jpg,4,25.128,74.8055,201.1172
M_324_2,M_324_2.mp4_sec_0008.jpg,5,28.0806,77.5751,201.4189
M_324_2,M_324_2.mp4_sec_0009.jpg,1,25.9681,75.5741,200.6743
M_324_2,M_324_2.mp4_sec_0009.jpg,2,27.3116,76.6604,200.6276
M_324_2,M_324_2.mp4_sec_0009.jpg,3,24.977,74.6823,201.0239
M_324_2,M_324_2.mp4_sec_0009.jpg,4,25.2829,74.9307,201.0354
M_324_2,M_324_2.mp4_sec_0009.jpg,5,26.2684,75.9268,201.7891
M_324_2,M_324_2.mp4_sec_0010.jpg,1,25.2411,74.2156,202.1833
M_324_2,M_324_2.mp4_sec_0010.jpg,2,27.2903,77.0473,202.4211
M_324_2,M_324_2.mp4_sec_0010.jpg,3,24.1937,76.0371,201.4389
M_324_2,M_324_2.mp4_sec_0010.jpg,4,25.5718,75.7648,200.9976
M_324_2,M_324_2.mp4_sec_0010.jpg,5,25.5624,75.1455,201.1759
M_324_2,M_324_2.mp4_sec_0011.jpg,1,24.8119,74.7885,200.6541
M_324_2,M_324_2.mp4_sec_0011.jpg,2,26.8256,76.6184,200.6193
M_324_2,M_324_2.mp4_sec_0011.jpg,3,28.7385,78.2751,201.5707
M_324_2,M_324_2.mp4_sec_0011.jpg,4,25.0875,74.8222,201.025
M_324_2,M_324_2.mp4_sec_0011.jpg,5,26.2311,75.55,202.5021
M_324_2,M_324_2.mp4_sec_0012.jpg,1,25.6332,75.0386,201.8024
M_324_2,M_324_2.mp4_sec_0012.jpg,2,26.4276,76.2938,201.57
M_324_2,M_324_2.mp4_sec_0012.jpg,3,26.079,75.9941,201.0825
M_324_2,M_324_2.mp4_sec_0012.jpg,4,27.5359,77.2267,202.7175
M_324_2,M_324_2.mp4_sec_0012.jpg,5,36.2539,84.2621,199.678
M_324_2,M_324_2.mp4_sec_0013.jpg,1,25.1333,74.593,201.2057
M_324_2,M_324_2.mp4_sec_0013.jpg,2,26.5505,76.2508,201.8019
M_324_2,M_324_2.mp4_sec_0013.jpg,3,25.3381,74.8347,202.2428
M_324_2,M_324_2.mp4_sec_0013.jpg,4,25.603,75.4745,200.9249
M_324_2,M_324_2.mp4_sec_0013.jpg,5,36.3071,84.3553,200.0927
M_324_2,M_324_2.mp4_sec_0014.jpg,1,25.246,74.9896,200.841
M_324_2,M_324_2.mp4_sec_0014.jpg,2,25.2215,74.7755,201.1142
M_324_2,M_324_2.mp4_sec_0014.jpg,3,28.9637,78.8625,201.4319
M_324_2,M_324_2.mp4_sec_0014.jpg,4,25.3905,75.073,201.0222
M_324_2,M_324_2.mp4_sec_0014.jpg,5,33.0037,81.2669,200.6348
M_324_2,M_324_2.mp4_sec_0015.jpg,1,25.9029,76.2332,201.053
M_324_2,M_324_2.mp4_sec_0015.jpg,2,25.4877,75.0934,201.2788
M_324_2,M_324_2.mp4_sec_0015.jpg,3,27.9386,77.6517,202.7883
M_324_2,M_324_2.mp4_sec_0015.jpg,4,26.3692,76.0495,201.64
M_324_2,M_324_2.mp4_sec_0015.jpg,5,26.2736,76.048,200.4734
M_324_2,M_324_2.mp4_sec_0016.jpg,1,24.9462,75.1388,201.1053
M_324_2,M_324_2.mp4_sec_0016.jpg,2,26.4918,79.2226,203.5529
M_324_2,M_324_2.mp4_sec_0016.jpg,3,26.0918,76.0703,201.1255
M_324_2,M_324_2.mp4_sec_0016.jpg,4,25.4102,75.1044,200.97
M_324_2,M_324_2.mp4_sec_0016.jpg,5,25.0962,74.651,200.9748
M_324_2,M_324_2.mp4_sec_0017.jpg,1,26.4609,76.0095,202.3647
M_324_2,M_324_2.mp4_sec_0017.jpg,2,26.3125,75.6176,202.6495
M_324_2,M_324_2.mp4_sec_0017.jpg,3,25.9861,77.126,201.8246
M_324_2,M_324_2.mp4_sec_0017.jpg,4,25.6013,74.9796,201.8381
M_324_2,M_324_2.mp4_sec_0017.jpg,5,24.958,75.4365,201.2556
M_324_2,M_324_2.mp4_sec_0018.jpg,1,24.8623,74.4059,201.1891
M_324_2,M_324_2.mp4_sec_0018.jpg,2,25.7183,75.246,201.4404
M_324_2,M_324_2.mp4_sec_0018.jpg,3,25.9681,75.7184,201.4667
M_324_2,M_324_2.mp4_sec_0018.jpg,4,25.4732,75.1492,201.686
M_324_2,M_324_2.mp4_sec_0018.jpg,5,37.7757,85.2373,200.1112
M_324_2,M_324_2.mp4_sec_0019.jpg,1,30.344,79.5257,201.7461
M_324_2,M_324_2.mp4_sec_0019.jpg,2,27.1872,77.6172,202.1702
M_324_2,M_324_2.mp4_sec_0019.jpg,3,27.4419,76.7707,201.1064
M_324_2,M_324_2.mp4_sec_0019.jpg,4,25.985,75.7385,201.2671
M_324_2,M_324_2.mp4_sec_0019.jpg,5,26.5944,76.4399,201.5748
M_324_2,M_324_2.mp4_sec_0020.jpg,1,25.0895,74.6371,200.9937
M_324_2,M_324_2.mp4_sec_0020.jpg,2,26.9642,76.6617,201.79
M_324_2,M_324_2.mp4_sec_0020.jpg,3,27.5601,77.3527,201.5907
M_324_2,M_324_2.mp4_sec_0020.jpg,4,27.2152,76.6886,201.0699
M_324_2,M_324_2.mp4_sec_0020.jpg,5,26.9909,77.7513,202.5729
M_324_2,M_324_2.mp4_sec_0021.jpg,1,25.2777,74.8469,201.1288
M_324_2,M_324_2.mp4_sec_0021.jpg,2,26.8009,76.5058,201.2901
M_324_2,M_324_2.mp4_sec_0021.jpg,3,24.712,74.8193,200.3957
M_324_2,M_324_2.mp4_sec_0021.jpg,4,25.1642,74.5047,201.4788
M_324_2,M_324_2.mp4_sec_0021.jpg,5,24.9029,75.3474,201.1314
M_324_2,M_324_2.mp4_sec_0022.jpg,1,25.3983,77.2921,202.1481
M_324_2,M_324_2.mp4_sec_0022.jpg,2,26.266,75.7001,202.4875
M_324_2,M_324_2.mp4_sec_0022.jpg,3,25.8528,75.3679,200.7854
M_324_2,M_324_2.mp4_sec_0022.jpg,4,27.0849,76.8386,201.699
M_324_2,M_324_2.mp4_sec_0022.jpg,5,25.716,75.5928,200.8773
M_324_2,M_324_2.mp4_sec_0023.jpg,1,24.4148,76.2041,201.6562
M_324_2,M_324_2.mp4_sec_0023.jpg,2,25.337,74.9425,201.1259
M_324_2,M_324_2.mp4_sec_0023.jpg,3,29.9468,78.9905,201.8363
M_324_2,M_324_2.mp4_sec_0023.jpg,4,24.8627,74.2799,201.1001
M_324_2,M_324_2.mp4_sec_0023.jpg,5,25.3357,74.9297,201.149
M_324_2,M_324_2.mp4_sec_0024.jpg,1,27.5655,77.7781,201.2056
M_324_2,M_324_2.mp4_sec_0024.jpg,2,27.9765,77.5755,201.5236
M_324_2,M_324_2.mp4_sec_0024.jpg,3,29.9422,79.5665,202.0892
M_324_2,M_324_2.mp4_sec_0024.jpg,4,25.5957,75.1149,202.3724
M_324_2,M_324_2.mp4_sec_0024.jpg,5,33.6441,82.1804,200.9031
M_324_2,M_324_2.mp4_sec_0025.jpg,1,25.9794,79.1711,202.962
M_324_2,M_324_2.mp4_sec_0025.jpg,2,25.9791,75.9483,201.0035
M_324_2,M_324_2.mp4_sec_0025.jpg,3,24.5171,73.5987,201.5283
M_324_2,M_324_2.mp4_sec_0025.jpg,4,25.0215,73.7807,200.3804
M_324_2,M_324_2.mp4_sec_0025.jpg,5,25.2475,74.5563,201.625
M_324_2,M_324_2.mp4_sec_0026.jpg,1,25.6247,74.5566,200.7676
M_324_2,M_324_2.mp4_sec_0026.jpg,2,27.2426,76.7373,200.7952
M_324_2,M_324_2.mp4_sec_0026.jpg,3,30.4113,79.8804,201.2206
M_324_2,M_324_2.mp4_sec_0026.jpg,4,25.8751,75.2992,201.9868
M_324_2,M_324_2.mp4_sec_0026.jpg,5,25.2033,74.7214,201.1596
M_324_2,M_324_2.mp4_sec_0027.jpg,1,26.3661,75.9766,200.3092
M_324_2,M_324_2.mp4_sec_0027.jpg,2,25.5051,74.8512,201.501
M_324_2,M_324_2.mp4_sec_0027.jpg,3,27.0938,76.8374,202.7633
M_324_2,M_324_2.mp4_sec_0027.jpg,4,25.838,75.5683,200.7457
M_324_2,M_324_2.mp4_sec_0027.jpg,5,25.4975,75.0573,201.4428
M_324_2,M_324_2.mp4_sec_0028.jpg,1,25.6495,75.121,201.3865
M_324_2,M_324_2.mp4_sec_0028.jpg,2,26.81,76.3498,202.5665
M_324_2,M_324_2.mp4_sec_0028.jpg,3,24.9637,74.7259,201.7099
M_324_2,M_324_2.mp4_sec_0028.jpg,4,25.1157,76.0525,201.8521
M_324_2,M_324_2.mp4_sec_0028.jpg,5,27.101,77.0732,202.288
M_324_2,M_324_2.mp4_sec_0029.jpg,1,25.684,75.6732,200.542
M_324_2,M_324_2.mp4_sec_0029.jpg,2,25.3763,74.6293,201.8252
M_324_2,M_324_2.mp4_sec_0029.jpg,3,24.9494,74.6311,201.1889
M_324_2,M_324_2.mp4_sec_0029.jpg,4,26.3403,79.4999,203.6019
M_324_2,M_324_2.mp4_sec_0029.jpg,5,27.3118,77.0691,202.5247
M_324_2,M_324_2.mp4_sec_0030.jpg,1,27.8006,77.5279,201.3963
M_324_2,M_324_2.mp4_sec_0030.jpg,2,26.7816,76.0458,203.0291
M_324_2,M_324_2.mp4_sec_0030.jpg,3,25.7481,75.1259,202.0041
M_324_2,M_324_2.mp4_sec_0030.jpg,4,26.0156,75.7348,200.8447
M_324_2,M_324_2.mp4_sec_0030.jpg,5,25.6406,75.4708,200.982
M_324_3,M_324_3.mp4_sec_0000.jpg,1,25.8713,75.0581,202.5372
M_324_3,M_324_3.mp4_sec_0000.jpg,2,26.0068,75.4226,200.713
M_324_3,M_324_3.mp4_sec_0000.jpg,3,25.3465,75.1882,200.6616
M_324_3,M_324_3.mp4_sec_0000.jpg,4,25.4294,74.987,201.4472
M_324_3,M_324_3.mp4_sec_0000.jpg,5,27.7621,78.1245,201.4712
M_324_3,M_324_3.mp4_sec_0001.jpg,1,26.9935,76.6328,202.5518
M_324_3,M_324_3.mp4_sec_0001.jpg,2,26.4793,76.0558,202.5661
M_324_3,M_324_3.mp4_sec_0001.jpg,3,27.6032,77.4437,201.4222
M_324_3,M_324_3.mp4_sec_0001.jpg,4,27.2882,76.8767,201.2009
M_324_3,M_324_3.mp4_sec_0001.jpg,5,25.1236,74.9904,201.4919
M_324_3,M_324_3.mp4_sec_0002.jpg,1,25.5127,74.8048,201.9831
M_324_3,M_324_3.mp4_sec_0002.jpg,2,24.6767,74.9668,201.0454
M_324_3,M_324_3.mp4_sec_0002.jpg,3,27.3342,77.0096,202.4754
M_324_3,M_324_3.mp4_sec_0002.jpg,4,25.223,75.0949,200.529
M_324_3,M_324_3.mp4_sec_0002.jpg,5,26.8154,77.5327,200.96
M_324_3,M_324_3.mp4_sec_0003.jpg,1,25.5994,74.9872,201.7729
M_324_3,M_324_3.mp4_sec_0003.jpg,2,25.7859,75.0925,200.787
M_324_3,M_324_3.mp4_sec_0003.jpg,3,28.701,78.0797,201.2984
M_324_3,M_324_3.mp4_sec_0003.jpg,4,25.2098,77.7455,202.1948
M_324_3,M_324_3.mp4_sec_0003.jpg,5,29.5099,79.0043,201.4625
M_324_3,M_324_3.mp4_sec_0004.jpg,1,24.3425,73.359,201.1007
M_324_3,M_324_3.mp4_sec_0004.jpg,2,26.1859,75.6218,201.7029
M_324_3,M_324_3.mp4_sec_0004.jpg,3,26.7837,76.1319,200.1694
M_324_3,M_324_3.mp4_sec_0004.jpg,4,25.4962,75.0744,200.5584
M_324_3,M_324_3.mp4_sec_0004.jpg,5,24.0965,72.6549,200.8414
M_324_3,M_324_3.mp4_sec_0005.jpg,1,23.7055,71.8547,198.4493
M_324_3,M_324_3.mp4_sec_0005.jpg,2,23.3307,71.4582,197.7192
M_324_3,M_324_3.mp4_sec_0005.jpg,3,24.1283,72.1418,198.36
M_324_3,M_324_3.mp4_sec_0005.jpg,4,23.9687,73.7642,199.3731
M_324_3,M_324_3.mp4_sec_0005.jpg,5,25.749,73.4454,198.3787
M_324_3,M_324_3.mp4_sec_0006.jpg,1,23.4232,71.656,198.2908
M_324_3,M_324_3.mp4_sec_0006.jpg,2,24.6858,73.339,198.7355
M_324_3,M_324_3.mp4_sec_0006.jpg,3,23.3107,72.1242,198.1366
M_324_3,M_324_3.mp4_sec_0006.jpg,4,24.1639,72.3555,198.2156
M_324_3,M_324_3.mp4_sec_0006.jpg,5,23.3568,71.1859,199.3412
M_324_3,M_324_3.mp4_sec_0007.jpg,1,26.3615,75.2966,199.4317
M_324_3,M_324_3.mp4_sec_0007.jpg,2,23.5341,72.3315,198.5221
M_324_3,M_324_3.mp4_sec_0007.jpg,3,25.5086,74.0702,199.0865
M_324_3,M_324_3.mp4_sec_0007.jpg,4,24.8071,73.3811,198.1812
M_324_3,M_324_3.mp4_sec_0007.jpg,5,34.3056,80.0268,197.3893
M_324_3,M_324_3.mp4_sec_0008.jpg,1,26.5484,76.8238,199.7827
M_324_3,M_324_3.mp4_sec_0008.jpg,2,24.7739,74.006,197.3722
M_324_3,M_324_3.mp4_sec_0008.jpg,3,23.8257,71.8773,199.3107
M_324_3,M_324_3.mp4_sec_0008.jpg,4,23.5891,72.4585,198.4621
M_324_3,M_324_3.mp4_sec_0008.jpg,5,24.3017,73.0659,198.5006
M_324_3,M_324_3.mp4_sec_0009.jpg,1,23.6914,71.451,199.1636
M_324_3,M_324_3.mp4_sec_0009.jpg,2,26.8458,75.178,199.1261
M_324_3,M_324_3.mp4_sec_0009.jpg,3,30.1621,77.5552,198.7777
M_324_3,M_324_3.mp4_sec_0009.jpg,4,27.6161,75.7349,199.6867
M_324_3,M_324_3.mp4_sec_0009.jpg,5,23.4518,72.1099,198.3064
M_324_3,M_324_3.mp4_sec_0010.jpg,1,25.716,74.5881,198.8919
M_324_3,M_324_3.mp4_sec_0010.jpg,2,24.144,72.6323,198.7677
M_324_3,M_324_3.mp4_sec_0010.jpg,3,25.489,74.1972,198.8291
M_324_3,M_324_3.mp4_sec_0010.jpg,4,25.197,75.3846,200.281
M_324_3,M_324_3.mp4_sec_0010.jpg,5,23.6002,71.3924,199.4426
M_324_3,M_324_3.mp4_sec_0011.jpg,1,24.2413,72.7818,199.479
M_324_3,M_324_3.mp4_sec_0011.jpg,2,24.458,74.3422,199.3892
M_324_3,M_324_3.mp4_sec_0011.jpg,3,23.2612,72.238,198.6363
M_324_3,M_324_3.mp4_sec_0011.jpg,4,25.1349,73.3924,198.3418
M_324_3,M_324_3.mp4_sec_0011.jpg,5,23.7744,72.5094,199.4538
M_324_3,M_324_3.mp4_sec_0012.jpg,1,24.8645,75.7524,200.8004
M_324_3,M_324_3.mp4_sec_0012.jpg,2,24.0703,73.1679,198.8313
M_324_3,M_324_3.mp4_sec_0012.jpg,3,25.9989,75.8856,199.2098
M_324_3,M_324_3.mp4_sec_0012.jpg,4,23.6217,72.8778,199.2213
M_324_3,M_324_3.mp4_sec_0012.jpg,5,25.6091,74.0508,198.2562
M_324_3,M_324_3.mp4_sec_0013.jpg,1,28.3156,77.1107,199.3101
M_324_3,M_324_3.mp4_sec_0013.jpg,2,23.6964,72.6171,199.1887
M_324_3,M_324_3.mp4_sec_0013.jpg,3,24.3122,72.8235,198.7994
M_324_3,M_324_3.mp4_sec_0013.jpg,4,24.3099,74.1726,200.6263
M_324_3,M_324_3.mp4_sec_0013.jpg,5,24.6433,73.1124,198.5259
M_324_3,M_324_3.mp4_sec_0014.jpg,1,26.5741,75.2186,199.0627
M_324_3,M_324_3.mp4_sec_0014.jpg,2,25.2319,74.3223,199.5448
M_324_3,M_324_3.mp4_sec_0014.jpg,3,24.4092,74.3124,201.2366
M_324_3,M_324_3.mp4_sec_0014.jpg,4,24.669,73.7154,198.952
M_324_3,M_324_3.mp4_sec_0014.jpg,5,23.7976,73.1546,199.4426
M_324_3,M_324_3.mp4_sec_0015.jpg,1,25.1246,74.7776,201.3857
M_324_3,M_324_3.mp4_sec_0015.jpg,2,35.3928,83.2984,199.9631
M_324_3,M_324_3.mp4_sec_0015.jpg,3,23.825,76.3525,201.4463
M_324_3,M_324_3.mp4_sec_0015.jpg,4,27.2719,76.6953,201.6662
M_324_3,M_324_3.mp4_sec_0015.jpg,5,24.759,77.6209,202.2234
M_324_3,M_324_3.mp4_sec_0016.jpg,1,25.7181,75.4795,201.1907
M_324_3,M_324_3.mp4_sec_0016.jpg,2,29.339,78.8384,202.1665
M_324_3,M_324_3.mp4_sec_0016.jpg,3,37.2834,85.1525,200.4185
M_324_3,M_324_3.mp4_sec_0016.jpg,4,28.5351,78.1918,201.7566
M_324_3,M_324_3.mp4_sec_0016.jpg,5,25.3222,74.6247,201.7186
M_324_3,M_324_3.mp4_sec_0017.jpg,1,27.6339,79.24,202.0979
M_324_3,M_324_3.mp4_sec_0017.jpg,2,27.9146,80.2502,202.5768
M_324_3,M_324_3.mp4_sec_0017.jpg,3,26.3755,79.9816,204.0039
M_324_3,M_324_3.mp4_sec_0017.jpg,4,26.4956,76.2033,200.8717
M_324_3,M_324_3.mp4_sec_0017.jpg,5,27.4639,77.4797,201.0386
M_324_3,M_324_3.mp4_sec_0018.jpg,1,32.0302,80.6719,202.1852
M_324_3,M_324_3.mp4_sec_0018.jpg,2,28.0219,80.56,202.9978
M_324_3,M_324_3.mp4_sec_0018.jpg,3,27.6487,78.8313,201.6232
M_324_3,M_324_3.mp4_sec_0018.jpg,4,26.6862,76.0089,202.8882
M_324_3,M_324_3.mp4_sec_0018.jpg,5,27.2324,76.8997,202.1757
M_324_3,M_324_3.mp4_sec_0019.jpg,1,27.7578,77.249,201.766
M_324_3,M_324_3.mp4_sec_0019.jpg,2,26.3482,75.7848,201.9004
M_324_3,M_324_3.mp4_sec_0019.jpg,3,27.0659,76.8929,203.3023
M_324_3,M_324_3.mp4_sec_0019.jpg,4,29.791,79.334,201.9197
M_324_3,M_324_3.mp4_sec_0019.jpg,5,29.791,79.2251,201.6829
M_324_3,M_324_3.mp4_sec_0020.jpg,1,23.9165,70.6035,196.9211
M_324_3,M_324_3.mp4_sec_0020.jpg,2,23.125,71.5758,197.8824
M_324_3,M_324_3.mp4_sec_0020.jpg,3,23.0067,69.6303,197.3405
M_324_3,M_324_3.mp4_sec_0020.jpg,4,24.9061,74.5425,199.5882
M_324_3,M_324_3.mp4_sec_0020.jpg,5,24.533,71.9857,198.1709
M_324_3,M_324_3.mp4_sec_0021.jpg,1,23.6919,71.7962,198.7231
M_324_3,M_324_3.mp4_sec_0021.jpg,2,24.8191,74.9358,200.2129
M_324_3,M_324_3.mp4_sec_0021.jpg,3,25.4683,74.3484,197.9388
M_324_3,M_324_3.mp4_sec_0021.jpg,4,24.3812,72.3278,198.9842
M_324_3,M_324_3.mp4_sec_0021.jpg,5,23.7807,73.5726,199.5694
M_324_3,M_324_3.mp4_sec_0022.jpg,1,26.3095,78.468,203.7242
M_324_3,M_324_3.mp4_sec_0022.jpg,2,26.2237,76.1854,201.1016
M_324_3,M_324_3.mp4_sec_0022.jpg,3,27.16,76.9987,202.2041
M_324_3,M_324_3.mp4_sec_0022.jpg,4,26.2367,79.4067,204.1097
M_324_3,M_324_3.mp4_sec_0022.jpg,5,29.1744,79.0063,202.393
M_324_3,M_324_3.mp4_sec_0023.jpg,1,25.42,75.0652,201.5854
M_324_3,M_324_3.mp4_sec_0023.jpg,2,27.995,77.9116,202.9653
M_324_3,M_324_3.mp4_sec_0023.jpg,3,26.04,75.3585,202.6727
M_324_3,M_324_3.mp4_sec_0023.jpg,4,34.5868,82.8645,201.6997
M_324_3,M_324_3.mp4_sec_0023.jpg,5,26.4606,76.1581,202.0478
M_324_3,M_324_3.mp4_sec_0024.jpg,1,26.2447,75.3818,202.9859
M_324_3,M_324_3.mp4_sec_0024.jpg,2,25.564,74.8867,201.3316
M_324_3,M_324_3.mp4_sec_0024.jpg,3,25.1785,75.3092,201.6938
M_324_3,M_324_3.mp4_sec_0024.jpg,4,30.4361,80.3246,202.7507
M_324_3,M_324_3.mp4_sec_0024.jpg,5,26.7183,76.7249,201.3724
M_324_3,M_324_3.mp4_sec_0025.jpg,1,29.0195,78.7935,202.8269
M_324_3,M_324_3.mp4_sec_0025.jpg,2,32.9472,82.0628,201.8135
M_324_3,M_324_3.mp4_sec_0025.jpg,3,33.7961,82.7412,201.6486
M_324_3,M_324_3.mp4_sec_0025.jpg,4,23.3781,76.4782,201.6334
M_324_3,M_324_3.mp4_sec_0025.jpg,5,25.5082,75.0196,201.4862
M_324_3,M_324_3.mp4_sec_0026.jpg,1,26.4389,76.4169,201.4248
M_324_3,M_324_3.mp4_sec_0026.jpg,2,26.1386,76.018,201.1991
M_324_3,M_324_3.mp4_sec_0026.jpg,3,26.4339,75.7811,202.8243
M_324_3,M_324_3.mp4_sec_0026.jpg,4,29.6243,79.2389,202.2656
M_324_3,M_324_3.mp4_sec_0026.jpg,5,26.6854,79.0417,204.1183
M_324_3,M_324_3.mp4_sec_0027.jpg,1,28.2923,78.0884,202.8934
M_324_3,M_324_3.mp4_sec_0027.jpg,2,25.8805,75.8398,200.9589
M_324_3,M_324_3.mp4_sec_0027.jpg,3,25.9604,76.0221,201.9364
M_324_3,M_324_3.mp4_sec_0027.jpg,4,25.6574,75.0036,201.958
M_324_3,M_324_3.mp4_sec_0027.jpg,5,27.794,77.1724,203.057
M_324_3,M_324_3.mp4_sec_0028.jpg,1,27.1158,77.2137,201.2428
M_324_3,M_324_3.mp4_sec_0028.jpg,2,32.4675,81.9951,202.2343
M_324_3,M_324_3.mp4_sec_0028.jpg,3,28.3831,80.3689,202.6914
M_324_3,M_324_3.mp4_sec_0028.jpg,4,28.2362,77.8617,202.8452
M_324_3,M_324_3.mp4_sec_0028.jpg,5,25.6917,75.2473,201.5692
M_324_3,M_324_3.mp4_sec_0029.jpg,1,38.2525,85.9464,200.6095
M_324_3,M_324_3.mp4_sec_0029.jpg,2,26.3551,76.0317,202.7422
M_324_3,M_324_3.mp4_sec_0029.jpg,3,26.8063,76.2801,202.911
M_324_3,M_324_3.mp4_sec_0029.jpg,4,26.5301,75.9477,202.7637
M_324_3,M_324_3.mp4_sec_0029.jpg,5,29.0423,79.038,202.8456
M_324_3,M_324_3.mp4_sec_0030.jpg,1,23.9234,76.8541,201.9946
M_324_3,M_324_3.mp4_sec_0030.jpg,2,25.6028,76.6202,201.5781
M_324_3,M_324_3.mp4_sec_0030.jpg,3,25.7338,75.2589,201.8243
M_324_3,M_324_3.mp4_sec_0030.jpg,4,26.4999,76.0363,202.3885
M_324_3,M_324_3.mp4_sec_0030.jpg,5,25.6905,74.7774,202.7183
M_324_3,M_324_3.mp4_sec_0031.jpg,1,25.8945,75.2684,202.2856
M_324_3,M_324_3.mp4_sec_0031.jpg,2,27.5954,76.8428,201.4156
M_324_3,M_324_3.mp4_sec_0031.jpg,3,25.4528,74.7611,201.8387
M_324_3,M_324_3.mp4_sec_0031.jpg,4,27.276,76.6732,203.2019
M_324_3,M_324_3.mp4_sec_0031.jpg,5,25.7073,77.5246,202.0104
M_327E_1,M_327E_1.mp4_sec_0000.jpg,1,27.925,36.2266,196.0945
M_327E_1,M_327E_1.mp4_sec_0000.jpg,2,31.131,40.5016,195.8268
M_327E_1,M_327E_1.mp4_sec_0000.jpg,3,34.6385,44.1531,196.1248
M_327E_1,M_327E_1.mp4_sec_0000.jpg,4,27.8799,35.5969,194.443
M_327E_1,M_327E_1.mp4_sec_0000.jpg,5,29.1398,37.807,194.7682
M_327E_1,M_327E_1.mp4_sec_0001.jpg,1,28.1952,36.8732,194.7679
M_327E_1,M_327E_1.mp4_sec_0001.jpg,2,34.789,44.4295,196.3555
M_327E_1,M_327E_1.mp4_sec_0001.jpg,3,30.0765,39.2812,194.912
M_327E_1,M_327E_1.mp4_sec_0001.jpg,4,28.7148,36.2083,196.2835
M_327E_1,M_327E_1.mp4_sec_0001.jpg,5,28.1443,36.846,195.0308
M_327E_1,M_327E_1.mp4_sec_0002.jpg,1,29.8433,38.2617,196.9399
M_327E_1,M_327E_1.mp4_sec_0002.jpg,2,29.3481,38.594,194.4917
M_327E_1,M_327E_1.mp4_sec_0002.jpg,3,30.193,39.1645,194.5826
M_327E_1,M_327E_1.mp4_sec_0002.jpg,4,30.0804,38.0363,194.0489
M_327E_1,M_327E_1.mp4_sec_0002.jpg,5,33.2343,42.2691,196.4722
M_327E_1,M_327E_1.mp4_sec_0003.jpg,1,30.6304,39.3443,196.7902
M_327E_1,M_327E_1.mp4_sec_0003.jpg,2,29.5657,39.0662,194.3974
M_327E_1,M_327E_1.mp4_sec_0003.jpg,3,28.2134,36.9158,195.1735
M_327E_1,M_327E_1.mp4_sec_0003.jpg,4,27.9731,35.8956,195.8602
M_327E_1,M_327E_1.mp4_sec_0003.jpg,5,31.4944,40.5312,195.5547
M_327E_1,M_327E_1.mp4_sec_0004.jpg,1,31.0426,40.0429,195.8892
M_327E_1,M_327E_1.mp4_sec_0004.jpg,2,28.8294,37.9459,193.6495
M_327E_1,M_327E_1.mp4_sec_0004.jpg,3,28.8712,37.9823,193.5227
M_327E_1,M_327E_1.mp4_sec_0004.jpg,4,27.6955,35.9661,195.312
M_327E_1,M_327E_1.mp4_sec_0004.jpg,5,29.1412,37.7554,193.5453
M_327E_1,M_327E_1.mp4_sec_0005.jpg,1,29.9221,38.8555,195.2141
M_327E_1,M_327E_1.mp4_sec_0005.jpg,2,28.0565,36.6993,193.5712
M_327E_1,M_327E_1.mp4_sec_0005.jpg,3,28.7305,37.7247,194.3856
M_327E_1,M_327E_1.mp4_sec_0005.jpg,4,33.3009,42.8151,195.0743
M_327E_1,M_327E_1.mp4_sec_0005.jpg,5,28.2233,37.3077,192.8721
M_327E_1,M_327E_1.mp4_sec_0006.jpg,1,25.6475,34.636,189.7608
M_327E_1,M_327E_1.mp4_sec_0006.jpg,2,25.7718,33.458,189.1962
M_327E_1,M_327E_1.mp4_sec_0006.jpg,3,27.0435,36.3683,190.301
M_327E_1,M_327E_1.mp4_sec_0006.jpg,4,28.9403,38.1207,191.3878
M_327E_1,M_327E_1.mp4_sec_0006.jpg,5,33.0911,42.9756,194.8041
M_327E_1,M_327E_1.mp4_sec_0007.jpg,1,28.3598,36.375,196.6488
M_327E_1,M_327E_1.mp4_sec_0007.jpg,2,28.281,36.8763,196.2886
M_327E_1,M_327E_1.mp4_sec_0007.jpg,3,29.6082,38.5978,194.724
M_327E_1,M_327E_1.mp4_sec_0007.jpg,4,28.7247,37.3434,194.7426
M_327E_1,M_327E_1.mp4_sec_0007.jpg,5,28.8757,38.09,195.9275
M_327E_1,M_327E_1.mp4_sec_0008.jpg,1,28.243,36.8335,196.6683
M_327E_1,M_327E_1.mp4_sec_0008.jpg,2,28.1697,36.2549,196.6575
M_327E_1,M_327E_1.mp4_sec_0008.jpg,3,30.5828,39.5179,196.6762
M_327E_1,M_327E_1.mp4_sec_0008.jpg,4,35.7226,45.1537,198.0256
M_327E_1,M_327E_1.mp4_sec_0008.jpg,5,28.0031,36.4598,196.5359
M_327E_1,M_327E_1.mp4_sec_0009.jpg,1,29.6809,38.6932,195.2884
M_327E_1,M_327E_1.mp4_sec_0009.jpg,2,31.9354,41.07,196.2605
M_327E_1,M_327E_1.mp4_sec_0009.jpg,3,29.7392,38.0891,196.8586
M_327E_1,M_327E_1.mp4_sec_0009.jpg,4,29.1266,37.8833,195.007
M_327E_1,M_327E_1.mp4_sec_0009.jpg,5,34.4755,44.0446,196.5738
M_327E_1,M_327E_1.mp4_sec_0010.jpg,1,32.101,41.1472,196.9069
M_327E_1,M_327E_1.mp4_sec_0010.jpg,2,32.3633,41.3584,197.2879
M_327E_1,M_327E_1.mp4_sec_0010.jpg,3,30.6526,39.8133,196.4829
M_327E_1,M_327E_1.mp4_sec_0010.jpg,4,28.5381,37.1629,194.4208
M_327E_1,M_327E_1.mp4_sec_0010.jpg,5,30.6643,39.7839,195.8212
M_327E_1,M_327E_1.mp4_sec_0011.jpg,1,30.3113,39.3113,195.3052
M_327E_1,M_327E_1.mp4_sec_0011.jpg,2,30.5377,38.057,194.2327
M_327E_1,M_327E_1.mp4_sec_0011.jpg,3,33.6098,42.8683,197.2159
M_327E_1,M_327E_1.mp4_sec_0011.jpg,4,27.7565,35.9921,195.98
M_327E_1,M_327E_1.mp4_sec_0011.jpg,5,30.4621,39.3144,196.4019
M_327E_1,M_327E_1.mp4_sec_0012.jpg,1,29.5106,38.5473,195.1311
M_327E_1,M_327E_1.mp4_sec_0012.jpg,2,27.7904,37.2067,196.0743
M_327E_1,M_327E_1.mp4_sec_0012.jpg,3,28.6378,38.1483,196.938
M_327E_1,M_327E_1.mp4_sec_0012.jpg,4,27.7518,35.8871,195.0877
M_327E_1,M_327E_1.mp4_sec_0012.jpg,5,28.5931,36.4785,196.6032
M_327E_1,M_327E_1.mp4_sec_0013.jpg,1,28.8898,37.1254,196.7545
M_327E_1,M_327E_1.mp4_sec_0013.jpg,2,28.2197,36.8438,196.0653
M_327E_1,M_327E_1.mp4_sec_0013.jpg,3,28.8692,37.3267,195.9912
M_327E_1,M_327E_1.mp4_sec_0013.jpg,4,28.3038,36.7226,196.4127
M_327E_1,M_327E_1.mp4_sec_0013.jpg,5,29.2877,38.3324,194.2745
M_327E_1,M_327E_1.mp4_sec_0014.jpg,1,27.7641,36.9241,196.2193
M_327E_1,M_327E_1.mp4_sec_0014.jpg,2,29.8867,38.996,194.8763
M_327E_1,M_327E_1.mp4_sec_0014.jpg,3,29.6506,38.8887,195.2426
M_327E_1,M_327E_1.mp4_sec_0014.jpg,4,29.0752,37.5503,194.7792
M_327E_1,M_327E_1.mp4_sec_0014.jpg,5,32.5011,41.5072,197.2796
M_327E_1,M_327E_1.mp4_sec_0015.jpg,1,29.3824,38.461,194.6032
M_327E_1,M_327E_1.mp4_sec_0015.jpg,2,28.8644,37.1674,196.1508
M_327E_1,M_327E_1.mp4_sec_0015.jpg,3,30.0415,40.2244,195.1479
M_327E_1,M_327E_1.mp4_sec_0015.jpg,4,29.0648,37.7125,195.5916
M_327E_1,M_327E_1.mp4_sec_0015.jpg,5,33.4814,42.3672,195.8543
M_327E_1,M_327E_1.mp4_sec_0016.jpg,1,31.1692,40.1542,196.4398
M_327E_1,M_327E_1.mp4_sec_0016.jpg,2,30.4062,39.0339,197.1371
M_327E_1,M_327E_1.mp4_sec_0016.jpg,3,27.9057,37.285,195.7305
M_327E_1,M_327E_1.mp4_sec_0016.jpg,4,31.2877,40.585,195.515
M_327E_1,M_327E_1.mp4_sec_0016.jpg,5,30.6659,39.4753,196.8176
M_327E_1,M_327E_1.mp4_sec_0017.jpg,1,30.1219,39.1223,195.3449
M_327E_1,M_327E_1.mp4_sec_0017.jpg,2,30.3131,39.1991,196.0036
M_327E_1,M_327E_1.mp4_sec_0017.jpg,3,29.741,38.7772,195.2192
M_327E_1,M_327E_1.mp4_sec_0017.jpg,4,29.9719,38.8348,195.6194
M_327E_1,M_327E_1.mp4_sec_0017.jpg,5,29.9554,38.9637,195.1315
M_327E_1,M_327E_1.mp4_sec_0018.jpg,1,31.7475,41.0767,195.3117
M_327E_1,M_327E_1.mp4_sec_0018.jpg,2,29.0357,36.9784,196.5772
M_327E_1,M_327E_1.mp4_sec_0018.jpg,3,29.5128,38.4042,195.7246
M_327E_1,M_327E_1.mp4_sec_0018.jpg,4,32.7379,42.3974,197.9042
M_327E_1,M_327E_1.mp4_sec_0018.jpg,5,29.4912,38.4663,196.3997
M_327E_1,M_327E_1.mp4_sec_0019.jpg,1,29.6613,38.6896,194.5905
M_327E_1,M_327E_1.mp4_sec_0019.jpg,2,30.2047,39.101,196.1495
M_327E_1,M_327E_1.mp4_sec_0019.jpg,3,29.8546,38.8786,195.0736
M_327E_1,M_327E_1.mp4_sec_0019.jpg,4,27.9396,35.8012,196.1741
M_327E_1,M_327E_1.mp4_sec_0019.jpg,5,29.3115,38.3516,196.4569
M_327E_1,M_327E_1.mp4_sec_0020.jpg,1,34.4439,43.6466,195.338
M_327E_1,M_327E_1.mp4_sec_0020.jpg,2,27.7211,36.3867,195.9233
M_327E_1,M_327E_1.mp4_sec_0020.jpg,3,35.2697,44.9055,197.9758
M_327E_1,M_327E_1.mp4_sec_0020.jpg,4,35.0626,44.7347,197.1591
M_327E_1,M_327E_1.mp4_sec_0020.jpg,5,28.7736,37.4026,195.6196
M_327E_1,M_327E_1.mp4_sec_0021.jpg,1,31.0233,40.0961,195.4807
M_327E_1,M_327E_1.mp4_sec_0021.jpg,2,30.73,39.7282,195.7466
M_327E_1,M_327E_1.mp4_sec_0021.jpg,3,32.2374,41.5418,196.5354
M_327E_1,M_327E_1.mp4_sec_0021.jpg,4,35.6127,45.2913,198.5148
M_327E_1,M_327E_1.mp4_sec_0021.jpg,5,36.0752,45.7516,198.8961
M_327E_1,M_327E_1.mp4_sec_0022.jpg,1,30.182,38.8795,196.586
M_327E_1,M_327E_1.mp4_sec_0022.jpg,2,35.4993,45.1118,197.6587
M_327E_1,M_327E_1.mp4_sec_0022.jpg,3,29.4091,38.2967,194.9614
M_327E_1,M_327E_1.mp4_sec_0022.jpg,4,31.3258,40.6858,195.7854
M_327E_1,M_327E_1.mp4_sec_0022.jpg,5,30.9352,39.9076,196.3523
M_327E_1,M_327E_1.mp4_sec_0023.jpg,1,30.5023,39.3182,195.1288
M_327E_1,M_327E_1.mp4_sec_0023.jpg,2,30.5308,39.3279,196.4048
M_327E_1,M_327E_1.mp4_sec_0023.jpg,3,30.4297,39.7426,197.4942
M_327E_1,M_327E_1.mp4_sec_0023.jpg,4,28.5341,36.4118,196.6362
M_327E_1,M_327E_1.mp4_sec_0023.jpg,5,31.5536,40.5839,195.7978
M_327E_1,M_327E_1.mp4_sec_0024.jpg,1,27.7428,37.3149,196.1356
M_327E_1,M_327E_1.mp4_sec_0024.jpg,2,29.5236,38.528,195.1874
M_327E_1,M_327E_1.mp4_sec_0024.jpg,3,35.8093,45.6576,198.4116
M_327E_1,M_327E_1.mp4_sec_0024.jpg,4,29.1261,38.2296,196.5253
M_327E_1,M_327E_1.mp4_sec_0024.jpg,5,30.41,39.4883,195.1382
M_327E_1,M_327E_1.mp4_sec_0025.jpg,1,30.0034,39.0716,194.9405
M_327E_1,M_327E_1.mp4_sec_0025.jpg,2,29.1943,38.5859,194.8236
M_327E_1,M_327E_1.mp4_sec_0025.jpg,3,32.1537,41.1405,197.4076
M_327E_1,M_327E_1.mp4_sec_0025.jpg,4,30.4028,39.0871,196.6585
M_327E_1,M_327E_1.mp4_sec_0025.jpg,5,27.4006,35.9616,196.2009
M_327E_1,M_327E_1.mp4_sec_0026.jpg,1,29.4278,38.3286,195.0072
M_327E_1,M_327E_1.mp4_sec_0026.jpg,2,29.6699,38.6912,194.6133
M_327E_1,M_327E_1.mp4_sec_0026.jpg,3,30.836,39.8606,194.653
M_327E_1,M_327E_1.mp4_sec_0026.jpg,4,29.8968,39.3355,195.3285
M_327E_1,M_327E_1.mp4_sec_0026.jpg,5,31.4201,40.9385,195.7529
M_327E_1,M_327E_1.mp4_sec_0027.jpg,1,32.9782,42.3851,196.5447
M_327E_1,M_327E_1.mp4_sec_0027.jpg,2,30.4464,39.2468,197.1068
M_327E_1,M_327E_1.mp4_sec_0027.jpg,3,29.9003,38.9699,196.1885
M_327E_1,M_327E_1.mp4_sec_0027.jpg,4,29.2843,37.864,196.7056
M_327E_1,M_327E_1.mp4_sec_0027.jpg,5,29.768,38.7868,194.7711
M_327E_1,M_327E_1.mp4_sec_0028.jpg,1,27.5328,36.7774,195.8373
M_327E_1,M_327E_1.mp4_sec_0028.jpg,2,28.3384,36.8957,195.1416
M_327E_1,M_327E_1.mp4_sec_0028.jpg,3,31.0871,40.0871,195.9259
M_327E_1,M_327E_1.mp4_sec_0028.jpg,4,31.4529,40.6755,195.5732
M_327E_1,M_327E_1.mp4_sec_0028.jpg,5,27.8975,35.7734,196.1059
M_327E_1,M_327E_1.mp4_sec_0029.jpg,1,29.5272,38.3911,195.5611
M_327E_1,M_327E_1.mp4_sec_0029.jpg,2,28.4338,37.3234,195.9607
M_327E_1,M_327E_1.mp4_sec_0029.jpg,3,29.1319,38.1441,195.6483
M_327E_1,M_327E_1.mp4_sec_0029.jpg,4,27.9957,35.9215,195.1104
M_327E_1,M_327E_1.mp4_sec_0029.jpg,5,29.3754,39.0637,194.4396
M_327E_1,M_327E_1.mp4_sec_0030.jpg,1,31.2891,40.5359,195.5785
M_327E_1,M_327E_1.mp4_sec_0030.jpg,2,29.1427,37.2314,194.9693
M_327E_1,M_327E_1.mp4_sec_0030.jpg,3,29.4904,37.9818,196.4881
M_327E_1,M_327E_1.mp4_sec_0030.jpg,4,32.3995,41.8418,197.5559
M_327E_1,M_327E_1.mp4_sec_0030.jpg,5,30.667,40.0063,196.3461
M_327E_2,M_327E_2.mp4_sec_0000.jpg,1,28.9457,37.9486,193.1636
M_327E_2,M_327E_2.mp4_sec_0000.jpg,2,28.5013,37.283,194.2229
M_327E_2,M_327E_2.mp4_sec_0000.jpg,3,27.8256,35.8256,195.9641
M_327E_2,M_327E_2.mp4_sec_0000.jpg,4,34.9731,44.6443,197.1008
M_327E_2,M_327E_2.mp4_sec_0000.jpg,5,31.7157,40.7107,196.1111
M_327E_2,M_327E_2.mp4_sec_0001.jpg,1,31.4224,40.4558,195.2451
M_327E_2,M_327E_2.mp4_sec_0001.jpg,2,29.9805,39.1739,194.2395
M_327E_2,M_327E_2.mp4_sec_0001.jpg,3,28.5736,37.2071,196.4004
M_327E_2,M_327E_2.mp4_sec_0001.jpg,4,28.936,37.7715,196.9794
M_327E_2,M_327E_2.mp4_sec_0001.jpg,5,29.3166,38.4592,195.5023
M_327E_2,M_327E_2.mp4_sec_0002.jpg,1,38.4001,46.2388,195.6892
M_327E_2,M_327E_2.mp4_sec_0002.jpg,2,31.7424,40.8115,195.2184
M_327E_2,M_327E_2.mp4_sec_0002.jpg,3,28.6993,37.2792,194.4087
M_327E_2,M_327E_2.mp4_sec_0002.jpg,4,30.1282,39.4892,197.2868
M_327E_2,M_327E_2.mp4_sec_0002.jpg,5,29.4075,38.544,194.4196
M_327E_2,M_327E_2.mp4_sec_0003.jpg,1,35.3707,44.4134,200.2307
M_327E_2,M_327E_2.mp4_sec_0003.jpg,2,28.4886,37.3153,194.134
M_327E_2,M_327E_2.mp4_sec_0003.jpg,3,35.5352,45.0063,198.5137
M_327E_2,M_327E_2.mp4_sec_0003.jpg,4,32.2226,41.1923,195.5335
M_327E_2,M_327E_2.mp4_sec_0003.jpg,5,27.2554,35.3514,195.5635
M_327E_2,M_327E_2.mp4_sec_0004.jpg,1,28.8681,37.6394,194.9352
M_327E_2,M_327E_2.mp4_sec_0004.jpg,2,35.3992,44.9589,197.4901
M_327E_2,M_327E_2.mp4_sec_0004.jpg,3,27.6733,35.8176,194.9802
M_327E_2,M_327E_2.mp4_sec_0004.jpg,4,31.6842,42.1784,196.6288
M_327E_2,M_327E_2.mp4_sec_0004.jpg,5,27.6497,35.8694,194.9996
M_327E_2,M_327E_2.mp4_sec_0005.jpg,1,29.3867,38.5999,194.1025
M_327E_2,M_327E_2.mp4_sec_0005.jpg,2,30.7404,39.5566,195.8185
M_327E_2,M_327E_2.mp4_sec_0005.jpg,3,37.5574,46.4769,195.7054
M_327E_2,M_327E_2.mp4_sec_0005.jpg,4,31.6194,41.0512,195.9841
M_327E_2,M_327E_2.mp4_sec_0005.jpg,5,30.0902,39.3773,194.8781
M_327E_2,M_327E_2.mp4_sec_0006.jpg,1,36.0834,45.672,198.8534
M_327E_2,M_327E_2.mp4_sec_0006.jpg,2,29.5546,38.8428,195.6833
M_327E_2,M_327E_2.mp4_sec_0006.jpg,3,33.5504,42.238,195.3361
M_327E_2,M_327E_2.mp4_sec_0006.jpg,4,33.1785,42.0986,195.6296
M_327E_2,M_327E_2.mp4_sec_0006.jpg,5,31.1325,40.6073,195.7937
M_327E_2,M_327E_2.mp4_sec_0007.jpg,1,32.2255,42.586,197.04
M_327E_2,M_327E_2.mp4_sec_0007.jpg,2,30.3961,39.4964,195.1759
M_327E_2,M_327E_2.mp4_sec_0007.jpg,3,28.7635,37.6088,196.8598
M_327E_2,M_327E_2.mp4_sec_0007.jpg,4,30.8968,39.9562,195.0693
M_327E_2,M_327E_2.mp4_sec_0007.jpg,5,30.1631,39.1944,194.9123
M_327E_2,M_327E_2.mp4_sec_0008.jpg,1,30.3241,39.4152,196.0884
M_327E_2,M_327E_2.mp4_sec_0008.jpg,2,31.2863,40.2848,196.3187
M_327E_2,M_327E_2.mp4_sec_0008.jpg,3,29.4053,38.4499,194.9343
M_327E_2,M_327E_2.mp4_sec_0008.jpg,4,30.9039,39.8214,196.7325
M_327E_2,M_327E_2.mp4_sec_0008.jpg,5,28.09,37.5691,196.1241
M_327E_2,M_327E_2.mp4_sec_0009.jpg,1,29.7296,38.3122,196.5485
M_327E_2,M_327E_2.mp4_sec_0009.jpg,2,30.4605,39.5767,196.1221
M_327E_2,M_327E_2.mp4_sec_0009.jpg,3,30.4246,39.4206,195.4333
M_327E_2,M_327E_2.mp4_sec_0009.jpg,4,33.3896,42.7623,196.9021
M_327E_2,M_327E_2.mp4_sec_0009.jpg,5,31.1025,40.1506,195.3992
M_327E_2,M_327E_2.mp4_sec_0010.jpg,1,32.2069,41.1751,195.3534
M_327E_2,M_327E_2.mp4_sec_0010.jpg,2,28.5909,37.425,196.6324
M_327E_2,M_327E_2.mp4_sec_0010.jpg,3,28.6313,36.7071,196.5267
M_327E_2,M_327E_2.mp4_sec_0010.jpg,4,29.7103,38.7042,194.54
M_327E_2,M_327E_2.mp4_sec_0010.jpg,5,27.8131,35.9504,195.9829
M_327E_2,M_327E_2.mp4_sec_0011.jpg,1,28.0034,36.3865,195.0085
M_327E_2,M_327E_2.mp4_sec_0011.jpg,2,28.3647,36.9118,196.1887
M_327E_2,M_327E_2.mp4_sec_0011.jpg,3,38.1205,47.3254,195.7505
M_327E_2,M_327E_2.mp4_sec_0011.jpg,4,29.1524,38.2433,194.0081
M_327E_2,M_327E_2.mp4_sec_0011.jpg,5,30.2985,40.0106,194.978
M_327E_2,M_327E_2.mp4_sec_0012.jpg,1,30.143,39.2137,195.4484
M_327E_2,M_327E_2.mp4_sec_0012.jpg,2,31.7011,40.6896,196.6946
M_327E_2,M_327E_2.mp4_sec_0012.jpg,3,29.0678,37.7498,196.3478
M_327E_2,M_327E_2.mp4_sec_0012.jpg,4,30.5846,39.4347,195.4403
M_327E_2,M_327E_2.mp4_sec_0012.jpg,5,31.6338,40.7594,195.8647
M_327E_2,M_327E_2.mp4_sec_0013.jpg,1,34.9347,44.6578,196.9351
M_327E_2,M_327E_2.mp4_sec_0013.jpg,2,35.0083,44.7823,196.6798
M_327E_2,M_327E_2.mp4_sec_0013.jpg,3,28.213,37.077,194.638
M_327E_2,M_327E_2.mp4_sec_0013.jpg,4,35.0166,44.6687,197.1501
M_327E_2,M_327E_2.mp4_sec_0013.jpg,5,30.1999,39.3124,195.8303
M_327E_2,M_327E_2.mp4_sec_0014.jpg,1,27.3737,37.4031,195.6894
M_327E_2,M_327E_2.mp4_sec_0014.jpg,2,27.3386,35.6488,195.697
M_327E_2,M_327E_2.mp4_sec_0014.jpg,3,32.9722,42.3404,196.5514
M_327E_2,M_327E_2.mp4_sec_0014.jpg,4,35.3525,45.0889,197.3999
M_327E_2,M_327E_2.mp4_sec_0014.jpg,5,27.5087,35.6962,195.8461
M_327E_2,M_327E_2.mp4_sec_0015.jpg,1,27.6421,35.6095,195.7
M_327E_2,M_327E_2.mp4_sec_0015.jpg,2,29.2038,37.6418,196.0581
M_327E_2,M_327E_2.mp4_sec_0015.jpg,3,30.4996,39.2879,196.5213
M_327E_2,M_327E_2.mp4_sec_0015.jpg,4,30.2002,39.6335,194.5501
M_327E_2,M_327E_2.mp4_sec_0015.jpg,5,27.6851,36.3485,195.5824
M_327E_2,M_327E_2.mp4_sec_0016.jpg,1,27.9448,36.5821,196.3074
M_327E_2,M_327E_2.mp4_sec_0016.jpg,2,28.9306,37.3992,196.3283
M_327E_2,M_327E_2.mp4_sec_0016.jpg,3,31.4019,40.4019,196.114
M_327E_2,M_327E_2.mp4_sec_0016.jpg,4,28.0548,35.5873,195.3627
M_327E_2,M_327E_2.mp4_sec_0016.jpg,5,28.0263,35.7662,195.9278
M_327E_2,M_327E_2.mp4_sec_0017.jpg,1,29.982,39.3828,194.6526
M_327E_2,M_327E_2.mp4_sec_0017.jpg,2,32.5061,41.8342,196.939
M_327E_2,M_327E_2.mp4_sec_0017.jpg,3,30.5703,39.7132,195.7359
M_327E_2,M_327E_2.mp4_sec_0017.jpg,4,30.1667,39.4499,194.8416
M_327E_2,M_327E_2.mp4_sec_0017.jpg,5,29.1236,37.5081,196.4565
M_327E_2,M_327E_2.mp4_sec_0018.jpg,1,32.2835,41.2749,197.2522
M_327E_2,M_327E_2.mp4_sec_0018.jpg,2,29.5633,38.6052,194.5467
M_327E_2,M_327E_2.mp4_sec_0018.jpg,3,28.6513,36.651,194.3342
M_327E_2,M_327E_2.mp4_sec_0018.jpg,4,29.8415,37.5043,194.423
M_327E_2,M_327E_2.mp4_sec_0018.jpg,5,39.9242,49.1259,196.2002
M_327E_2,M_327E_2.mp4_sec_0019.jpg,1,30.4251,39.8187,195.9535
M_327E_2,M_327E_2.mp4_sec_0019.jpg,2,28.3817,36.2734,194.6483
M_327E_2,M_327E_2.mp4_sec_0019.jpg,3,32.153,41.1526,196.6313
M_327E_2,M_327E_2.mp4_sec_0019.jpg,4,29.7379,39.3124,194.9953
M_327E_2,M_327E_2.mp4_sec_0019.jpg,5,29.5294,39.0382,194.6326
M_327E_2,M_327E_2.mp4_sec_0020.jpg,1,29.333,38.3939,194.2596
M_327E_2,M_327E_2.mp4_sec_0020.jpg,2,34.983,44.5166,196.9901
M_327E_2,M_327E_2.mp4_sec_0020.jpg,3,40.4473,48.5032,196.0422
M_327E_2,M_327E_2.mp4_sec_0020.jpg,4,32.346,41.6246,197.0767
M_327E_2,M_327E_2.mp4_sec_0020.jpg,5,29.6968,38.7101,194.3429
M_327E_2,M_327E_2.mp4_sec_0021.jpg,1,35.3114,44.4551,199.7453
M_327E_2,M_327E_2.mp4_sec_0021.jpg,2,27.5829,36.6895,194.9292
M_327E_2,M_327E_2.mp4_sec_0021.jpg,3,28.7399,37.7088,195.916
M_327E_2,M_327E_2.mp4_sec_0021.jpg,4,27.3817,35.4454,195.0871
M_327E_2,M_327E_2.mp4_sec_0021.jpg,5,32.4883,41.7828,197.1247
M_327E_2,M_327E_2.mp4_sec_0022.jpg,1,29.6488,38.6174,195.7071
M_327E_2,M_327E_2.mp4_sec_0022.jpg,2,31.9147,40.9111,196.9244
M_327E_2,M_327E_2.mp4_sec_0022.jpg,3,30.2594,39.7951,195.0148
M_327E_2,M_327E_2.mp4_sec_0022.jpg,4,29.3869,38.2808,195.6937
M_327E_2,M_327E_2.mp4_sec_0022.jpg,5,28.9977,38.5471,194.4443
M_327E_2,M_327E_2.mp4_sec_0023.jpg,1,30.4758,39.5254,195.5604
M_327E_2,M_327E_2.mp4_sec_0023.jpg,2,27.811,36.8429,196.0355
M_327E_2,M_327E_2.mp4_sec_0023.jpg,3,28.1127,36.507,196.3216
M_327E_2,M_327E_2.mp4_sec_0023.jpg,4,29.6591,38.7154,194.9814
M_327E_2,M_327E_2.mp4_sec_0023.jpg,5,27.6201,35.7478,195.9563
M_327E_2,M_327E_2.mp4_sec_0024.jpg,1,30.1089,39.0936,195.11
M_327E_2,M_327E_2.mp4_sec_0024.jpg,2,28.5509,35.5292,196.0976
M_327E_2,M_327E_2.mp4_sec_0024.jpg,3,31.1584,40.3828,195.5601
M_327E_2,M_327E_2.mp4_sec_0024.jpg,4,29.347,38.2058,196.45
M_327E_2,M_327E_2.mp4_sec_0024.jpg,5,35.0382,44.7691,196.8072
M_327E_2,M_327E_2.mp4_sec_0025.jpg,1,30.9576,40.9812,196.3178
M_327E_2,M_327E_2.mp4_sec_0025.jpg,2,31.9074,40.9918,195.8543
M_327E_2,M_327E_2.mp4_sec_0025.jpg,3,29.7809,38.1855,197.1141
M_327E_2,M_327E_2.mp4_sec_0025.jpg,4,29.1053,38.3569,195.5276
M_327E_2,M_327E_2.mp4_sec_0025.jpg,5,31.8934,42.3965,196.9222
M_327E_2,M_327E_2.mp4_sec_0026.jpg,1,31.2632,40.2655,195.5516
M_327E_2,M_327E_2.mp4_sec_0026.jpg,2,29.6239,37.6402,194.1279
M_327E_2,M_327E_2.mp4_sec_0026.jpg,3,31.2433,40.5038,195.8876
M_327E_2,M_327E_2.mp4_sec_0026.jpg,4,31.2278,41.5189,196.1746
M_327E_2,M_327E_2.mp4_sec_0026.jpg,5,29.8862,38.083,196.6466
M_327E_2,M_327E_2.mp4_sec_0027.jpg,1,39.9931,49.3636,196.4829
M_327E_2,M_327E_2.mp4_sec_0027.jpg,2,27.667,36.1331,196.0404
M_327E_2,M_327E_2.mp4_sec_0027.jpg,3,31.7765,40.7697,196.371
M_327E_2,M_327E_2.mp4_sec_0027.jpg,4,29.6445,38.2045,196.366
M_327E_2,M_327E_2.mp4_sec_0027.jpg,5,31.0985,40.0615,195.8651
M_327E_2,M_327E_2.mp4_sec_0028.jpg,1,34.7971,44.4544,196.2834
M_327E_2,M_327E_2.mp4_sec_0028.jpg,2,36.2031,45.8048,199.1023
M_327E_2,M_327E_2.mp4_sec_0028.jpg,3,27.9414,37.5283,196.1423
M_327E_2,M_327E_2.mp4_sec_0028.jpg,4,30.2211,39.3878,195.6201
M_327E_2,M_327E_2.mp4_sec_0028.jpg,5,31.8604,41.3166,195.2233
M_327E_2,M_327E_2.mp4_sec_0029.jpg,1,29.7128,38.0153,196.9904
M_327E_2,M_327E_2.mp4_sec_0029.jpg,2,30.6775,39.4789,196.9762
M_327E_2,M_327E_2.mp4_sec_0029.jpg,3,29.2397,38.3057,194.094
M_327E_2,M_327E_2.mp4_sec_0029.jpg,4,32.2359,41.6546,197.3766
M_327E_2,M_327E_2.mp4_sec_0029.jpg,5,29.0299,38.2821,194.8171
M_327E_2,M_327E_2.mp4_sec_0030.jpg,1,30.7497,39.9806,195.0071
M_327E_2,M_327E_2.mp4_sec_0030.jpg,2,31.4248,40.6013,195.1524
M_327E_2,M_327E_2.mp4_sec_0030.jpg,3,30.0814,38.1241,196.7244
M_327E_2,M_327E_2.mp4_sec_0030.jpg,4,28.4144,37.1515,195.3111
M_327E_2,M_327E_2.mp4_sec_0030.jpg,5,30.7251,39.1785,196.9817
M_327E_3,M_327E_3.mp4_sec_0000.jpg,1,29.4711,38.4697,194.4957
M_327E_3,M_327E_3.mp4_sec_0000.jpg,2,30.4095,39.404,194.9367
M_327E_3,M_327E_3.mp4_sec_0000.jpg,3,31.3016,40.1254,196.5565
M_327E_3,M_327E_3.mp4_sec_0000.jpg,4,31.2183,40.2778,197.1331
M_327E_3,M_327E_3.mp4_sec_0000.jpg,5,32.5658,42.1416,197.4526
M_327E_3,M_327E_3.mp4_sec_0001.jpg,1,34.9311,44.55,197.0702
M_327E_3,M_327E_3.mp4_sec_0001.jpg,2,29.7918,38.1046,196.9224
M_327E_3,M_327E_3.mp4_sec_0001.jpg,3,32.4315,41.4343,197.2413
M_327E_3,M_327E_3.mp4_sec_0001.jpg,4,29.8544,39.2491,195.068
M_327E_3,M_327E_3.mp4_sec_0001.jpg,5,32.2273,41.2258,196.7854
M_327E_3,M_327E_3.mp4_sec_0002.jpg,1,30.2702,38.9971,196.8164
M_327E_3,M_327E_3.mp4_sec_0002.jpg,2,31.5332,40.5842,196.6773
M_327E_3,M_327E_3.mp4_sec_0002.jpg,3,33.7051,43.4565,196.0527
M_327E_3,M_327E_3.mp4_sec_0002.jpg,4,32.1409,41.2956,196.4563
M_327E_3,M_327E_3.mp4_sec_0002.jpg,5,27.5606,37.1881,195.6421
M_327E_3,M_327E_3.mp4_sec_0003.jpg,1,29.2451,38.1932,194.8811
M_327E_3,M_327E_3.mp4_sec_0003.jpg,2,29.4024,37.3627,195.8923
M_327E_3,M_327E_3.mp4_sec_0003.jpg,3,29.048,37.6338,196.3546
M_327E_3,M_327E_3.mp4_sec_0003.jpg,4,28.5188,37.4921,194.8719
M_327E_3,M_327E_3.mp4_sec_0003.jpg,5,30.6259,39.8979,194.7803
M_327E_3,M_327E_3.mp4_sec_0004.jpg,1,28.8602,37.6126,195.2184
M_327E_3,M_327E_3.mp4_sec_0004.jpg,2,41.7134,51.0736,195.9096
M_327E_3,M_327E_3.mp4_sec_0004.jpg,3,28.597,36.4585,195.9459
M_327E_3,M_327E_3.mp4_sec_0004.jpg,4,35.2653,45.0489,198.0777
M_327E_3,M_327E_3.mp4_sec_0004.jpg,5,28.2897,36.3791,194.8763
M_327E_3,M_327E_3.mp4_sec_0005.jpg,1,27.2796,36.408,194.908
M_327E_3,M_327E_3.mp4_sec_0005.jpg,2,29.0819,37.4118,196.3826
M_327E_3,M_327E_3.mp4_sec_0005.jpg,3,28.757,37.8028,194.2417
M_327E_3,M_327E_3.mp4_sec_0005.jpg,4,30.9001,40.2637,195.1926
M_327E_3,M_327E_3.mp4_sec_0005.jpg,5,28.551,37.4511,194.5554
M_327E_3,M_327E_3.mp4_sec_0006.jpg,1,29.3232,38.3368,194.3784
M_327E_3,M_327E_3.mp4_sec_0006.jpg,2,28.441,37.522,195.1286
M_327E_3,M_327E_3.mp4_sec_0006.jpg,3,29.2767,38.1026,195.3532
M_327E_3,M_327E_3.mp4_sec_0006.jpg,4,31.0027,41.1589,196.0675
M_327E_3,M_327E_3.mp4_sec_0006.jpg,5,31.6425,40.6257,196.6861
M_327E_3,M_327E_3.mp4_sec_0007.jpg,1,28.0981,36.0404,196.1759
M_327E_3,M_327E_3.mp4_sec_0007.jpg,2,29.0299,37.7312,193.7103
M_327E_3,M_327E_3.mp4_sec_0007.jpg,3,40.5871,49.7592,196.1555
M_327E_3,M_327E_3.mp4_sec_0007.jpg,4,27.9704,36.5188,196.2215
M_327E_3,M_327E_3.mp4_sec_0007.jpg,5,30.8353,39.9407,196.4096
M_327E_3,M_327E_3.mp4_sec_0008.jpg,1,30.9695,41.3205,196.2062
M_327E_3,M_327E_3.mp4_sec_0008.jpg,2,31.8294,40.818,196.8077
M_327E_3,M_327E_3.mp4_sec_0008.jpg,3,28.5312,37.2628,194.6809
M_327E_3,M_327E_3.mp4_sec_0008.jpg,4,30.0875,38.4863,196.9876
M_327E_3,M_327E_3.mp4_sec_0008.jpg,5,31.7937,40.7864,197.3122
M_327E_3,M_327E_3.mp4_sec_0009.jpg,1,31.1737,40.1676,195.9756
M_327E_3,M_327E_3.mp4_sec_0009.jpg,2,28.704,36.9307,196.2702
M_327E_3,M_327E_3.mp4_sec_0009.jpg,3,30.0698,39.2303,196.2585
M_327E_3,M_327E_3.mp4_sec_0009.jpg,4,28.7527,37.0563,196.2386
M_327E_3,M_327E_3.mp4_sec_0009.jpg,5,31.0366,40.0366,195.586
M_327E_3,M_327E_3.mp4_sec_0010.jpg,1,28.2146,36.4158,194.6209
M_327E_3,M_327E_3.mp4_sec_0010.jpg,2,29.6075,38.5985,195.0938
M_327E_3,M_327E_3.mp4_sec_0010.jpg,3,27.3552,36.921,195.2657
M_327E_3,M_327E_3.mp4_sec_0010.jpg,4,29.1526,38.4098,194.0813
M_327E_3,M_327E_3.mp4_sec_0010.jpg,5,44.0106,52.6896,195.9165
M_327E_3,M_327E_3.mp4_sec_0011.jpg,1,29.7309,38.7009,195.342
M_327E_3,M_327E_3.mp4_sec_0011.jpg,2,30.1656,39.1962,195.1923
M_327E_3,M_327E_3.mp4_sec_0011.jpg,3,31.7318,40.7293,196.3707
M_327E_3,M_327E_3.mp4_sec_0011.jpg,4,30.9684,39.9699,196.1405
M_327E_3,M_327E_3.mp4_sec_0011.jpg,5,28.8966,37.4293,196.6905
M_327E_3,M_327E_3.mp4_sec_0012.jpg,1,29.2513,38.6165,194.1867
M_327E_3,M_327E_3.mp4_sec_0012.jpg,2,29.4648,38.415,195.3595
M_327E_3,M_327E_3.mp4_sec_0012.jpg,3,32.3124,41.632,196.9111
M_327E_3,M_327E_3.mp4_sec_0012.jpg,4,28.9596,37.8202,194.5278
M_327E_3,M_327E_3.mp4_sec_0012.jpg,5,27.3579,35.614,195.873
M_327E_3,M_327E_3.mp4_sec_0013.jpg,1,30.4237,39.4071,195.972
M_327E_3,M_327E_3.mp4_sec_0013.jpg,2,28.0671,36.8564,194.2807
M_327E_3,M_327E_3.mp4_sec_0013.jpg,3,30.3709,39.2671,195.3759
M_327E_3,M_327E_3.mp4_sec_0013.jpg,4,27.4156,36.399,195.5817
M_327E_3,M_327E_3.mp4_sec_0013.jpg,5,32.5882,41.79,195.075
M_327E_3,M_327E_3.mp4_sec_0014.jpg,1,30.6573,39.5756,194.6957
M_327E_3,M_327E_3.mp4_sec_0014.jpg,2,40.1993,48.9185,195.3088
M_327E_3,M_327E_3.mp4_sec_0014.jpg,3,29.0146,38.0267,195.5227
M_327E_3,M_327E_3.mp4_sec_0014.jpg,4,30.697,39.8604,195.1465
M_327E_3,M_327E_3.mp4_sec_0014.jpg,5,39.0868,48.3063,195.8019
M_327E_3,M_327E_3.mp4_sec_0015.jpg,1,29.6807,38.7374,194.6825
M_327E_3,M_327E_3.mp4_sec_0015.jpg,2,31.0891,40.083,196.0657
M_327E_3,M_327E_3.mp4_sec_0015.jpg,3,30.3885,39.2096,196.3077
M_327E_3,M_327E_3.mp4_sec_0015.jpg,4,35.0388,44.6943,197.1953
M_327E_3,M_327E_3.mp4_sec_0015.jpg,5,29.8701,38.5007,196.443
M_327E_3,M_327E_3.mp4_sec_0016.jpg,1,27.8283,35.0473,195.4785
M_327E_3,M_327E_3.mp4_sec_0016.jpg,2,28.5386,37.6609,195.743
M_327E_3,M_327E_3.mp4_sec_0016.jpg,3,28.8463,38.246,195.309
M_327E_3,M_327E_3.mp4_sec_0016.jpg,4,29.228,38.4385,193.9946
M_327E_3,M_327E_3.mp4_sec_0016.jpg,5,27.7431,35.9288,195.7796
M_327E_3,M_327E_3.mp4_sec_0017.jpg,1,31.3712,40.4699,196.1234
M_327E_3,M_327E_3.mp4_sec_0017.jpg,2,28.6016,37.1145,193.9062
M_327E_3,M_327E_3.mp4_sec_0017.jpg,3,30.0869,39.2756,195.7482
M_327E_3,M_327E_3.mp4_sec_0017.jpg,4,30.4122,39.5637,194.7863
M_327E_3,M_327E_3.mp4_sec_0017.jpg,5,29.1827,38.0698,194.9111
M_327E_3,M_327E_3.mp4_sec_0018.jpg,1,27.8609,37.3736,196.419
M_327E_3,M_327E_3.mp4_sec_0018.jpg,2,31.3806,40.2765,196.8256
M_327E_3,M_327E_3.mp4_sec_0018.jpg,3,29.263,37.5557,196.5437
M_327E_3,M_327E_3.mp4_sec_0018.jpg,4,29.1962,38.3777,193.8844
M_327E_3,M_327E_3.mp4_sec_0018.jpg,5,30.4334,39.199,196.9639
M_327E_3,M_327E_3.mp4_sec_0019.jpg,1,31.8855,40.9334,196.3083
M_327E_3,M_327E_3.mp4_sec_0019.jpg,2,29.2543,37.9661,195.7949
M_327E_3,M_327E_3.mp4_sec_0019.jpg,3,28.3404,37.0096,194.585
M_327E_3,M_327E_3.mp4_sec_0019.jpg,4,27.6472,35.6515,195.6178
M_327E_3,M_327E_3.mp4_sec_0019.jpg,5,30.9075,39.9435,196.3808
M_327E_3,M_327E_3.mp4_sec_0020.jpg,1,35.051,44.7204,197.2027
M_327E_3,M_327E_3.mp4_sec_0020.jpg,2,28.9302,37.7666,195.1477
M_327E_3,M_327E_3.mp4_sec_0020.jpg,3,34.3043,43.8368,196.403
M_327E_3,M_327E_3.mp4_sec_0020.jpg,4,31.1735,40.2421,195.9354
M_327E_3,M_327E_3.mp4_sec_0020.jpg,5,27.393,36.7574,195.0776
M_327E_3,M_327E_3.mp4_sec_0021.jpg,1,32.6694,42.0859,197.3333
M_327E_3,M_327E_3.mp4_sec_0021.jpg,2,27.7312,36.2448,194.7433
M_327E_3,M_327E_3.mp4_sec_0021.jpg,3,28.051,36.6668,194.5817
M_327E_3,M_327E_3.mp4_sec_0021.jpg,4,34.0056,43.6899,196.4491
M_327E_3,M_327E_3.mp4_sec_0021.jpg,5,28.2893,36.4942,196.3386
M_327E_3,M_327E_3.mp4_sec_0022.jpg,1,28.0231,34.8995,195.318
M_327E_3,M_327E_3.mp4_sec_0022.jpg,2,28.5552,36.441,194.197
M_327E_3,M_327E_3.mp4_sec_0022.jpg,3,28.7745,37.1205,196.4993
M_327E_3,M_327E_3.mp4_sec_0022.jpg,4,28.9033,37.7027,195.3425
M_327E_3,M_327E_3.mp4_sec_0022.jpg,5,31.5774,40.5774,195.8804
M_327E_3,M_327E_3.mp4_sec_0023.jpg,1,27.7462,36.4363,195.8609
M_327E_3,M_327E_3.mp4_sec_0023.jpg,2,29.1351,38.6044,195.2215
M_327E_3,M_327E_3.mp4_sec_0023.jpg,3,29.0298,38.4004,195.2045
M_327E_3,M_327E_3.mp4_sec_0023.jpg,4,30.3541,39.3075,195.7982
M_327E_3,M_327E_3.mp4_sec_0023.jpg,5,30.7502,39.748,195.9969
M_327E_3,M_327E_3.mp4_sec_0024.jpg,1,29.4621,38.4466,195.0069
M_327E_3,M_327E_3.mp4_sec_0024.jpg,2,28.1899,36.9237,194.6576
M_327E_3,M_327E_3.mp4_sec_0024.jpg,3,30.2931,39.4843,195.1495
M_327E_3,M_327E_3.mp4_sec_0024.jpg,4,30.5949,39.5868,194.9269
M_327E_3,M_327E_3.mp4_sec_0024.jpg,5,31.303,39.7119,193.7679
M_327E_3,M_327E_3.mp4_sec_0025.jpg,1,27.5043,35.8355,194.7446
M_327E_3,M_327E_3.mp4_sec_0025.jpg,2,27.6095,35.8018,195.6582
M_327E_3,M_327E_3.mp4_sec_0025.jpg,3,27.6167,36.3656,195.9241
M_327E_3,M_327E_3.mp4_sec_0025.jpg,4,29.4123,38.4149,193.8434
M_327E_3,M_327E_3.mp4_sec_0025.jpg,5,27.3681,35.2179,195.437
M_327E_3,M_327E_3.mp4_sec_0026.jpg,1,30.1344,39.0054,196.0709
M_327E_3,M_327E_3.mp4_sec_0026.jpg,2,27.208,35.8672,194.754
M_327E_3,M_327E_3.mp4_sec_0026.jpg,3,30.6492,39.8028,195.3687
M_327E_3,M_327E_3.mp4_sec_0026.jpg,4,27.7821,36.447,194.312
M_327E_3,M_327E_3.mp4_sec_0026.jpg,5,27.4508,36.042,194.7033
M_327E_3,M_327E_3.mp4_sec_0027.jpg,1,29.901,39.4847,194.9352
M_327E_3,M_327E_3.mp4_sec_0027.jpg,2,28.7828,38.4262,193.8286
M_327E_3,M_327E_3.mp4_sec_0027.jpg,3,31.5806,40.6508,196.4021
M_327E_3,M_327E_3.mp4_sec_0027.jpg,4,30.1353,39.7255,194.7103
M_327E_3,M_327E_3.mp4_sec_0027.jpg,5,35.3984,44.7377,198.5981
M_327E_3,M_327E_3.mp4_sec_0028.jpg,1,27.9702,36.2044,194.2175
M_327E_3,M_327E_3.mp4_sec_0028.jpg,2,29.0437,38.5303,194.7186
M_327E_3,M_327E_3.mp4_sec_0028.jpg,3,36.0794,45.7385,199.296
M_327E_3,M_327E_3.mp4_sec_0028.jpg,4,31.0734,40.1369,195.4264
M_327E_3,M_327E_3.mp4_sec_0028.jpg,5,29.8404,39.1517,195.616
M_327E_3,M_327E_3.mp4_sec_0029.jpg,1,27.82,36.7345,196.1243
M_327E_3,M_327E_3.mp4_sec_0029.jpg,2,29.7841,38.0915,196.395
M_327E_3,M_327E_3.mp4_sec_0029.jpg,3,31.6466,40.8624,196.3988
M_327E_3,M_327E_3.mp4_sec_0029.jpg,4,29.5029,39.143,194.9217
M_327E_3,M_327E_3.mp4_sec_0029.jpg,5,27.614,36.3678,195.6147
M_327E_3,M_327E_3.mp4_sec_0030.jpg,1,32.3819,41.7186,197.2256
M_327E_3,M_327E_3.mp4_sec_0030.jpg,2,29.9102,39.0642,194.8586
M_327E_3,M_327E_3.mp4_sec_0030.jpg,3,28.9899,37.6807,195.7693
M_327E_3,M_327E_3.mp4_sec_0030.jpg,4,30.4508,39.5601,195.2513
M_327E_3,M_327E_3.mp4_sec_0030.jpg,5,29.7015,39.4848,195.3698
M_327_1,M_327_1.mp4_sec_0000.jpg,1,32.2876,38.2697,186.2891
M_327_1,M_327_1.mp4_sec_0000.jpg,2,33.2113,38.4386,187.6179
M_327_1,M_327_1.mp4_sec_0000.jpg,3,45.7307,49.8581,189.6838
M_327_1,M_327_1.mp4_sec_0000.jpg,4,33.0357,39.6202,187.3523
M_327_1,M_327_1.mp4_sec_0000.jpg,5,30.5089,34.2595,188.5312
M_327_1,M_327_1.mp4_sec_0001.jpg,1,38.1079,42.6586,189.9147
M_327_1,M_327_1.mp4_sec_0001.jpg,2,32.6674,36.0372,188.2506
M_327_1,M_327_1.mp4_sec_0001.jpg,3,33.1946,37.897,187.5307
M_327_1,M_327_1.mp4_sec_0001.jpg,4,39.8518,45.2589,188.2906
M_327_1,M_327_1.mp4_sec_0001.jpg,5,28.973,33.3574,188.4365
M_327_1,M_327_1.mp4_sec_0002.jpg,1,28.969,33.5124,188.36
M_327_1,M_327_1.mp4_sec_0002.jpg,2,31.1647,34.7632,187.8983
M_327_1,M_327_1.mp4_sec_0002.jpg,3,37.8117,44.2386,190.0832
M_327_1,M_327_1.mp4_sec_0002.jpg,4,48.2929,50.7348,187.4477
M_327_1,M_327_1.mp4_sec_0002.jpg,5,33.2538,38.8824,187.5388
M_327_1,M_327_1.mp4_sec_0003.jpg,1,29.3781,33.8655,188.4721
M_327_1,M_327_1.mp4_sec_0003.jpg,2,33.0343,38.1172,189.3255
M_327_1,M_327_1.mp4_sec_0003.jpg,3,30.3582,34.9018,187.8551
M_327_1,M_327_1.mp4_sec_0003.jpg,4,32.2735,37.3014,186.8563
M_327_1,M_327_1.mp4_sec_0003.jpg,5,29.5827,34.2068,187.3793
M_327_1,M_327_1.mp4_sec_0004.jpg,1,34.7882,39.7934,189.6453
M_327_1,M_327_1.mp4_sec_0004.jpg,2,39.7802,43.8375,193.1519
M_327_1,M_327_1.mp4_sec_0004.jpg,3,29.766,36.0606,188.2121
M_327_1,M_327_1.mp4_sec_0004.jpg,4,38.5716,43.2988,189.1254
M_327_1,M_327_1.mp4_sec_0004.jpg,5,32.4682,35.1201,188.5821
M_327_1,M_327_1.mp4_sec_0005.jpg,1,32.5954,38.5837,186.6313
M_327_1,M_327_1.mp4_sec_0005.jpg,2,34.1959,37.3335,188.2558
M_327_1,M_327_1.mp4_sec_0005.jpg,3,33.5032,39.6204,186.9911
M_327_1,M_327_1.mp4_sec_0005.jpg,4,40.1815,45.4475,188.6893
M_327_1,M_327_1.mp4_sec_0005.jpg,5,37.375,41.3296,189.5981
M_327_1,M_327_1.mp4_sec_0006.jpg,1,31.4856,35.7466,187.404
M_327_1,M_327_1.mp4_sec_0006.jpg,2,36.9748,41.05,189.5157
M_327_1,M_327_1.mp4_sec_0006.jpg,3,33.0181,37.3041,187.4684
M_327_1,M_327_1.mp4_sec_0006.jpg,4,33.7101,38.8423,187.8434
M_327_1,M_327_1.mp4_sec_0006.jpg,5,32.3153,37.5794,186.2632
M_327_1,M_327_1.mp4_sec_0007.jpg,1,34.0226,40.0933,188.6188
M_327_1,M_327_1.mp4_sec_0007.jpg,2,49.1048,52.2946,187.6592
M_327_1,M_327_1.mp4_sec_0007.jpg,3,32.5997,38.5971,186.6207
M_327_1,M_327_1.mp4_sec_0007.jpg,4,32.2207,37.9071,186.5106
M_327_1,M_327_1.mp4_sec_0007.jpg,5,32.3038,38.5734,186.2251
M_327_1,M_327_1.mp4_sec_0008.jpg,1,30.5182,34.2884,188.7615
M_327_1,M_327_1.mp4_sec_0008.jpg,2,37.632,43.6692,188.3074
M_327_1,M_327_1.mp4_sec_0008.jpg,3,32.8757,35.4876,189.0505
M_327_1,M_327_1.mp4_sec_0008.jpg,4,48.5799,51.3766,187.2482
M_327_1,M_327_1.mp4_sec_0008.jpg,5,34.7769,41.2107,188.4547
M_327_1,M_327_1.mp4_sec_0009.jpg,1,32.7764,37.4894,187.6852
M_327_1,M_327_1.mp4_sec_0009.jpg,2,36.8172,40.909,189.1273
M_327_1,M_327_1.mp4_sec_0009.jpg,3,39.3405,43.7566,193.4885
M_327_1,M_327_1.mp4_sec_0009.jpg,4,29.083,35.2597,188.2725
M_327_1,M_327_1.mp4_sec_0009.jpg,5,28.9183,33.1033,188.4755
M_327_1,M_327_1.mp4_sec_0010.jpg,1,29.2534,34.2417,187.4782
M_327_1,M_327_1.mp4_sec_0010.jpg,2,33.9472,40.1089,187.0851
M_327_1,M_327_1.mp4_sec_0010.jpg,3,33.2534,36.4069,188.4821
M_327_1,M_327_1.mp4_sec_0010.jpg,4,33.2399,37.6746,187.5507
M_327_1,M_327_1.mp4_sec_0010.jpg,5,39.7168,43.822,193.2017
M_327_1,M_327_1.mp4_sec_0011.jpg,1,33.0978,37.8802,187.4589
M_327_1,M_327_1.mp4_sec_0011.jpg,2,37.5112,42.2063,188.8368
M_327_1,M_327_1.mp4_sec_0011.jpg,3,35.1557,41.0168,187.498
M_327_1,M_327_1.mp4_sec_0011.jpg,4,43.1075,48.5868,189.4004
M_327_1,M_327_1.mp4_sec_0011.jpg,5,33.7219,40.2222,188.1721
M_327_1,M_327_1.mp4_sec_0012.jpg,1,29.7833,35.6937,187.626
M_327_1,M_327_1.mp4_sec_0012.jpg,2,49.1911,52.4876,188.9003
M_327_1,M_327_1.mp4_sec_0012.jpg,3,46.2674,50.354,188.801
M_327_1,M_327_1.mp4_sec_0012.jpg,4,35.8394,40.4206,190.7981
M_327_1,M_327_1.mp4_sec_0012.jpg,5,44.9104,49.0776,188.8052
M_327_1,M_327_1.mp4_sec_0013.jpg,1,31.3362,35.2429,188.2564
M_327_1,M_327_1.mp4_sec_0013.jpg,2,32.3523,38.6238,186.5171
M_327_1,M_327_1.mp4_sec_0013.jpg,3,34.8003,38.9119,187.9675
M_327_1,M_327_1.mp4_sec_0013.jpg,4,38.8221,43.0115,192.0066
M_327_1,M_327_1.mp4_sec_0013.jpg,5,42.0323,47.3381,188.6397
M_327_1,M_327_1.mp4_sec_0014.jpg,1,33.2184,39.9973,187.4949
M_327_1,M_327_1.mp4_sec_0014.jpg,2,28.6649,35.3647,187.9075
M_327_1,M_327_1.mp4_sec_0014.jpg,3,32.7496,37.8074,187.033
M_327_1,M_327_1.mp4_sec_0014.jpg,4,31.8368,35.8855,187.9165
M_327_1,M_327_1.mp4_sec_0014.jpg,5,32.8054,35.5967,188.9378
M_327_1,M_327_1.mp4_sec_0015.jpg,1,40.5236,46.6659,191.7127
M_327_1,M_327_1.mp4_sec_0015.jpg,2,32.4401,37.5267,186.9684
M_327_1,M_327_1.mp4_sec_0015.jpg,3,32.4493,38.5168,186.7493
M_327_1,M_327_1.mp4_sec_0015.jpg,4,33.3811,36.9733,188.2208
M_327_1,M_327_1.mp4_sec_0015.jpg,5,31.2271,36.9284,189.987
M_327_1,M_327_1.mp4_sec_0016.jpg,1,37.3822,41.539,189.651
M_327_1,M_327_1.mp4_sec_0016.jpg,2,43.7136,47.8595,188.8837
M_327_1,M_327_1.mp4_sec_0016.jpg,3,32.3166,38.5734,186.4462
M_327_1,M_327_1.mp4_sec_0016.jpg,4,33.3566,38.0772,188.2709
M_327_1,M_327_1.mp4_sec_0016.jpg,5,31.5085,36.386,187.3608
M_327_1,M_327_1.mp4_sec_0017.jpg,1,29.3768,34.5502,187.6537
M_327_1,M_327_1.mp4_sec_0017.jpg,2,40.6051,46.6384,188.9153
M_327_1,M_327_1.mp4_sec_0017.jpg,3,48.7441,51.5177,187.2934
M_327_1,M_327_1.mp4_sec_0017.jpg,4,34.2331,36.6493,188.8101
M_327_1,M_327_1.mp4_sec_0017.jpg,5,33.2924,38.8361,187.2492
M_327_1,M_327_1.mp4_sec_0018.jpg,1,32.6962,36.4567,188.0416
M_327_1,M_327_1.mp4_sec_0018.jpg,2,28.7915,35.2494,188.1095
M_327_1,M_327_1.mp4_sec_0018.jpg,3,33.5759,36.05,188.8379
M_327_1,M_327_1.mp4_sec_0018.jpg,4,31.8505,35.0604,188.2753
M_327_1,M_327_1.mp4_sec_0018.jpg,5,29.7492,34.6429,188.739
M_327_1,M_327_1.mp4_sec_0019.jpg,1,32.3003,37.8236,186.6073
M_327_1,M_327_1.mp4_sec_0019.jpg,2,49.6629,52.6685,187.7013
M_327_1,M_327_1.mp4_sec_0019.jpg,3,34.0922,39.5157,188.4105
M_327_1,M_327_1.mp4_sec_0019.jpg,4,34.7356,40.7904,187.3654
M_327_1,M_327_1.mp4_sec_0019.jpg,5,35.4827,41.6443,188.0069
M_327_1,M_327_1.mp4_sec_0020.jpg,1,33.044,38.3392,187.2506
M_327_1,M_327_1.mp4_sec_0020.jpg,2,37.1041,41.9414,189.2127
M_327_1,M_327_1.mp4_sec_0020.jpg,3,34.0267,36.6625,188.918
M_327_1,M_327_1.mp4_sec_0020.jpg,4,30.3541,33.6778,188.6999
M_327_1,M_327_1.mp4_sec_0020.jpg,5,32.6373,35.0414,188.9885
M_327_1,M_327_1.mp4_sec_0021.jpg,1,29.5658,36.5051,188.0375
M_327_1,M_327_1.mp4_sec_0021.jpg,2,33.8925,37.2991,188.5732
M_327_1,M_327_1.mp4_sec_0021.jpg,3,49.8252,52.2942,188.0464
M_327_1,M_327_1.mp4_sec_0021.jpg,4,37.4499,44.2962,190.8277
M_327_1,M_327_1.mp4_sec_0021.jpg,5,29.2311,33.7229,186.9843
M_327_1,M_327_1.mp4_sec_0022.jpg,1,48.9985,51.7626,187.8976
M_327_1,M_327_1.mp4_sec_0022.jpg,2,49.7672,53.0126,188.5434
M_327_1,M_327_1.mp4_sec_0022.jpg,3,30.9676,35.4722,187.7117
M_327_1,M_327_1.mp4_sec_0022.jpg,4,29.6639,33.7027,188.0597
M_327_1,M_327_1.mp4_sec_0022.jpg,5,29.4925,34.576,188.5159
M_327_1,M_327_1.mp4_sec_0023.jpg,1,33.4509,38.5945,189.3409
M_327_1,M_327_1.mp4_sec_0023.jpg,2,33.9881,39.9848,187.2725
M_327_1,M_327_1.mp4_sec_0023.jpg,3,33.6631,39.4811,187.7569
M_327_1,M_327_1.mp4_sec_0023.jpg,4,43.6347,49.0658,188.9102
M_327_1,M_327_1.mp4_sec_0023.jpg,5,30.6522,35.0106,187.5985
M_327_1,M_327_1.mp4_sec_0024.jpg,1,32.596,38.4592,186.7522
M_327_1,M_327_1.mp4_sec_0024.jpg,2,33.702,38.1021,188.9737
M_327_1,M_327_1.mp4_sec_0024.jpg,3,33.0126,38.5693,187.1169
M_327_1,M_327_1.mp4_sec_0024.jpg,4,32.4437,36.8699,186.9697
M_327_1,M_327_1.mp4_sec_0024.jpg,5,49.018,51.2931,187.8517
M_327_1,M_327_1.mp4_sec_0025.jpg,1,35.4662,39.0184,188.0418
M_327_1,M_327_1.mp4_sec_0025.jpg,2,28.3348,35.0418,187.2568
M_327_1,M_327_1.mp4_sec_0025.jpg,3,40.816,47.1064,189.6022
M_327_1,M_327_1.mp4_sec_0025.jpg,4,38.6097,42.2349,190.4202
M_327_1,M_327_1.mp4_sec_0025.jpg,5,33.7253,39.854,187.0579
M_327_1,M_327_1.mp4_sec_0026.jpg,1,34.838,39.3645,189.2175
M_327_1,M_327_1.mp4_sec_0026.jpg,2,32.2276,38.7392,186.6017
M_327_1,M_327_1.mp4_sec_0026.jpg,3,29.638,35.9096,188.4358
M_327_1,M_327_1.mp4_sec_0026.jpg,4,49.1777,52.4655,187.6566
M_327_1,M_327_1.mp4_sec_0026.jpg,5,32.57,38.7605,186.9856
M_327_1,M_327_1.mp4_sec_0027.jpg,1,34.9458,39.63,187.4909
M_327_1,M_327_1.mp4_sec_0027.jpg,2,33.2247,37.9646,187.9704
M_327_1,M_327_1.mp4_sec_0027.jpg,3,38.6077,42.5644,190.3452
M_327_1,M_327_1.mp4_sec_0027.jpg,4,32.3828,36.5626,187.5319
M_327_1,M_327_1.mp4_sec_0027.jpg,5,35.6807,40.2658,188.9268
M_327_1,M_327_1.mp4_sec_0028.jpg,1,31.8387,34.4966,188.3631
M_327_1,M_327_1.mp4_sec_0028.jpg,2,34.0162,37.167,188.3386
M_327_1,M_327_1.mp4_sec_0028.jpg,3,30.9924,34.1506,188.8202
M_327_1,M_327_1.mp4_sec_0028.jpg,4,47.5516,52.2437,189.1939
M_327_1,M_327_1.mp4_sec_0028.jpg,5,28.7148,35.23,187.7711
M_327_1,M_327_1.mp4_sec_0029.jpg,1,29.4284,34.967,187.7525
M_327_1,M_327_1.mp4_sec_0029.jpg,2,34.0117,38.4618,187.6351
M_327_1,M_327_1.mp4_sec_0029.jpg,3,32.9565,38.6282,189.2684
M_327_1,M_327_1.mp4_sec_0029.jpg,4,33.1585,36.9657,187.4767
M_327_1,M_327_1.mp4_sec_0029.jpg,5,28.3914,34.6008,187.9684
M_327_1,M_327_1.mp4_sec_0030.jpg,1,29.3372,34.7132,187.8888
M_327_1,M_327_1.mp4_sec_0030.jpg,2,43.3023,48.1807,189.2784
M_327_1,M_327_1.mp4_sec_0030.jpg,3,41.8324,47.3277,188.716
M_327_1,M_327_1.mp4_sec_0030.jpg,4,43.5717,48.3635,189.3302
M_327_1,M_327_1.mp4_sec_0030.jpg,5,33.7074,37.1842,187.3865
M_327_2,M_327_2.mp4_sec_0000.jpg,1,31.5907,34.9526,188.2839
M_327_2,M_327_2.mp4_sec_0000.jpg,2,28.184,34.5272,187.8773
M_327_2,M_327_2.mp4_sec_0000.jpg,3,28.3759,33.752,186.4217
M_327_2,M_327_2.mp4_sec_0000.jpg,4,36.5213,40.897,189.3043
M_327_2,M_327_2.mp4_sec_0000.jpg,5,32.5974,37.4297,187.3918
M_327_2,M_327_2.mp4_sec_0001.jpg,1,32.7803,38.5985,186.7875
M_327_2,M_327_2.mp4_sec_0001.jpg,2,29.3346,34.6174,188.4674
M_327_2,M_327_2.mp4_sec_0001.jpg,3,32.7247,38.3764,186.8167
M_327_2,M_327_2.mp4_sec_0001.jpg,4,34.1263,39.5617,188.5105
M_327_2,M_327_2.mp4_sec_0001.jpg,5,28.8487,35.4931,187.6418
M_327_2,M_327_2.mp4_sec_0002.jpg,1,32.7287,37.6441,187.0357
M_327_2,M_327_2.mp4_sec_0002.jpg,2,37.4742,42.8573,189.4885
M_327_2,M_327_2.mp4_sec_0002.jpg,3,48.6739,52.2276,188.8505
M_327_2,M_327_2.mp4_sec_0002.jpg,4,32.14,36.2644,187.6822
M_327_2,M_327_2.mp4_sec_0002.jpg,5,36.5299,42.6066,188.0242
M_327_2,M_327_2.mp4_sec_0003.jpg,1,37.8873,42.6239,189.8692
M_327_2,M_327_2.mp4_sec_0003.jpg,2,33.6798,36.0532,188.3286
M_327_2,M_327_2.mp4_sec_0003.jpg,3,31.54,34.8593,188.3247
M_327_2,M_327_2.mp4_sec_0003.jpg,4,39.5366,43.8941,189.1798
M_327_2,M_327_2.mp4_sec_0003.jpg,5,31.8445,36.2201,187.4699
M_327_2,M_327_2.mp4_sec_0004.jpg,1,39.1688,42.8662,191.4639
M_327_2,M_327_2.mp4_sec_0004.jpg,2,31.9937,36.3485,187.4093
M_327_2,M_327_2.mp4_sec_0004.jpg,3,49.3939,52.9013,188.575
M_327_2,M_327_2.mp4_sec_0004.jpg,4,33.392,35.2329,188.167
M_327_2,M_327_2.mp4_sec_0004.jpg,5,34.5884,39.9197,189.2776
M_327_2,M_327_2.mp4_sec_0005.jpg,1,32.2408,38.7455,186.5838
M_327_2,M_327_2.mp4_sec_0005.jpg,2,41.3034,45.6313,189.4487
M_327_2,M_327_2.mp4_sec_0005.jpg,3,33.1448,38.4542,187.3488
M_327_2,M_327_2.mp4_sec_0005.jpg,4,30.6612,34.2937,188.7751
M_327_2,M_327_2.mp4_sec_0005.jpg,5,30.3448,34.8881,187.1289
M_327_2,M_327_2.mp4_sec_0006.jpg,1,28.7213,34.0709,187.5754
M_327_2,M_327_2.mp4_sec_0006.jpg,2,32.7704,38.5583,186.9197
M_327_2,M_327_2.mp4_sec_0006.jpg,3,48.8059,51.3822,187.7487
M_327_2,M_327_2.mp4_sec_0006.jpg,4,34.6488,40.9334,187.1948
M_327_2,M_327_2.mp4_sec_0006.jpg,5,31.849,35.3501,188.182
M_327_2,M_327_2.mp4_sec_0007.jpg,1,39.0049,42.756,193.2368
M_327_2,M_327_2.mp4_sec_0007.jpg,2,32.8131,37.9939,187.1019
M_327_2,M_327_2.mp4_sec_0007.jpg,3,32.3977,38.4324,186.415
M_327_2,M_327_2.mp4_sec_0007.jpg,4,44.8169,48.4637,189.0895
M_327_2,M_327_2.mp4_sec_0007.jpg,5,38.9396,42.7343,191.5626
M_327_2,M_327_2.mp4_sec_0008.jpg,1,31.9427,37.4859,186.1617
M_327_2,M_327_2.mp4_sec_0008.jpg,2,32.167,37.0487,186.9511
M_327_2,M_327_2.mp4_sec_0008.jpg,3,33.1203,39.4093,186.6097
M_327_2,M_327_2.mp4_sec_0008.jpg,4,33.2101,38.5946,187.3684
M_327_2,M_327_2.mp4_sec_0008.jpg,5,34.1825,40.5863,188.471
M_327_2,M_327_2.mp4_sec_0009.jpg,1,30.1376,33.8588,188.7572
M_327_2,M_327_2.mp4_sec_0009.jpg,2,49.8479,52.9518,187.9012
M_327_2,M_327_2.mp4_sec_0009.jpg,3,32.8606,38.9486,186.9046
M_327_2,M_327_2.mp4_sec_0009.jpg,4,38.9912,43.465,191.3842
M_327_2,M_327_2.mp4_sec_0009.jpg,5,33.4742,39.4313,186.9834
M_327_2,M_327_2.mp4_sec_0010.jpg,1,32.6756,37.7338,187.4662
M_327_2,M_327_2.mp4_sec_0010.jpg,2,35.7996,41.0398,188.7598
M_327_2,M_327_2.mp4_sec_0010.jpg,3,48.1561,52.3089,188.9054
M_327_2,M_327_2.mp4_sec_0010.jpg,4,31.0518,35.6198,187.2793
M_327_2,M_327_2.mp4_sec_0010.jpg,5,33.5936,40.8021,188.1468
M_327_2,M_327_2.mp4_sec_0011.jpg,1,33.3555,35.7814,188.9859
M_327_2,M_327_2.mp4_sec_0011.jpg,2,43.0844,48.6641,189.7152
M_327_2,M_327_2.mp4_sec_0011.jpg,3,29.0723,33.3218,188.3653
M_327_2,M_327_2.mp4_sec_0011.jpg,4,29.3003,33.8402,187.3562
M_327_2,M_327_2.mp4_sec_0011.jpg,5,29.1494,33.3447,188.4351
M_327_2,M_327_2.mp4_sec_0012.jpg,1,38.794,44.4807,188.3615
M_327_2,M_327_2.mp4_sec_0012.jpg,2,30.6383,34.8211,187.7026
M_327_2,M_327_2.mp4_sec_0012.jpg,3,47.8714,51.812,189.3472
M_327_2,M_327_2.mp4_sec_0012.jpg,4,33.4962,38.432,187.6154
M_327_2,M_327_2.mp4_sec_0012.jpg,5,47.1576,51.1284,189.2668
M_327_2,M_327_2.mp4_sec_0013.jpg,1,31.9257,36.6806,188.2872
M_327_2,M_327_2.mp4_sec_0013.jpg,2,38.6795,43.8694,188.9262
M_327_2,M_327_2.mp4_sec_0013.jpg,3,49.5675,52.6338,188.3936
M_327_2,M_327_2.mp4_sec_0013.jpg,4,39.3193,45.8467,189.2841
M_327_2,M_327_2.mp4_sec_0013.jpg,5,28.8034,33.632,188.2249
M_327_2,M_327_2.mp4_sec_0014.jpg,1,33.4958,39.6366,187.7869
M_327_2,M_327_2.mp4_sec_0014.jpg,2,29.0264,35.2996,188.1901
M_327_2,M_327_2.mp4_sec_0014.jpg,3,37.1453,42.333,189.0178
M_327_2,M_327_2.mp4_sec_0014.jpg,4,34.8484,38.6725,187.8813
M_327_2,M_327_2.mp4_sec_0014.jpg,5,30.4348,34.1338,188.7509
M_327_2,M_327_2.mp4_sec_0015.jpg,1,29.1631,35.9136,188.5108
M_327_2,M_327_2.mp4_sec_0015.jpg,2,33.1122,35.5705,188.824
M_327_2,M_327_2.mp4_sec_0015.jpg,3,33.5139,38.8743,187.9177
M_327_2,M_327_2.mp4_sec_0015.jpg,4,29.3433,32.937,188.1291
M_327_2,M_327_2.mp4_sec_0015.jpg,5,33.3452,39.5263,187.6104
M_327_2,M_327_2.mp4_sec_0016.jpg,1,34.68,38.7859,188.3981
M_327_2,M_327_2.mp4_sec_0016.jpg,2,32.4311,35.2565,188.8748
M_327_2,M_327_2.mp4_sec_0016.jpg,3,33.7594,39.3321,187.7725
M_327_2,M_327_2.mp4_sec_0016.jpg,4,31.7789,37.1596,189.2159
M_327_2,M_327_2.mp4_sec_0016.jpg,5,42.4744,48.2662,189.5034
M_327_2,M_327_2.mp4_sec_0017.jpg,1,32.1165,34.9854,189.322
M_327_2,M_327_2.mp4_sec_0017.jpg,2,40.0517,45.8739,189.1307
M_327_2,M_327_2.mp4_sec_0017.jpg,3,36.0038,41.7001,188.2411
M_327_2,M_327_2.mp4_sec_0017.jpg,4,31.8169,36.7152,188.5717
M_327_2,M_327_2.mp4_sec_0017.jpg,5,32.2519,35.046,189.1051
M_327_2,M_327_2.mp4_sec_0018.jpg,1,30.5525,33.9104,188.743
M_327_2,M_327_2.mp4_sec_0018.jpg,2,30.651,35.0731,187.4508
M_327_2,M_327_2.mp4_sec_0018.jpg,3,35.1537,40.702,190.3689
M_327_2,M_327_2.mp4_sec_0018.jpg,4,30.6016,34.3977,189.0258
M_327_2,M_327_2.mp4_sec_0018.jpg,5,33.0547,36.9766,188.0707
M_327_2,M_327_2.mp4_sec_0019.jpg,1,32.8185,38.3927,186.8846
M_327_2,M_327_2.mp4_sec_0019.jpg,2,28.6588,34.1484,187.9003
M_327_2,M_327_2.mp4_sec_0019.jpg,3,41.05,46.3448,188.8974
M_327_2,M_327_2.mp4_sec_0019.jpg,4,37.8823,42.5495,189.9412
M_327_2,M_327_2.mp4_sec_0019.jpg,5,29.9803,36.7191,188.9093
M_327_2,M_327_2.mp4_sec_0020.jpg,1,31.9228,36.3817,187.9719
M_327_2,M_327_2.mp4_sec_0020.jpg,2,35.4298,41.4482,188.1091
M_327_2,M_327_2.mp4_sec_0020.jpg,3,47.1672,51.3297,188.9233
M_327_2,M_327_2.mp4_sec_0020.jpg,4,30.3837,35.3449,188.6201
M_327_2,M_327_2.mp4_sec_0020.jpg,5,32.8838,37.1649,187.4935
M_327_2,M_327_2.mp4_sec_0021.jpg,1,45.9023,50.2324,189.4301
M_327_2,M_327_2.mp4_sec_0021.jpg,2,32.6687,36.8412,187.006
M_327_2,M_327_2.mp4_sec_0021.jpg,3,34.3976,40.5608,188.7548
M_327_2,M_327_2.mp4_sec_0021.jpg,4,32.847,35.4074,188.9461
M_327_2,M_327_2.mp4_sec_0021.jpg,5,33.1696,39.096,186.8447
M_327_2,M_327_2.mp4_sec_0022.jpg,1,30.6425,33.8782,189.0352
M_327_2,M_327_2.mp4_sec_0022.jpg,2,33.4488,38.3222,187.956
M_327_2,M_327_2.mp4_sec_0022.jpg,3,44.5225,49.711,189.1622
M_327_2,M_327_2.mp4_sec_0022.jpg,4,32.6156,38.594,186.6264
M_327_2,M_327_2.mp4_sec_0022.jpg,5,30.1457,36.625,188.952
M_327_2,M_327_2.mp4_sec_0023.jpg,1,39.3677,45.86,191.5969
M_327_2,M_327_2.mp4_sec_0023.jpg,2,48.4093,52.0436,188.7861
M_327_2,M_327_2.mp4_sec_0023.jpg,3,32.9345,38.8262,187.282
M_327_2,M_327_2.mp4_sec_0023.jpg,4,29.3379,33.8474,188.7495
M_327_2,M_327_2.mp4_sec_0023.jpg,5,32.8111,35.5741,187.3709
M_327_2,M_327_2.mp4_sec_0024.jpg,1,33.8739,39.1176,188.2769
M_327_2,M_327_2.mp4_sec_0024.jpg,2,36.9416,41.8207,188.6849
M_327_2,M_327_2.mp4_sec_0024.jpg,3,40.4004,45.8196,188.6108
M_327_2,M_327_2.mp4_sec_0024.jpg,4,34.7296,38.6587,188.3568
M_327_2,M_327_2.mp4_sec_0024.jpg,5,34.2298,37.129,188.693
M_327_2,M_327_2.mp4_sec_0025.jpg,1,32.3645,38.5526,186.5245
M_327_2,M_327_2.mp4_sec_0025.jpg,2,49.0795,53.3723,187.8637
M_327_2,M_327_2.mp4_sec_0025.jpg,3,32.2694,38.3493,186.3342
M_327_2,M_327_2.mp4_sec_0025.jpg,4,43.4187,48.606,188.3134
M_327_2,M_327_2.mp4_sec_0025.jpg,5,33.9366,39.4804,188.307
M_327_2,M_327_2.mp4_sec_0026.jpg,1,31.092,34.5523,188.7626
M_327_2,M_327_2.mp4_sec_0026.jpg,2,35.202,40.8653,188.9113
M_327_2,M_327_2.mp4_sec_0026.jpg,3,31.9205,37.9549,186.1504
M_327_2,M_327_2.mp4_sec_0026.jpg,4,28.5144,35.1723,187.7789
M_327_2,M_327_2.mp4_sec_0026.jpg,5,32.9385,38.9796,187.1084
M_327_2,M_327_2.mp4_sec_0027.jpg,1,29.2949,35.6896,187.4697
M_327_2,M_327_2.mp4_sec_0027.jpg,2,28.5361,34.8865,187.7271
M_327_2,M_327_2.mp4_sec_0027.jpg,3,32.9313,35.9419,187.4848
M_327_2,M_327_2.mp4_sec_0027.jpg,4,34.2864,38.9821,187.7058
M_327_2,M_327_2.mp4_sec_0027.jpg,5,35.1423,40.2807,190.0067
M_327_2,M_327_2.mp4_sec_0028.jpg,1,32.9459,38.4993,187.2587
M_327_2,M_327_2.mp4_sec_0028.jpg,2,33.116,35.4035,187.8748
M_327_2,M_327_2.mp4_sec_0028.jpg,3,30.6802,34.1584,188.7637
M_327_2,M_327_2.mp4_sec_0028.jpg,4,49.4352,52.3357,187.8438
M_327_2,M_327_2.mp4_sec_0028.jpg,5,34.2137,38.9971,187.8494
M_327_2,M_327_2.mp4_sec_0029.jpg,1,32.4735,38.5687,186.5211
M_327_2,M_327_2.mp4_sec_0029.jpg,2,30.8671,34.4702,188.8598
M_327_2,M_327_2.mp4_sec_0029.jpg,3,31.5146,36.3393,187.3065
M_327_2,M_327_2.mp4_sec_0029.jpg,4,32.8373,37.8781,187.0718
M_327_2,M_327_2.mp4_sec_0029.jpg,5,49.018,51.8097,188.3189
M_327_2,M_327_2.mp4_sec_0030.jpg,1,40.8717,46.6201,188.5184
M_327_2,M_327_2.mp4_sec_0030.jpg,2,31.6564,34.7862,188.5212
M_327_2,M_327_2.mp4_sec_0030.jpg,3,39.5305,43.7391,188.952
M_327_2,M_327_2.mp4_sec_0030.jpg,4,30.3861,34.3713,189.0228
M_327_2,M_327_2.mp4_sec_0030.jpg,5,28.4648,34.4662,188.1276
M_327_2,M_327_2.mp4_sec_0031.jpg,1,30.4462,35.2839,187.2971
M_327_2,M_327_2.mp4_sec_0031.jpg,2,32.6874,37.6604,187.3952
M_327_2,M_327_2.mp4_sec_0031.jpg,3,31.3256,36.0088,188.2287
M_327_2,M_327_2.mp4_sec_0031.jpg,4,32.9048,36.6392,188.0667
M_327_2,M_327_2.mp4_sec_0031.jpg,5,36.4778,41.5559,188.739
M_327_3,M_327_3.mp4_sec_0000.jpg,1,32.4367,35.2581,187.3059
M_327_3,M_327_3.mp4_sec_0000.jpg,2,36.009,40.6719,188.3148
M_327_3,M_327_3.mp4_sec_0000.jpg,3,29.3054,35.9069,188.1108
M_327_3,M_327_3.mp4_sec_0000.jpg,4,32.1948,35.8808,186.9538
M_327_3,M_327_3.mp4_sec_0000.jpg,5,32.9996,37.6347,187.1282
M_327_3,M_327_3.mp4_sec_0001.jpg,1,34.0684,40.8683,188.4852
M_327_3,M_327_3.mp4_sec_0001.jpg,2,43.1494,47.244,189.2352
M_327_3,M_327_3.mp4_sec_0001.jpg,3,28.989,33.5301,188.0994
M_327_3,M_327_3.mp4_sec_0001.jpg,4,29.5895,36.2226,188.2009
M_327_3,M_327_3.mp4_sec_0001.jpg,5,33.4713,39.3323,187.8442
M_327_3,M_327_3.mp4_sec_0002.jpg,1,33.1663,37.0656,188.6089
M_327_3,M_327_3.mp4_sec_0002.jpg,2,31.7907,37.6407,186.1953
M_327_3,M_327_3.mp4_sec_0002.jpg,3,33.7111,38.5259,188.3298
M_327_3,M_327_3.mp4_sec_0002.jpg,4,28.576,35.0313,187.5705
M_327_3,M_327_3.mp4_sec_0002.jpg,5,33.4455,39.7843,187.414
M_327_3,M_327_3.mp4_sec_0003.jpg,1,38.5521,42.6455,189.1443
M_327_3,M_327_3.mp4_sec_0003.jpg,2,47.707,52.059,188.8756
M_327_3,M_327_3.mp4_sec_0003.jpg,3,48.8149,51.5579,187.6693
M_327_3,M_327_3.mp4_sec_0003.jpg,4,30.8197,34.928,187.9179
M_327_3,M_327_3.mp4_sec_0003.jpg,5,34.9593,39.9593,189.7914
M_327_3,M_327_3.mp4_sec_0004.jpg,1,33.2746,39.2537,187.3143
M_327_3,M_327_3.mp4_sec_0004.jpg,2,32.5356,38.5544,189.6995
M_327_3,M_327_3.mp4_sec_0004.jpg,3,37.4122,42.3454,189.6092
M_327_3,M_327_3.mp4_sec_0004.jpg,4,33.3169,39.1356,187.0781
M_327_3,M_327_3.mp4_sec_0004.jpg,5,34.3782,41.0686,188.7526
M_327_3,M_327_3.mp4_sec_0005.jpg,1,30.2689,34.7119,188.8743
M_327_3,M_327_3.mp4_sec_0005.jpg,2,28.739,35.5301,187.7148
M_327_3,M_327_3.mp4_sec_0005.jpg,3,29.9859,34.6131,187.844
M_327_3,M_327_3.mp4_sec_0005.jpg,4,30.1151,36.5299,187.6953
M_327_3,M_327_3.mp4_sec_0005.jpg,5,29.0081,35.8557,188.9609
M_327_3,M_327_3.mp4_sec_0006.jpg,1,48.4325,51.7302,189.0161
M_327_3,M_327_3.mp4_sec_0006.jpg,2,32.3133,36.3479,187.5064
M_327_3,M_327_3.mp4_sec_0006.jpg,3,29.889,33.6765,188.8488
M_327_3,M_327_3.mp4_sec_0006.jpg,4,29.2599,34.4272,188.1552
M_327_3,M_327_3.mp4_sec_0006.jpg,5,30.7831,34.6128,188.3901
M_327_3,M_327_3.mp4_sec_0007.jpg,1,40.4417,46.8146,192.127
M_327_3,M_327_3.mp4_sec_0007.jpg,2,33.0951,39.1362,187.1564
M_327_3,M_327_3.mp4_sec_0007.jpg,3,29.4735,35.2361,188.1086
M_327_3,M_327_3.mp4_sec_0007.jpg,4,30.0586,34.7078,187.5882
M_327_3,M_327_3.mp4_sec_0007.jpg,5,29.2092,34.5976,188.504
M_327_3,M_327_3.mp4_sec_0008.jpg,1,31.9096,35.897,188.4168
M_327_3,M_327_3.mp4_sec_0008.jpg,2,49.8874,53.2559,188.3319
M_327_3,M_327_3.mp4_sec_0008.jpg,3,34.107,40.6331,189.1389
M_327_3,M_327_3.mp4_sec_0008.jpg,4,28.9912,33.4839,188.2483
M_327_3,M_327_3.mp4_sec_0008.jpg,5,32.9352,37.891,187.3034
M_327_3,M_327_3.mp4_sec_0009.jpg,1,31.4772,34.4263,189.1311
M_327_3,M_327_3.mp4_sec_0009.jpg,2,32.7897,36.8078,187.512
M_327_3,M_327_3.mp4_sec_0009.jpg,3,28.8719,34.2139,187.7309
M_327_3,M_327_3.mp4_sec_0009.jpg,4,35.2621,41.1177,188.5108
M_327_3,M_327_3.mp4_sec_0009.jpg,5,29.5916,34.4772,187.2806
M_327_3,M_327_3.mp4_sec_0010.jpg,1,48.8971,53.4801,188.7736
M_327_3,M_327_3.mp4_sec_0010.jpg,2,29.0169,33.7175,188.4051
M_327_3,M_327_3.mp4_sec_0010.jpg,3,33.6699,37.7193,188.013
M_327_3,M_327_3.mp4_sec_0010.jpg,4,36.3978,42.3925,188.1116
M_327_3,M_327_3.mp4_sec_0010.jpg,5,30.556,35.7296,187.7255
M_327_3,M_327_3.mp4_sec_0011.jpg,1,35.2495,39.3376,189.8607
M_327_3,M_327_3.mp4_sec_0011.jpg,2,32.8865,38.8628,186.7576
M_327_3,M_327_3.mp4_sec_0011.jpg,3,44.6226,48.4826,189.1629
M_327_3,M_327_3.mp4_sec_0011.jpg,4,28.9206,34.298,188.1485
M_327_3,M_327_3.mp4_sec_0011.jpg,5,31.4399,36.7846,188.0553
M_327_3,M_327_3.mp4_sec_0012.jpg,1,37.0157,41.1053,189.4105
M_327_3,M_327_3.mp4_sec_0012.jpg,2,32.2994,37.7599,186.6941
M_327_3,M_327_3.mp4_sec_0012.jpg,3,33.9919,36.5323,188.5283
M_327_3,M_327_3.mp4_sec_0012.jpg,4,33.2751,37.6548,188.6459
M_327_3,M_327_3.mp4_sec_0012.jpg,5,30.8874,34.6856,188.8746
M_327_3,M_327_3.mp4_sec_0013.jpg,1,40.662,46.289,187.9459
M_327_3,M_327_3.mp4_sec_0013.jpg,2,29.1356,35.8146,187.3461
M_327_3,M_327_3.mp4_sec_0013.jpg,3,28.5341,34.3988,187.485
M_327_3,M_327_3.mp4_sec_0013.jpg,4,35.2614,39.7655,188.2675
M_327_3,M_327_3.mp4_sec_0013.jpg,5,31.0675,35.3364,187.1616
M_327_3,M_327_3.mp4_sec_0014.jpg,1,34.504,40.2304,186.7972
M_327_3,M_327_3.mp4_sec_0014.jpg,2,34.4173,40.9633,189.1417
M_327_3,M_327_3.mp4_sec_0014.jpg,3,37.4779,41.9987,189.6992
M_327_3,M_327_3.mp4_sec_0014.jpg,4,49.0831,51.6042,187.2247
M_327_3,M_327_3.mp4_sec_0014.jpg,5,44.7139,49.4082,188.6524
M_327_3,M_327_3.mp4_sec_0015.jpg,1,31.0283,33.6946,188.2419
M_327_3,M_327_3.mp4_sec_0015.jpg,2,28.9874,35.7609,188.4073
M_327_3,M_327_3.mp4_sec_0015.jpg,3,28.8488,33.8034,186.5225
M_327_3,M_327_3.mp4_sec_0015.jpg,4,30.2196,33.3554,188.3644
M_327_3,M_327_3.mp4_sec_0015.jpg,5,31.975,38.1539,186.0663
M_327_3,M_327_3.mp4_sec_0016.jpg,1,38.634,44.2964,188.0547
M_327_3,M_327_3.mp4_sec_0016.jpg,2,31.2947,36.9762,186.1167
M_327_3,M_327_3.mp4_sec_0016.jpg,3,27.9618,33.8431,186.9033
M_327_3,M_327_3.mp4_sec_0016.jpg,4,30.7475,35.3737,187.0072
M_327_3,M_327_3.mp4_sec_0016.jpg,5,32.7967,37.9509,187.1144
M_327_3,M_327_3.mp4_sec_0017.jpg,1,31.5945,35.7287,187.6616
M_327_3,M_327_3.mp4_sec_0017.jpg,2,32.8626,35.6564,187.4367
M_327_3,M_327_3.mp4_sec_0017.jpg,3,32.4482,38.5085,186.3613
M_327_3,M_327_3.mp4_sec_0017.jpg,4,32.814,38.035,186.9179
M_327_3,M_327_3.mp4_sec_0017.jpg,5,36.233,42.1383,187.4262
M_327_3,M_327_3.mp4_sec_0018.jpg,1,43.7624,48.4262,188.2632
M_327_3,M_327_3.mp4_sec_0018.jpg,2,34.6618,39.2399,187.9558
M_327_3,M_327_3.mp4_sec_0018.jpg,3,32.298,38.2504,186.3131
M_327_3,M_327_3.mp4_sec_0018.jpg,4,48.2199,50.324,187.4331
M_327_3,M_327_3.mp4_sec_0018.jpg,5,28.9565,33.7285,187.6894
M_327_3,M_327_3.mp4_sec_0019.jpg,1,32.3755,38.0213,186.474
M_327_3,M_327_3.mp4_sec_0019.jpg,2,42.2877,47.1407,187.9706
M_327_3,M_327_3.mp4_sec_0019.jpg,3,28.2882,33.0738,187.9448
M_327_3,M_327_3.mp4_sec_0019.jpg,4,34.3878,40.0029,188.8019
M_327_3,M_327_3.mp4_sec_0019.jpg,5,29.0426,35.4369,187.7781
M_327_3,M_327_3.mp4_sec_0020.jpg,1,32.4277,38.339,186.4708
M_327_3,M_327_3.mp4_sec_0020.jpg,2,37.4149,42.0999,189.3655
M_327_3,M_327_3.mp4_sec_0020.jpg,3,32.9011,37.9788,187.1568
M_327_3,M_327_3.mp4_sec_0020.jpg,4,31.2879,35.6676,187.1108
M_327_3,M_327_3.mp4_sec_0020.jpg,5,33.6053,39.2448,187.6946
M_327_3,M_327_3.mp4_sec_0021.jpg,1,28.4969,34.1418,187.9711
M_327_3,M_327_3.mp4_sec_0021.jpg,2,28.8193,32.75,188.0579
M_327_3,M_327_3.mp4_sec_0021.jpg,3,39.4389,43.8196,188.7583
M_327_3,M_327_3.mp4_sec_0021.jpg,4,28.2103,34.7495,187.73
M_327_3,M_327_3.mp4_sec_0021.jpg,5,33.2619,36.4443,186.8148
M_327_3,M_327_3.mp4_sec_0022.jpg,1,36.9906,42.1681,188.8544
M_327_3,M_327_3.mp4_sec_0022.jpg,2,29.5283,36.1218,187.7092
M_327_3,M_327_3.mp4_sec_0022.jpg,3,32.1181,38.3272,186.165
M_327_3,M_327_3.mp4_sec_0022.jpg,4,30.9383,35.1829,186.8124
M_327_3,M_327_3.mp4_sec_0022.jpg,5,38.2267,42.1183,190.0308
M_327_3,M_327_3.mp4_sec_0023.jpg,1,37.9022,42.1689,189.9346
M_327_3,M_327_3.mp4_sec_0023.jpg,2,31.5564,37.5232,185.8498
M_327_3,M_327_3.mp4_sec_0023.jpg,3,38.6645,43.3691,190.8651
M_327_3,M_327_3.mp4_sec_0023.jpg,4,43.0933,47.2338,188.6577
M_327_3,M_327_3.mp4_sec_0023.jpg,5,29.7324,33.4025,188.2147
M_327_3,M_327_3.mp4_sec_0024.jpg,1,39.0227,45.759,190.1464
M_327_3,M_327_3.mp4_sec_0024.jpg,2,45.1385,48.79,188.3174
M_327_3,M_327_3.mp4_sec_0024.jpg,3,34.1921,39.3699,189.4659
M_327_3,M_327_3.mp4_sec_0024.jpg,4,35.1836,39.606,188.9953
M_327_3,M_327_3.mp4_sec_0024.jpg,5,49.7768,52.6808,187.7087
M_327_3,M_327_3.mp4_sec_0025.jpg,1,30.6315,35.1207,186.5467
M_327_3,M_327_3.mp4_sec_0025.jpg,2,32.8196,35.0543,187.7017
M_327_3,M_327_3.mp4_sec_0025.jpg,3,32.7197,37.5927,186.8506
M_327_3,M_327_3.mp4_sec_0025.jpg,4,31.3754,35.9697,186.7303
M_327_3,M_327_3.mp4_sec_0025.jpg,5,37.4161,41.9601,189.7269
M_327_3,M_327_3.mp4_sec_0026.jpg,1,33.09,36.9915,187.8149
M_327_3,M_327_3.mp4_sec_0026.jpg,2,49.5758,52.669,188.1118
M_327_3,M_327_3.mp4_sec_0026.jpg,3,34.1382,40.2516,188.7606
M_327_3,M_327_3.mp4_sec_0026.jpg,4,32.0922,34.1246,188.1232
M_327_3,M_327_3.mp4_sec_0026.jpg,5,31.5047,34.91,187.658
M_327_3,M_327_3.mp4_sec_0027.jpg,1,33.1863,38.8494,187.3018
M_327_3,M_327_3.mp4_sec_0027.jpg,2,28.8447,33.4812,186.9453
M_327_3,M_327_3.mp4_sec_0027.jpg,3,41.1019,47.2374,189.9347
M_327_3,M_327_3.mp4_sec_0027.jpg,4,37.763,43.1948,189.8312
M_327_3,M_327_3.mp4_sec_0027.jpg,5,32.3297,38.1032,186.487
M_327_3,M_327_3.mp4_sec_0028.jpg,1,35.6185,41.4799,187.262
M_327_3,M_327_3.mp4_sec_0028.jpg,2,34.0498,38.4022,189.7181
M_327_3,M_327_3.mp4_sec_0028.jpg,3,33.6585,38.9754,188.1077
M_327_3,M_327_3.mp4_sec_0028.jpg,4,28.8171,35.186,187.5371
M_327_3,M_327_3.mp4_sec_0028.jpg,5,29.2579,33.8134,186.9903
M_327_3,M_327_3.mp4_sec_0029.jpg,1,28.5171,33.3434,187.8337
M_327_3,M_327_3.mp4_sec_0029.jpg,2,32.072,37.8384,189.1544
M_327_3,M_327_3.mp4_sec_0029.jpg,3,35.1239,40.1587,188.853
M_327_3,M_327_3.mp4_sec_0029.jpg,4,37.7942,42.8124,190.0458
M_327_3,M_327_3.mp4_sec_0029.jpg,5,33.4852,38.5608,187.7852
M_327_3,M_327_3.mp4_sec_0030.jpg,1,37.3615,42.4722,188.3631
M_327_3,M_327_3.mp4_sec_0030.jpg,2,29.0278,35.4544,188.6654
M_327_3,M_327_3.mp4_sec_0030.jpg,3,32.4812,35.0339,187.561
M_327_3,M_327_3.mp4_sec_0030.jpg,4,32.2029,37.039,187.4242
M_327_3,M_327_3.mp4_sec_0030.jpg,5,35.8775,40.507,188.7253
M_3336_1,M_3336_1.mp4_sec_0000.jpg,1,26.4864,60.5326,193.3458
M_3336_1,M_3336_1.mp4_sec_0000.jpg,2,27.6608,61.8438,193.2535
M_3336_1,M_3336_1.mp4_sec_0000.jpg,3,26.7484,61.5619,192.1198
M_3336_1,M_3336_1.mp4_sec_0000.jpg,4,27.343,61.6615,192.5093
M_3336_1,M_3336_1.mp4_sec_0000.jpg,5,26.7665,61.474,191.6753
M_3336_1,M_3336_1.mp4_sec_0001.jpg,1,27.7115,62.565,191.9364
M_3336_1,M_3336_1.mp4_sec_0001.jpg,2,40.591,71.4168,189.5183
M_3336_1,M_3336_1.mp4_sec_0001.jpg,3,27.1099,62.0667,192.1967
M_3336_1,M_3336_1.mp4_sec_0001.jpg,4,26.4538,60.4568,193.3703
M_3336_1,M_3336_1.mp4_sec_0001.jpg,5,28.6852,62.839,191.5703
M_3336_1,M_3336_1.mp4_sec_0002.jpg,1,27.7934,62.1476,192.2791
M_3336_1,M_3336_1.mp4_sec_0002.jpg,2,29.9125,64.7496,192.5863
M_3336_1,M_3336_1.mp4_sec_0002.jpg,3,40.2038,70.8839,189.2861
M_3336_1,M_3336_1.mp4_sec_0002.jpg,4,27.0432,61.8342,192.2198
M_3336_1,M_3336_1.mp4_sec_0002.jpg,5,27.0733,61.9788,192.0015
M_3336_1,M_3336_1.mp4_sec_0003.jpg,1,26.5487,61.1293,192.3253
M_3336_1,M_3336_1.mp4_sec_0003.jpg,2,26.448,60.6319,192.9894
M_3336_1,M_3336_1.mp4_sec_0003.jpg,3,26.9267,61.604,191.5745
M_3336_1,M_3336_1.mp4_sec_0003.jpg,4,26.7441,61.5134,192.1467
M_3336_1,M_3336_1.mp4_sec_0003.jpg,5,27.4568,62.0267,193.0524
M_3336_1,M_3336_1.mp4_sec_0004.jpg,1,41.7604,72.8137,190.391
M_3336_1,M_3336_1.mp4_sec_0004.jpg,2,26.4736,61.1278,192.1044
M_3336_1,M_3336_1.mp4_sec_0004.jpg,3,27.2324,61.9266,192.111
M_3336_1,M_3336_1.mp4_sec_0004.jpg,4,38.2339,71.4386,192.8623
M_3336_1,M_3336_1.mp4_sec_0004.jpg,5,26.7833,61.7046,191.9218
M_3336_1,M_3336_1.mp4_sec_0005.jpg,1,41.8575,72.8821,190.6903
M_3336_1,M_3336_1.mp4_sec_0005.jpg,2,27.7046,62.4632,192.4489
M_3336_1,M_3336_1.mp4_sec_0005.jpg,3,28.4863,63.174,193.3057
M_3336_1,M_3336_1.mp4_sec_0005.jpg,4,26.7174,61.6267,191.7877
M_3336_1,M_3336_1.mp4_sec_0005.jpg,5,26.2929,60.2799,193.1777
M_3336_1,M_3336_1.mp4_sec_0006.jpg,1,27.3661,62.1055,192.4176
M_3336_1,M_3336_1.mp4_sec_0006.jpg,2,26.6974,61.5297,191.8493
M_3336_1,M_3336_1.mp4_sec_0006.jpg,3,27.1434,61.9725,192.2168
M_3336_1,M_3336_1.mp4_sec_0006.jpg,4,27.9535,62.676,190.9141
M_3336_1,M_3336_1.mp4_sec_0006.jpg,5,40.9617,73.9441,192.6449
M_3336_1,M_3336_1.mp4_sec_0007.jpg,1,26.4665,62.6436,193.9907
M_3336_1,M_3336_1.mp4_sec_0007.jpg,2,26.8821,61.594,191.7687
M_3336_1,M_3336_1.mp4_sec_0007.jpg,3,40.2141,73.0286,192.7537
M_3336_1,M_3336_1.mp4_sec_0007.jpg,4,26.8414,61.7445,192.0423
M_3336_1,M_3336_1.mp4_sec_0007.jpg,5,27.02,61.5661,191.9573
M_3336_1,M_3336_1.mp4_sec_0008.jpg,1,26.6403,61.4247,192.5007
M_3336_1,M_3336_1.mp4_sec_0008.jpg,2,29.2465,63.4696,192.9136
M_3336_1,M_3336_1.mp4_sec_0008.jpg,3,28.302,62.231,193.0969
M_3336_1,M_3336_1.mp4_sec_0008.jpg,4,41.428,73.4029,192.7553
M_3336_1,M_3336_1.mp4_sec_0008.jpg,5,27.1392,61.1716,192.2293
M_3336_1,M_3336_1.mp4_sec_0009.jpg,1,39.3244,71.6187,191.748
M_3336_1,M_3336_1.mp4_sec_0009.jpg,2,31.3665,65.0832,192.0643
M_3336_1,M_3336_1.mp4_sec_0009.jpg,3,28.1784,62.7205,193.2819
M_3336_1,M_3336_1.mp4_sec_0009.jpg,4,27.7888,62.1921,192.4577
M_3336_1,M_3336_1.mp4_sec_0009.jpg,5,27.4293,62.7123,193.9894
M_3336_1,M_3336_1.mp4_sec_0010.jpg,1,27.2379,62.1377,192.1168
M_3336_1,M_3336_1.mp4_sec_0010.jpg,2,29.7681,61.7892,191.7209
M_3336_1,M_3336_1.mp4_sec_0010.jpg,3,27.3978,61.8681,192.7264
M_3336_1,M_3336_1.mp4_sec_0010.jpg,4,26.6996,60.8033,192.4082
M_3336_1,M_3336_1.mp4_sec_0010.jpg,5,26.819,61.8176,191.7253
M_3336_1,M_3336_1.mp4_sec_0011.jpg,1,26.9652,61.5665,191.8861
M_3336_1,M_3336_1.mp4_sec_0011.jpg,2,27.2284,61.7077,191.911
M_3336_1,M_3336_1.mp4_sec_0011.jpg,3,27.7342,61.857,192.3918
M_3336_1,M_3336_1.mp4_sec_0011.jpg,4,27.0967,61.4819,191.7154
M_3336_1,M_3336_1.mp4_sec_0011.jpg,5,27.0535,61.6229,192.7973
M_3336_1,M_3336_1.mp4_sec_0012.jpg,1,27.0134,62.0126,192.0148
M_3336_1,M_3336_1.mp4_sec_0012.jpg,2,27.3062,61.9652,192.6588
M_3336_1,M_3336_1.mp4_sec_0012.jpg,3,26.8874,61.6679,191.7414
M_3336_1,M_3336_1.mp4_sec_0012.jpg,4,26.6872,61.6872,191.6872
M_3336_1,M_3336_1.mp4_sec_0012.jpg,5,28.5846,63.3051,191.6641
M_3336_1,M_3336_1.mp4_sec_0013.jpg,1,26.8907,61.8092,190.9332
M_3336_1,M_3336_1.mp4_sec_0013.jpg,2,39.2581,69.9974,189.774
M_3336_1,M_3336_1.mp4_sec_0013.jpg,3,27.6632,63.0097,194.2266
M_3336_1,M_3336_1.mp4_sec_0013.jpg,4,30.7577,65.2042,193.0386
M_3336_1,M_3336_1.mp4_sec_0013.jpg,5,40.028,72.5709,192.7364
M_3336_1,M_3336_1.mp4_sec_0014.jpg,1,28.3703,63.063,192.7288
M_3336_1,M_3336_1.mp4_sec_0014.jpg,2,26.4811,61.3698,191.5079
M_3336_1,M_3336_1.mp4_sec_0014.jpg,3,39.2002,69.4822,189.3976
M_3336_1,M_3336_1.mp4_sec_0014.jpg,4,26.7465,61.6527,191.6996
M_3336_1,M_3336_1.mp4_sec_0014.jpg,5,27.6571,62.1868,192.7119
M_3336_1,M_3336_1.mp4_sec_0015.jpg,1,28.439,62.9496,190.6269
M_3336_1,M_3336_1.mp4_sec_0015.jpg,2,30.6324,62.7412,192.1434
M_3336_1,M_3336_1.mp4_sec_0015.jpg,3,26.6908,61.6498,191.4636
M_3336_1,M_3336_1.mp4_sec_0015.jpg,4,30.0718,64.8401,192.7196
M_3336_1,M_3336_1.mp4_sec_0015.jpg,5,30.4326,64.8544,192.691
M_3336_1,M_3336_1.mp4_sec_0016.jpg,1,37.6269,70.1289,191.9734
M_3336_1,M_3336_1.mp4_sec_0016.jpg,2,26.778,60.4881,191.3758
M_3336_1,M_3336_1.mp4_sec_0016.jpg,3,28.1482,63.1588,190.9474
M_3336_1,M_3336_1.mp4_sec_0016.jpg,4,27.2082,60.9738,191.326
M_3336_1,M_3336_1.mp4_sec_0016.jpg,5,27.0841,62.0841,192.0841
M_3336_1,M_3336_1.mp4_sec_0017.jpg,1,27.6139,61.372,192.8007
M_3336_1,M_3336_1.mp4_sec_0017.jpg,2,27.9258,61.4932,191.078
M_3336_1,M_3336_1.mp4_sec_0017.jpg,3,26.3634,60.8048,192.3251
M_3336_1,M_3336_1.mp4_sec_0017.jpg,4,27.7201,62.2643,192.6791
M_3336_1,M_3336_1.mp4_sec_0017.jpg,5,26.4421,61.1822,191.9623
M_3336_1,M_3336_1.mp4_sec_0018.jpg,1,27.3412,62.3412,192.2826
M_3336_1,M_3336_1.mp4_sec_0018.jpg,2,27.5877,61.7044,192.9927
M_3336_1,M_3336_1.mp4_sec_0018.jpg,3,31.8804,67.417,195.0489
M_3336_1,M_3336_1.mp4_sec_0018.jpg,4,27.7934,62.4493,192.9648
M_3336_1,M_3336_1.mp4_sec_0018.jpg,5,26.852,61.8064,191.9403
M_3336_1,M_3336_1.mp4_sec_0019.jpg,1,27.8005,62.5436,192.0712
M_3336_1,M_3336_1.mp4_sec_0019.jpg,2,27.5031,61.9753,193.6647
M_3336_1,M_3336_1.mp4_sec_0019.jpg,3,27.1947,61.6474,192.9187
M_3336_1,M_3336_1.mp4_sec_0019.jpg,4,30.8326,65.9079,192.1168
M_3336_1,M_3336_1.mp4_sec_0019.jpg,5,27.1789,62.0121,191.0178
M_3336_1,M_3336_1.mp4_sec_0020.jpg,1,28.0053,62.598,192.5359
M_3336_1,M_3336_1.mp4_sec_0020.jpg,2,39.5844,72.8412,192.813
M_3336_1,M_3336_1.mp4_sec_0020.jpg,3,30.4152,64.994,192.3421
M_3336_1,M_3336_1.mp4_sec_0020.jpg,4,41.8267,73.0114,190.5059
M_3336_1,M_3336_1.mp4_sec_0020.jpg,5,27.3593,62.3709,194.813
M_3336_1,M_3336_1.mp4_sec_0021.jpg,1,28.1603,61.387,191.4451
M_3336_1,M_3336_1.mp4_sec_0021.jpg,2,27.6758,62.4095,191.0013
M_3336_1,M_3336_1.mp4_sec_0021.jpg,3,26.3672,62.8086,193.093
M_3336_1,M_3336_1.mp4_sec_0021.jpg,4,26.6485,61.5225,191.5888
M_3336_1,M_3336_1.mp4_sec_0021.jpg,5,39.7901,70.563,190.5731
M_3336_1,M_3336_1.mp4_sec_0022.jpg,1,27.4434,61.9566,192.4793
M_3336_1,M_3336_1.mp4_sec_0022.jpg,2,26.846,60.7636,192.9225
M_3336_1,M_3336_1.mp4_sec_0022.jpg,3,26.8934,61.344,192.4971
M_3336_1,M_3336_1.mp4_sec_0022.jpg,4,34.5991,67.9575,192.9661
M_3336_1,M_3336_1.mp4_sec_0022.jpg,5,37.8531,71.1725,193.278
M_3336_1,M_3336_1.mp4_sec_0023.jpg,1,30.4976,65.0648,193.0524
M_3336_1,M_3336_1.mp4_sec_0023.jpg,2,29.5311,63.9753,192.9165
M_3336_1,M_3336_1.mp4_sec_0023.jpg,3,27.2101,62.2101,192.1317
M_3336_1,M_3336_1.mp4_sec_0023.jpg,4,28.7432,62.4465,191.3747
M_3336_1,M_3336_1.mp4_sec_0023.jpg,5,26.6084,62.611,193.8549
M_3336_1,M_3336_1.mp4_sec_0024.jpg,1,39.681,72.6112,192.7211
M_3336_1,M_3336_1.mp4_sec_0024.jpg,2,26.9745,61.2053,193.2068
M_3336_1,M_3336_1.mp4_sec_0024.jpg,3,27.2756,61.6516,192.9707
M_3336_1,M_3336_1.mp4_sec_0024.jpg,4,34.0927,68.1097,193.0275
M_3336_1,M_3336_1.mp4_sec_0024.jpg,5,38.0995,71.1828,192.252
M_3336_1,M_3336_1.mp4_sec_0025.jpg,1,41.6044,73.1632,191.0434
M_3336_1,M_3336_1.mp4_sec_0025.jpg,2,27.1024,61.6963,194.2421
M_3336_1,M_3336_1.mp4_sec_0025.jpg,3,30.6874,66.1297,191.6361
M_3336_1,M_3336_1.mp4_sec_0025.jpg,4,28.5128,63.4022,192.1399
M_3336_1,M_3336_1.mp4_sec_0025.jpg,5,35.935,69.6037,194.0273
M_3336_1,M_3336_1.mp4_sec_0026.jpg,1,29.8524,64.5317,192.5522
M_3336_1,M_3336_1.mp4_sec_0026.jpg,2,41.2538,73.6489,192.67
M_3336_1,M_3336_1.mp4_sec_0026.jpg,3,27.0841,61.1645,191.9319
M_3336_1,M_3336_1.mp4_sec_0026.jpg,4,27.1027,61.6864,192.0106
M_3336_1,M_3336_1.mp4_sec_0026.jpg,5,26.2007,61.7126,192.4397
M_3336_1,M_3336_1.mp4_sec_0027.jpg,1,27.6225,62.18,192.9341
M_3336_1,M_3336_1.mp4_sec_0027.jpg,2,27.1892,61.0954,192.9377
M_3336_1,M_3336_1.mp4_sec_0027.jpg,3,42.1566,73.7921,191.5112
M_3336_1,M_3336_1.mp4_sec_0027.jpg,4,26.8674,61.87,191.8689
M_3336_1,M_3336_1.mp4_sec_0027.jpg,5,27.1894,63.6932,194.2842
M_3336_1,M_3336_1.mp4_sec_0028.jpg,1,27.1921,61.5886,192.3559
M_3336_1,M_3336_1.mp4_sec_0028.jpg,2,29.522,63.8256,191.831
M_3336_1,M_3336_1.mp4_sec_0028.jpg,3,27.0046,61.1973,192.0388
M_3336_1,M_3336_1.mp4_sec_0028.jpg,4,26.957,62.1196,192.1625
M_3336_1,M_3336_1.mp4_sec_0028.jpg,5,27.7824,62.9429,194.0773
M_3336_1,M_3336_1.mp4_sec_0029.jpg,1,27.9947,62.8496,192.4599
M_3336_1,M_3336_1.mp4_sec_0029.jpg,2,26.7914,60.8703,191.7487
M_3336_1,M_3336_1.mp4_sec_0029.jpg,3,29.2562,64.5335,193.5767
M_3336_1,M_3336_1.mp4_sec_0029.jpg,4,38.4097,70.1207,189.8643
M_3336_1,M_3336_1.mp4_sec_0029.jpg,5,38.5676,70.1161,190.0971
M_3336_1,M_3336_1.mp4_sec_0030.jpg,1,26.552,61.2333,191.8872
M_3336_1,M_3336_1.mp4_sec_0030.jpg,2,27.4363,62.4357,192.2275
M_3336_1,M_3336_1.mp4_sec_0030.jpg,3,27.2434,61.0886,192.1837
M_3336_1,M_3336_1.mp4_sec_0030.jpg,4,27.3745,62.2145,192.354
M_3336_1,M_3336_1.mp4_sec_0030.jpg,5,27.402,63.2258,193.9947
M_3336_2,M_3336_2.mp4_sec_0000.jpg,1,28.3852,62.8908,192.3544
M_3336_2,M_3336_2.mp4_sec_0000.jpg,2,26.8189,61.6513,192.0614
M_3336_2,M_3336_2.mp4_sec_0000.jpg,3,26.7053,61.6255,191.5921
M_3336_2,M_3336_2.mp4_sec_0000.jpg,4,30.7408,65.0842,193.1434
M_3336_2,M_3336_2.mp4_sec_0000.jpg,5,28.0044,62.8408,190.5095
M_3336_2,M_3336_2.mp4_sec_0001.jpg,1,27.319,62.0707,192.1273
M_3336_2,M_3336_2.mp4_sec_0001.jpg,2,29.7643,61.9877,191.8777
M_3336_2,M_3336_2.mp4_sec_0001.jpg,3,39.4698,72.3641,192.8661
M_3336_2,M_3336_2.mp4_sec_0001.jpg,4,29.078,64.463,190.6859
M_3336_2,M_3336_2.mp4_sec_0001.jpg,5,27.5425,62.3436,192.8337
M_3336_2,M_3336_2.mp4_sec_0002.jpg,1,26.4482,61.2324,191.7515
M_3336_2,M_3336_2.mp4_sec_0002.jpg,2,27.5421,60.9571,191.5769
M_3336_2,M_3336_2.mp4_sec_0002.jpg,3,27.5601,61.3775,191.9326
M_3336_2,M_3336_2.mp4_sec_0002.jpg,4,26.119,60.1908,192.6377
M_3336_2,M_3336_2.mp4_sec_0002.jpg,5,30.5176,65.6095,193.1852
M_3336_2,M_3336_2.mp4_sec_0003.jpg,1,27.2209,61.5377,191.9886
M_3336_2,M_3336_2.mp4_sec_0003.jpg,2,38.9995,69.2945,189.0634
M_3336_2,M_3336_2.mp4_sec_0003.jpg,3,27.293,61.8081,191.996
M_3336_2,M_3336_2.mp4_sec_0003.jpg,4,41.7747,72.8403,190.4894
M_3336_2,M_3336_2.mp4_sec_0003.jpg,5,27.4786,62.3031,192.6449
M_3336_2,M_3336_2.mp4_sec_0004.jpg,1,27.8022,62.5496,192.357
M_3336_2,M_3336_2.mp4_sec_0004.jpg,2,26.9817,61.9465,191.9648
M_3336_2,M_3336_2.mp4_sec_0004.jpg,3,27.3233,62.3233,192.2734
M_3336_2,M_3336_2.mp4_sec_0004.jpg,4,27.3866,62.293,192.5189
M_3336_2,M_3336_2.mp4_sec_0004.jpg,5,27.2504,61.7253,191.8427
M_3336_2,M_3336_2.mp4_sec_0005.jpg,1,25.9511,59.5119,191.8465
M_3336_2,M_3336_2.mp4_sec_0005.jpg,2,37.6964,69.2258,189.5508
M_3336_2,M_3336_2.mp4_sec_0005.jpg,3,25.2041,59.005,191.8298
M_3336_2,M_3336_2.mp4_sec_0005.jpg,4,28.8462,63.0247,190.7407
M_3336_2,M_3336_2.mp4_sec_0005.jpg,5,26.1527,61.035,190.6155
M_3336_2,M_3336_2.mp4_sec_0006.jpg,1,28.6093,61.7701,189.0529
M_3336_2,M_3336_2.mp4_sec_0006.jpg,2,34.3434,66.6416,189.97
M_3336_2,M_3336_2.mp4_sec_0006.jpg,3,25.2892,58.7665,187.2238
M_3336_2,M_3336_2.mp4_sec_0006.jpg,4,26.4577,58.7987,188.8132
M_3336_2,M_3336_2.mp4_sec_0006.jpg,5,25.1207,57.1027,187.8564
M_3336_2,M_3336_2.mp4_sec_0007.jpg,1,26.0292,58.3118,187.8244
M_3336_2,M_3336_2.mp4_sec_0007.jpg,2,26.6101,58.7161,189.3514
M_3336_2,M_3336_2.mp4_sec_0007.jpg,3,26.0188,59.2632,188.9883
M_3336_2,M_3336_2.mp4_sec_0007.jpg,4,25.8917,59.109,189.2883
M_3336_2,M_3336_2.mp4_sec_0007.jpg,5,25.7653,58.2589,189.0305
M_3336_2,M_3336_2.mp4_sec_0008.jpg,1,25.7927,60.5712,190.9628
M_3336_2,M_3336_2.mp4_sec_0008.jpg,2,26.5897,61.5366,191.5626
M_3336_2,M_3336_2.mp4_sec_0008.jpg,3,28.678,62.3181,190.8374
M_3336_2,M_3336_2.mp4_sec_0008.jpg,4,35.7262,69.2158,193.1875
M_3336_2,M_3336_2.mp4_sec_0008.jpg,5,27.8234,63.5114,194.217
M_3336_2,M_3336_2.mp4_sec_0009.jpg,1,32.0886,66.7821,192.3128
M_3336_2,M_3336_2.mp4_sec_0009.jpg,2,27.1593,61.6509,193.0223
M_3336_2,M_3336_2.mp4_sec_0009.jpg,3,33.9339,67.7027,192.5418
M_3336_2,M_3336_2.mp4_sec_0009.jpg,4,31.0828,65.7332,193.3527
M_3336_2,M_3336_2.mp4_sec_0009.jpg,5,26.3009,60.6848,192.339
M_3336_2,M_3336_2.mp4_sec_0010.jpg,1,26.8599,61.1899,191.9742
M_3336_2,M_3336_2.mp4_sec_0010.jpg,2,26.0643,59.8564,192.7407
M_3336_2,M_3336_2.mp4_sec_0010.jpg,3,29.5614,63.9654,192.4654
M_3336_2,M_3336_2.mp4_sec_0010.jpg,4,26.5998,61.0407,191.3071
M_3336_2,M_3336_2.mp4_sec_0010.jpg,5,37.696,70.6304,193.0756
M_3336_2,M_3336_2.mp4_sec_0011.jpg,1,25.673,59.1651,189.4119
M_3336_2,M_3336_2.mp4_sec_0011.jpg,2,26.7438,60.443,188.8467
M_3336_2,M_3336_2.mp4_sec_0011.jpg,3,24.9594,58.4748,188.5463
M_3336_2,M_3336_2.mp4_sec_0011.jpg,4,25.3445,58.5221,189.2551
M_3336_2,M_3336_2.mp4_sec_0011.jpg,5,30.2447,63.12,189.5682
M_3336_2,M_3336_2.mp4_sec_0012.jpg,1,27.4833,61.0039,187.6585
M_3336_2,M_3336_2.mp4_sec_0012.jpg,2,27.5372,59.4036,188.3798
M_3336_2,M_3336_2.mp4_sec_0012.jpg,3,24.8233,58.7673,189.1648
M_3336_2,M_3336_2.mp4_sec_0012.jpg,4,24.7881,57.9699,189.9198
M_3336_2,M_3336_2.mp4_sec_0012.jpg,5,25.3955,58.7018,188.9808
M_3336_2,M_3336_2.mp4_sec_0013.jpg,1,26.5842,61.3405,192.2892
M_3336_2,M_3336_2.mp4_sec_0013.jpg,2,26.6478,60.2128,191.0205
M_3336_2,M_3336_2.mp4_sec_0013.jpg,3,36.8447,69.6108,192.8753
M_3336_2,M_3336_2.mp4_sec_0013.jpg,4,27.3518,62.0914,192.4245
M_3336_2,M_3336_2.mp4_sec_0013.jpg,5,28.5425,63.0778,191.3912
M_3336_2,M_3336_2.mp4_sec_0014.jpg,1,27.6396,62.1604,192.2516
M_3336_2,M_3336_2.mp4_sec_0014.jpg,2,27.0207,62.0207,192.0207
M_3336_2,M_3336_2.mp4_sec_0014.jpg,3,27.5015,62.1952,192.1725
M_3336_2,M_3336_2.mp4_sec_0014.jpg,4,27.7522,62.0332,191.9654
M_3336_2,M_3336_2.mp4_sec_0014.jpg,5,26.178,60.3,192.4324
M_3336_2,M_3336_2.mp4_sec_0015.jpg,1,29.2436,63.504,192.074
M_3336_2,M_3336_2.mp4_sec_0015.jpg,2,30.7158,62.8015,191.6921
M_3336_2,M_3336_2.mp4_sec_0015.jpg,3,34.8046,68.2581,192.8009
M_3336_2,M_3336_2.mp4_sec_0015.jpg,4,26.9386,60.8482,193.5361
M_3336_2,M_3336_2.mp4_sec_0015.jpg,5,30.9824,65.0844,192.8068
M_3336_2,M_3336_2.mp4_sec_0016.jpg,1,26.4136,62.915,194.3729
M_3336_2,M_3336_2.mp4_sec_0016.jpg,2,27.6828,62.2128,192.9943
M_3336_2,M_3336_2.mp4_sec_0016.jpg,3,39.6425,70.2652,189.3352
M_3336_2,M_3336_2.mp4_sec_0016.jpg,4,28.4179,62.8687,193.4822
M_3336_2,M_3336_2.mp4_sec_0016.jpg,5,40.6427,71.6015,189.8031
M_3336_2,M_3336_2.mp4_sec_0017.jpg,1,26.6676,61.5797,192.9097
M_3336_2,M_3336_2.mp4_sec_0017.jpg,2,29.6542,63.8597,192.257
M_3336_2,M_3336_2.mp4_sec_0017.jpg,3,33.9553,67.5535,193.1764
M_3336_2,M_3336_2.mp4_sec_0017.jpg,4,41.396,73.1092,191.63
M_3336_2,M_3336_2.mp4_sec_0017.jpg,5,28.8353,62.1114,191.5429
M_3336_2,M_3336_2.mp4_sec_0018.jpg,1,28.8361,63.3339,193.937
M_3336_2,M_3336_2.mp4_sec_0018.jpg,2,28.9236,63.4656,192.6306
M_3336_2,M_3336_2.mp4_sec_0018.jpg,3,27.6209,62.2773,193.3725
M_3336_2,M_3336_2.mp4_sec_0018.jpg,4,27.4245,62.4007,192.4143
M_3336_2,M_3336_2.mp4_sec_0018.jpg,5,26.8674,61.33,193.874
M_3336_2,M_3336_2.mp4_sec_0019.jpg,1,24.5346,57.654,187.5779
M_3336_2,M_3336_2.mp4_sec_0019.jpg,2,24.9165,58.6057,188.1607
M_3336_2,M_3336_2.mp4_sec_0019.jpg,3,24.2532,57.6583,188.1475
M_3336_2,M_3336_2.mp4_sec_0019.jpg,4,27.4472,60.9596,188.8529
M_3336_2,M_3336_2.mp4_sec_0019.jpg,5,37.3516,68.0539,187.4734
M_3336_2,M_3336_2.mp4_sec_0020.jpg,1,28.551,62.3886,191.3073
M_3336_2,M_3336_2.mp4_sec_0020.jpg,2,27.3222,61.9102,190.8495
M_3336_2,M_3336_2.mp4_sec_0020.jpg,3,26.0445,60.401,192.0696
M_3336_2,M_3336_2.mp4_sec_0020.jpg,4,34.0841,68.292,193.1362
M_3336_2,M_3336_2.mp4_sec_0020.jpg,5,27.3997,61.6397,192.74
M_3336_2,M_3336_2.mp4_sec_0021.jpg,1,37.1079,70.8059,193.1035
M_3336_2,M_3336_2.mp4_sec_0021.jpg,2,25.8674,62.7773,193.3619
M_3336_2,M_3336_2.mp4_sec_0021.jpg,3,28.8139,62.8399,192.441
M_3336_2,M_3336_2.mp4_sec_0021.jpg,4,29.0745,63.1714,192.7877
M_3336_2,M_3336_2.mp4_sec_0021.jpg,5,27.285,61.7546,192.6696
M_3336_2,M_3336_2.mp4_sec_0022.jpg,1,30.2088,64.5729,192.9954
M_3336_2,M_3336_2.mp4_sec_0022.jpg,2,30.8973,65.8853,192.9775
M_3336_2,M_3336_2.mp4_sec_0022.jpg,3,26.8308,61.5837,191.8093
M_3336_2,M_3336_2.mp4_sec_0022.jpg,4,26.6698,60.7029,193.6573
M_3336_2,M_3336_2.mp4_sec_0022.jpg,5,27.689,61.515,192.8399
M_3336_2,M_3336_2.mp4_sec_0023.jpg,1,26.6163,61.4353,191.7049
M_3336_2,M_3336_2.mp4_sec_0023.jpg,2,27.0399,61.6808,191.0879
M_3336_2,M_3336_2.mp4_sec_0023.jpg,3,27.035,61.4139,192.3196
M_3336_2,M_3336_2.mp4_sec_0023.jpg,4,27.0432,61.6571,191.2359
M_3336_2,M_3336_2.mp4_sec_0023.jpg,5,27.9174,61.8456,192.4894
M_3336_2,M_3336_2.mp4_sec_0024.jpg,1,28.6694,62.7051,192.6738
M_3336_2,M_3336_2.mp4_sec_0024.jpg,2,26.7097,61.5438,191.3388
M_3336_2,M_3336_2.mp4_sec_0024.jpg,3,27.6297,62.1896,191.0751
M_3336_2,M_3336_2.mp4_sec_0024.jpg,4,27.217,62.2163,192.1687
M_3336_2,M_3336_2.mp4_sec_0024.jpg,5,27.7745,63.0029,194.7038
M_3336_2,M_3336_2.mp4_sec_0025.jpg,1,31.7822,66.5277,192.417
M_3336_2,M_3336_2.mp4_sec_0025.jpg,2,28.0993,63.1678,193.9249
M_3336_2,M_3336_2.mp4_sec_0025.jpg,3,27.9861,63.5529,195.6101
M_3336_2,M_3336_2.mp4_sec_0025.jpg,4,27.5603,62.476,192.2119
M_3336_2,M_3336_2.mp4_sec_0025.jpg,5,26.6236,61.5716,191.4756
M_3336_2,M_3336_2.mp4_sec_0026.jpg,1,40.4788,71.2,189.7705
M_3336_2,M_3336_2.mp4_sec_0026.jpg,2,38.389,71.2463,192.5174
M_3336_2,M_3336_2.mp4_sec_0026.jpg,3,26.9663,61.178,191.7346
M_3336_2,M_3336_2.mp4_sec_0026.jpg,4,26.9608,61.5496,191.5216
M_3336_2,M_3336_2.mp4_sec_0026.jpg,5,27.0643,61.991,193.0196
M_3336_2,M_3336_2.mp4_sec_0027.jpg,1,27.287,62.0758,192.3808
M_3336_2,M_3336_2.mp4_sec_0027.jpg,2,30.7033,65.8216,193.7938
M_3336_2,M_3336_2.mp4_sec_0027.jpg,3,27.006,61.8762,191.9066
M_3336_2,M_3336_2.mp4_sec_0027.jpg,4,27.2705,62.015,192.4859
M_3336_2,M_3336_2.mp4_sec_0027.jpg,5,26.054,60.2438,192.4183
M_3336_2,M_3336_2.mp4_sec_0028.jpg,1,31.8192,66.704,192.3958
M_3336_2,M_3336_2.mp4_sec_0028.jpg,2,26.9026,60.3606,191.7024
M_3336_2,M_3336_2.mp4_sec_0028.jpg,3,27.5416,62.0888,193.4949
M_3336_2,M_3336_2.mp4_sec_0028.jpg,4,27.1106,61.993,192.0379
M_3336_2,M_3336_2.mp4_sec_0028.jpg,5,27.8203,61.5551,192.498
M_3336_2,M_3336_2.mp4_sec_0029.jpg,1,27.3857,62.0383,191.1104
M_3336_2,M_3336_2.mp4_sec_0029.jpg,2,29.2236,63.1524,191.5478
M_3336_2,M_3336_2.mp4_sec_0029.jpg,3,31.4181,66.3782,194.6372
M_3336_2,M_3336_2.mp4_sec_0029.jpg,4,26.7258,61.5929,191.9749
M_3336_2,M_3336_2.mp4_sec_0029.jpg,5,31.2377,65.8295,193.0436
M_3336_2,M_3336_2.mp4_sec_0030.jpg,1,31.0564,66.0115,192.9537
M_3336_2,M_3336_2.mp4_sec_0030.jpg,2,26.6656,61.4557,191.7892
M_3336_2,M_3336_2.mp4_sec_0030.jpg,3,30.7877,65.4639,192.6495
M_3336_2,M_3336_2.mp4_sec_0030.jpg,4,40.5418,71.4473,189.7773
M_3336_2,M_3336_2.mp4_sec_0030.jpg,5,27.6566,62.0553,194.2205
M_3336_3,M_3336_3.mp4_sec_0000.jpg,1,41.2531,73.9207,192.465
M_3336_3,M_3336_3.mp4_sec_0000.jpg,2,26.4474,60.7658,191.9956
M_3336_3,M_3336_3.mp4_sec_0000.jpg,3,42.4952,74.4824,191.183
M_3336_3,M_3336_3.mp4_sec_0000.jpg,4,35.7996,69.146,193.4533
M_3336_3,M_3336_3.mp4_sec_0000.jpg,5,26.9414,60.8872,191.9223
M_3336_3,M_3336_3.mp4_sec_0001.jpg,1,27.0225,60.637,191.4051
M_3336_3,M_3336_3.mp4_sec_0001.jpg,2,26.48,61.3372,191.6163
M_3336_3,M_3336_3.mp4_sec_0001.jpg,3,27.3648,62.1822,192.4344
M_3336_3,M_3336_3.mp4_sec_0001.jpg,4,26.2026,62.6493,193.4707
M_3336_3,M_3336_3.mp4_sec_0001.jpg,5,26.0562,60.6784,191.7106
M_3336_3,M_3336_3.mp4_sec_0002.jpg,1,26.2001,60.1946,193.0731
M_3336_3,M_3336_3.mp4_sec_0002.jpg,2,29.4161,62.05,191.7054
M_3336_3,M_3336_3.mp4_sec_0002.jpg,3,26.7539,61.7532,191.7554
M_3336_3,M_3336_3.mp4_sec_0002.jpg,4,26.873,61.8477,191.8867
M_3336_3,M_3336_3.mp4_sec_0002.jpg,5,28.6406,63.3045,192.4535
M_3336_3,M_3336_3.mp4_sec_0003.jpg,1,26.9493,61.7751,192.4639
M_3336_3,M_3336_3.mp4_sec_0003.jpg,2,27.241,61.9667,194.0082
M_3336_3,M_3336_3.mp4_sec_0003.jpg,3,28.5493,63.3436,192.0332
M_3336_3,M_3336_3.mp4_sec_0003.jpg,4,27.9161,61.5538,191.1652
M_3336_3,M_3336_3.mp4_sec_0003.jpg,5,26.596,61.4125,191.5278
M_3336_3,M_3336_3.mp4_sec_0004.jpg,1,29.2531,63.9711,192.9302
M_3336_3,M_3336_3.mp4_sec_0004.jpg,2,26.3949,60.8335,192.4571
M_3336_3,M_3336_3.mp4_sec_0004.jpg,3,27.3703,61.7509,192.709
M_3336_3,M_3336_3.mp4_sec_0004.jpg,4,26.7897,61.5452,191.8581
M_3336_3,M_3336_3.mp4_sec_0004.jpg,5,27.1051,61.5645,192.9722
M_3336_3,M_3336_3.mp4_sec_0005.jpg,1,27.2811,61.6187,193.1084
M_3336_3,M_3336_3.mp4_sec_0005.jpg,2,26.4793,61.3661,191.4313
M_3336_3,M_3336_3.mp4_sec_0005.jpg,3,29.9998,64.0916,192.2907
M_3336_3,M_3336_3.mp4_sec_0005.jpg,4,26.7901,61.7916,192.8962
M_3336_3,M_3336_3.mp4_sec_0005.jpg,5,42.4154,74.156,192.2555
M_3336_3,M_3336_3.mp4_sec_0006.jpg,1,29.6405,62.7989,191.4372
M_3336_3,M_3336_3.mp4_sec_0006.jpg,2,27.9233,62.4103,193.926
M_3336_3,M_3336_3.mp4_sec_0006.jpg,3,31.1093,65.7168,192.9639
M_3336_3,M_3336_3.mp4_sec_0006.jpg,4,26.7407,61.4469,192.3114
M_3336_3,M_3336_3.mp4_sec_0006.jpg,5,27.6835,61.9846,193.748
M_3336_3,M_3336_3.mp4_sec_0007.jpg,1,26.9049,61.8178,191.8145
M_3336_3,M_3336_3.mp4_sec_0007.jpg,2,26.826,61.5081,191.9868
M_3336_3,M_3336_3.mp4_sec_0007.jpg,3,26.6947,61.6317,191.757
M_3336_3,M_3336_3.mp4_sec_0007.jpg,4,26.6626,60.1678,192.4022
M_3336_3,M_3336_3.mp4_sec_0007.jpg,5,27.5674,61.3733,193.9198
M_3336_3,M_3336_3.mp4_sec_0008.jpg,1,26.9899,61.8996,192.1271
M_3336_3,M_3336_3.mp4_sec_0008.jpg,2,27.3579,61.6286,194.3159
M_3336_3,M_3336_3.mp4_sec_0008.jpg,3,29.5808,64.4445,192.5919
M_3336_3,M_3336_3.mp4_sec_0008.jpg,4,26.6507,61.5227,191.8419
M_3336_3,M_3336_3.mp4_sec_0008.jpg,5,30.0989,65.1403,192.0963
M_3336_3,M_3336_3.mp4_sec_0009.jpg,1,30.2824,64.8804,193.0918
M_3336_3,M_3336_3.mp4_sec_0009.jpg,2,37.0262,70.5009,193.8203
M_3336_3,M_3336_3.mp4_sec_0009.jpg,3,29.3951,64.5729,191.6601
M_3336_3,M_3336_3.mp4_sec_0009.jpg,4,26.7176,61.0077,192.5509
M_3336_3,M_3336_3.mp4_sec_0009.jpg,5,27.5352,61.7996,193.5474
M_3336_3,M_3336_3.mp4_sec_0010.jpg,1,27.0588,61.0859,192.6944
M_3336_3,M_3336_3.mp4_sec_0010.jpg,2,26.6557,61.5869,191.6795
M_3336_3,M_3336_3.mp4_sec_0010.jpg,3,27.5272,61.6328,193.1151
M_3336_3,M_3336_3.mp4_sec_0010.jpg,4,26.6479,61.6062,191.6538
M_3336_3,M_3336_3.mp4_sec_0010.jpg,5,30.1486,64.1376,192.9368
M_3336_3,M_3336_3.mp4_sec_0011.jpg,1,27.3038,61.4562,193.9998
M_3336_3,M_3336_3.mp4_sec_0011.jpg,2,27.4899,62.1797,192.3328
M_3336_3,M_3336_3.mp4_sec_0011.jpg,3,27.657,62.224,192.4744
M_3336_3,M_3336_3.mp4_sec_0011.jpg,4,26.5434,61.3916,191.8042
M_3336_3,M_3336_3.mp4_sec_0011.jpg,5,41.6945,73.8207,192.4443
M_3336_3,M_3336_3.mp4_sec_0012.jpg,1,35.7846,69.6326,193.1678
M_3336_3,M_3336_3.mp4_sec_0012.jpg,2,27.5901,62.3874,192.9104
M_3336_3,M_3336_3.mp4_sec_0012.jpg,3,30.3963,64.226,192.4414
M_3336_3,M_3336_3.mp4_sec_0012.jpg,4,27.0299,62.0299,192.0299
M_3336_3,M_3336_3.mp4_sec_0012.jpg,5,27.6016,62.0844,193.3108
M_3336_3,M_3336_3.mp4_sec_0013.jpg,1,26.7969,61.4989,193.328
M_3336_3,M_3336_3.mp4_sec_0013.jpg,2,26.7509,60.7681,191.8623
M_3336_3,M_3336_3.mp4_sec_0013.jpg,3,27.5725,61.7024,194.4656
M_3336_3,M_3336_3.mp4_sec_0013.jpg,4,34.8342,68.2872,192.7357
M_3336_3,M_3336_3.mp4_sec_0013.jpg,5,26.789,61.7733,191.8117
M_3336_3,M_3336_3.mp4_sec_0014.jpg,1,26.1473,60.8029,191.8394
M_3336_3,M_3336_3.mp4_sec_0014.jpg,2,28.863,63.7667,192.7081
M_3336_3,M_3336_3.mp4_sec_0014.jpg,3,27.4183,62.3363,192.5766
M_3336_3,M_3336_3.mp4_sec_0014.jpg,4,27.9683,61.7496,191.3603
M_3336_3,M_3336_3.mp4_sec_0014.jpg,5,38.7685,70.6844,191.3128
M_3336_3,M_3336_3.mp4_sec_0015.jpg,1,26.265,60.3929,193.0789
M_3336_3,M_3336_3.mp4_sec_0015.jpg,2,27.1606,61.6802,192.154
M_3336_3,M_3336_3.mp4_sec_0015.jpg,3,26.7751,61.6916,191.2209
M_3336_3,M_3336_3.mp4_sec_0015.jpg,4,26.8108,61.8046,191.9716
M_3336_3,M_3336_3.mp4_sec_0015.jpg,5,39.6965,72.2963,192.2337
M_3336_3,M_3336_3.mp4_sec_0016.jpg,1,30.4383,64.6201,191.6456
M_3336_3,M_3336_3.mp4_sec_0016.jpg,2,27.4709,62.328,192.3419
M_3336_3,M_3336_3.mp4_sec_0016.jpg,3,27.4271,61.3163,191.2802
M_3336_3,M_3336_3.mp4_sec_0016.jpg,4,26.294,62.5005,193.4518
M_3336_3,M_3336_3.mp4_sec_0016.jpg,5,27.0125,60.7538,192.0147
M_3336_3,M_3336_3.mp4_sec_0017.jpg,1,27.1158,61.4866,193.2868
M_3336_3,M_3336_3.mp4_sec_0017.jpg,2,28.8194,63.1723,192.3634
M_3336_3,M_3336_3.mp4_sec_0017.jpg,3,27.2723,61.9004,192.9291
M_3336_3,M_3336_3.mp4_sec_0017.jpg,4,27.7852,62.0817,193.2612
M_3336_3,M_3336_3.mp4_sec_0017.jpg,5,27.5293,61.8443,193.5965
M_3336_3,M_3336_3.mp4_sec_0018.jpg,1,27.4447,62.1579,191.3044
M_3336_3,M_3336_3.mp4_sec_0018.jpg,2,30.237,63.2703,191.7557
M_3336_3,M_3336_3.mp4_sec_0018.jpg,3,26.7161,61.5381,192.007
M_3336_3,M_3336_3.mp4_sec_0018.jpg,4,26.7951,61.3703,192.3929
M_3336_3,M_3336_3.mp4_sec_0018.jpg,5,40.9375,73.0689,192.1714
M_3336_3,M_3336_3.mp4_sec_0019.jpg,1,27.5672,62.1597,192.7963
M_3336_3,M_3336_3.mp4_sec_0019.jpg,2,28.2,62.7916,192.88
M_3336_3,M_3336_3.mp4_sec_0019.jpg,3,30.1707,64.6038,193.0388
M_3336_3,M_3336_3.mp4_sec_0019.jpg,4,27.1158,61.8804,192.2674
M_3336_3,M_3336_3.mp4_sec_0019.jpg,5,37.607,71.0156,193.1965
M_3336_3,M_3336_3.mp4_sec_0020.jpg,1,29.7606,64.17,193.5051
M_3336_3,M_3336_3.mp4_sec_0020.jpg,2,26.3449,60.2577,193.2304
M_3336_3,M_3336_3.mp4_sec_0020.jpg,3,27.013,60.9658,193.1566
M_3336_3,M_3336_3.mp4_sec_0020.jpg,4,26.5452,60.552,193.0326
M_3336_3,M_3336_3.mp4_sec_0020.jpg,5,26.6859,61.413,192.8207
M_3336_3,M_3336_3.mp4_sec_0021.jpg,1,27.811,62.1363,193.1147
M_3336_3,M_3336_3.mp4_sec_0021.jpg,2,27.3496,61.4595,192.5623
M_3336_3,M_3336_3.mp4_sec_0021.jpg,3,26.8678,61.2491,193.946
M_3336_3,M_3336_3.mp4_sec_0021.jpg,4,39.2366,72.0002,193.2082
M_3336_3,M_3336_3.mp4_sec_0021.jpg,5,30.6427,64.8767,193.5121
M_3336_3,M_3336_3.mp4_sec_0022.jpg,1,26.857,61.2885,192.3806
M_3336_3,M_3336_3.mp4_sec_0022.jpg,2,26.6456,60.7022,193.2663
M_3336_3,M_3336_3.mp4_sec_0022.jpg,3,29.5897,63.9833,191.9383
M_3336_3,M_3336_3.mp4_sec_0022.jpg,4,27.5112,62.3077,193.3698
M_3336_3,M_3336_3.mp4_sec_0022.jpg,5,27.4416,62.3899,192.4401
M_3336_3,M_3336_3.mp4_sec_0023.jpg,1,27.5156,62.4566,192.524
M_3336_3,M_3336_3.mp4_sec_0023.jpg,2,27.3927,64.0104,195.0505
M_3336_3,M_3336_3.mp4_sec_0023.jpg,3,27.337,62.337,192.3051
M_3336_3,M_3336_3.mp4_sec_0023.jpg,4,26.7002,60.7808,192.2115
M_3336_3,M_3336_3.mp4_sec_0023.jpg,5,27.2958,60.8861,192.2174
M_3336_3,M_3336_3.mp4_sec_0024.jpg,1,29.05,63.4687,193.4714
M_3336_3,M_3336_3.mp4_sec_0024.jpg,2,30.9903,65.654,192.9914
M_3336_3,M_3336_3.mp4_sec_0024.jpg,3,28.5194,63.5238,193.8934
M_3336_3,M_3336_3.mp4_sec_0024.jpg,4,27.3326,62.2722,192.4491
M_3336_3,M_3336_3.mp4_sec_0024.jpg,5,27.5485,62.0456,193.1544
M_3336_3,M_3336_3.mp4_sec_0025.jpg,1,27.2044,61.494,193.6326
M_3336_3,M_3336_3.mp4_sec_0025.jpg,2,27.2971,61.7599,193.3751
M_3336_3,M_3336_3.mp4_sec_0025.jpg,3,27.1945,62.3478,194.2214
M_3336_3,M_3336_3.mp4_sec_0025.jpg,4,26.5088,63.9995,194.3943
M_3336_3,M_3336_3.mp4_sec_0025.jpg,5,27.2504,62.7637,194.4059
M_3336_3,M_3336_3.mp4_sec_0026.jpg,1,30.5766,65.2103,193.1597
M_3336_3,M_3336_3.mp4_sec_0026.jpg,2,30.7264,65.207,193.3196
M_3336_3,M_3336_3.mp4_sec_0026.jpg,3,26.3438,60.763,192.4958
M_3336_3,M_3336_3.mp4_sec_0026.jpg,4,39.094,71.9372,192.2546
M_3336_3,M_3336_3.mp4_sec_0026.jpg,5,30.3951,64.7916,193.5788
M_3336_3,M_3336_3.mp4_sec_0027.jpg,1,27.111,62.0995,191.9769
M_3336_3,M_3336_3.mp4_sec_0027.jpg,2,27.1419,62.1405,191.991
M_3336_3,M_3336_3.mp4_sec_0027.jpg,3,39.491,72.1907,191.9676
M_3336_3,M_3336_3.mp4_sec_0027.jpg,4,27.4824,63.7355,194.5079
M_3336_3,M_3336_3.mp4_sec_0027.jpg,5,30.4597,65.0053,193.8454
M_3336_3,M_3336_3.mp4_sec_0028.jpg,1,26.5804,60.5205,191.9632
M_3336_3,M_3336_3.mp4_sec_0028.jpg,2,27.4024,62.2419,192.6167
M_3336_3,M_3336_3.mp4_sec_0028.jpg,3,27.1273,61.3663,193.5467
M_3336_3,M_3336_3.mp4_sec_0028.jpg,4,32.5152,66.9165,193.1947
M_3336_3,M_3336_3.mp4_sec_0028.jpg,5,31.2495,66.5815,195.6778
M_3336_3,M_3336_3.mp4_sec_0029.jpg,1,26.3647,63.5625,194.4473
M_3336_3,M_3336_3.mp4_sec_0029.jpg,2,26.6606,61.5178,191.9346
M_3336_3,M_3336_3.mp4_sec_0029.jpg,3,26.3654,60.6846,192.5864
M_3336_3,M_3336_3.mp4_sec_0029.jpg,4,26.848,61.1062,193.2797
M_3336_3,M_3336_3.mp4_sec_0029.jpg,5,27.6286,62.3364,193.5064
M_3336_3,M_3336_3.mp4_sec_0030.jpg,1,41.8183,73.3485,191.2427
M_3336_3,M_3336_3.mp4_sec_0030.jpg,2,26.8575,61.6024,191.9888
M_3336_3,M_3336_3.mp4_sec_0030.jpg,3,26.854,60.9205,193.5832
M_3336_3,M_3336_3.mp4_sec_0030.jpg,4,42.5672,73.6969,191.3205
M_3336_3,M_3336_3.mp4_sec_0030.jpg,5,27.1954,62.2227,192.1515
M_347_1,M_347_1.mp4_sec_0000.jpg,1,34.4024,173.4475,94.0776
M_347_1,M_347_1.mp4_sec_0000.jpg,2,37.5294,174.5366,95.4288
M_347_1,M_347_1.mp4_sec_0000.jpg,3,37.3148,174.5548,95.2584
M_347_1,M_347_1.mp4_sec_0000.jpg,4,34.0252,174.0421,93.4823
M_347_1,M_347_1.mp4_sec_0000.jpg,5,34.3798,174.5334,93.306
M_347_1,M_347_1.mp4_sec_0001.jpg,1,32.6374,173.7206,94.2859
M_347_1,M_347_1.mp4_sec_0001.jpg,2,40.5412,175.5728,98.8797
M_347_1,M_347_1.mp4_sec_0001.jpg,3,33.817,174.3897,94.1987
M_347_1,M_347_1.mp4_sec_0001.jpg,4,40.4265,175.5498,98.7944
M_347_1,M_347_1.mp4_sec_0001.jpg,5,34.1652,174.1501,92.7883
M_347_1,M_347_1.mp4_sec_0002.jpg,1,34.6068,174.1453,93.5255
M_347_1,M_347_1.mp4_sec_0002.jpg,2,34.6936,174.0744,93.3871
M_347_1,M_347_1.mp4_sec_0002.jpg,3,34.28,174.2832,95.5387
M_347_1,M_347_1.mp4_sec_0002.jpg,4,34.5043,174.2756,93.1608
M_347_1,M_347_1.mp4_sec_0002.jpg,5,35.3238,174.0929,94.5328
M_347_1,M_347_1.mp4_sec_0003.jpg,1,34.4005,173.5573,92.6076
M_347_1,M_347_1.mp4_sec_0003.jpg,2,38.7806,175.0803,97.8373
M_347_1,M_347_1.mp4_sec_0003.jpg,3,33.4888,174.4854,94.6359
M_347_1,M_347_1.mp4_sec_0003.jpg,4,37.3085,173.2698,95.9002
M_347_1,M_347_1.mp4_sec_0003.jpg,5,34.7147,175.0514,94.0444
M_347_1,M_347_1.mp4_sec_0004.jpg,1,37.4183,175.253,97.3316
M_347_1,M_347_1.mp4_sec_0004.jpg,2,34.374,175.1361,94.2102
M_347_1,M_347_1.mp4_sec_0004.jpg,3,33.5819,174.0676,94.3976
M_347_1,M_347_1.mp4_sec_0004.jpg,4,32.6614,173.4806,94.3157
M_347_1,M_347_1.mp4_sec_0004.jpg,5,41.3062,175.8343,98.5461
M_347_1,M_347_1.mp4_sec_0005.jpg,1,42.3356,175.8009,100.0333
M_347_1,M_347_1.mp4_sec_0005.jpg,2,38.8275,174.734,94.9814
M_347_1,M_347_1.mp4_sec_0005.jpg,3,34.9692,173.9141,94.0155
M_347_1,M_347_1.mp4_sec_0005.jpg,4,33.6709,174.3813,95.0054
M_347_1,M_347_1.mp4_sec_0005.jpg,5,34.8459,174.8816,96.0532
M_347_1,M_347_1.mp4_sec_0006.jpg,1,37.0319,173.9714,96.4628
M_347_1,M_347_1.mp4_sec_0006.jpg,2,34.8539,174.2383,93.7085
M_347_1,M_347_1.mp4_sec_0006.jpg,3,34.5889,173.5012,94.7385
M_347_1,M_347_1.mp4_sec_0006.jpg,4,34.3914,174.5401,93.1597
M_347_1,M_347_1.mp4_sec_0006.jpg,5,38.5403,174.8221,95.4311
M_347_1,M_347_1.mp4_sec_0007.jpg,1,37.1195,174.8954,95.4328
M_347_1,M_347_1.mp4_sec_0007.jpg,2,34.743,174.4416,95.4693
M_347_1,M_347_1.mp4_sec_0007.jpg,3,46.3991,176.9736,102.607
M_347_1,M_347_1.mp4_sec_0007.jpg,4,34.2039,173.9904,93.3406
M_347_1,M_347_1.mp4_sec_0007.jpg,5,45.9036,176.9231,102.1884
M_347_1,M_347_1.mp4_sec_0008.jpg,1,45.735,176.2455,101.1957
M_347_1,M_347_1.mp4_sec_0008.jpg,2,37.9837,173.435,95.5126
M_347_1,M_347_1.mp4_sec_0008.jpg,3,34.1417,174.79,95.2069
M_347_1,M_347_1.mp4_sec_0008.jpg,4,35.2089,174.7592,95.8897
M_347_1,M_347_1.mp4_sec_0008.jpg,5,33.5919,174.704,93.0664
M_347_1,M_347_1.mp4_sec_0009.jpg,1,34.2485,173.7116,94.5705
M_347_1,M_347_1.mp4_sec_0009.jpg,2,37.6192,173.8581,95.861
M_347_1,M_347_1.mp4_sec_0009.jpg,3,33.5497,173.887,94.2422
M_347_1,M_347_1.mp4_sec_0009.jpg,4,39.0989,175.0865,97.8027
M_347_1,M_347_1.mp4_sec_0009.jpg,5,45.2125,176.0796,101.3957
M_347_1,M_347_1.mp4_sec_0010.jpg,1,33.1293,173.2762,94.4537
M_347_1,M_347_1.mp4_sec_0010.jpg,2,31.3808,171.7224,92.3804
M_347_1,M_347_1.mp4_sec_0010.jpg,3,33.3846,172.138,93.0095
M_347_1,M_347_1.mp4_sec_0010.jpg,4,36.2453,171.1928,94.578
M_347_1,M_347_1.mp4_sec_0010.jpg,5,35.1976,170.4249,92.4806
M_347_1,M_347_1.mp4_sec_0011.jpg,1,31.3289,171.7661,92.7793
M_347_1,M_347_1.mp4_sec_0011.jpg,2,30.3917,171.0587,91.8661
M_347_1,M_347_1.mp4_sec_0011.jpg,3,34.5621,170.4653,92.9769
M_347_1,M_347_1.mp4_sec_0011.jpg,4,30.6579,171.012,91.9181
M_347_1,M_347_1.mp4_sec_0011.jpg,5,42.2725,172.6911,97.7489
M_347_1,M_347_1.mp4_sec_0012.jpg,1,33.4253,172.6603,93.8413
M_347_1,M_347_1.mp4_sec_0012.jpg,2,45.5554,174.1338,100.0329
M_347_1,M_347_1.mp4_sec_0012.jpg,3,41.1014,173.2255,97.3167
M_347_1,M_347_1.mp4_sec_0012.jpg,4,32.5863,172.4903,93.4983
M_347_1,M_347_1.mp4_sec_0012.jpg,5,30.4352,170.9365,91.872
M_347_1,M_347_1.mp4_sec_0013.jpg,1,43.6351,173.662,98.9142
M_347_1,M_347_1.mp4_sec_0013.jpg,2,30.6303,171.2553,92.0397
M_347_1,M_347_1.mp4_sec_0013.jpg,3,38.7491,171.6405,95.1971
M_347_1,M_347_1.mp4_sec_0013.jpg,4,30.6785,171.2005,92.005
M_347_1,M_347_1.mp4_sec_0013.jpg,5,33.4383,170.6032,91.7658
M_347_1,M_347_1.mp4_sec_0014.jpg,1,42.0298,172.7218,97.6099
M_347_1,M_347_1.mp4_sec_0014.jpg,2,37.7828,172.4168,95.5821
M_347_1,M_347_1.mp4_sec_0014.jpg,3,35.53,171.6206,94.7853
M_347_1,M_347_1.mp4_sec_0014.jpg,4,39.5008,173.5045,97.0813
M_347_1,M_347_1.mp4_sec_0014.jpg,5,33.0738,172.0904,91.294
M_347_1,M_347_1.mp4_sec_0015.jpg,1,33.8979,172.7397,93.7338
M_347_1,M_347_1.mp4_sec_0015.jpg,2,33.96,172.6623,94.2739
M_347_1,M_347_1.mp4_sec_0015.jpg,3,33.952,173.6349,92.6615
M_347_1,M_347_1.mp4_sec_0015.jpg,4,33.0382,173.0906,94.2153
M_347_1,M_347_1.mp4_sec_0015.jpg,5,35.2373,173.3085,94.7925
M_347_1,M_347_1.mp4_sec_0016.jpg,1,34.1452,173.4312,92.8631
M_347_1,M_347_1.mp4_sec_0016.jpg,2,32.123,173.0675,93.8529
M_347_1,M_347_1.mp4_sec_0016.jpg,3,46.3984,176.7267,102.5919
M_347_1,M_347_1.mp4_sec_0016.jpg,4,37.9034,174.9176,97.3664
M_347_1,M_347_1.mp4_sec_0016.jpg,5,33.4127,173.7655,94.9354
M_347_1,M_347_1.mp4_sec_0017.jpg,1,36.9851,175.0269,97.0774
M_347_1,M_347_1.mp4_sec_0017.jpg,2,33.9948,174.2389,93.712
M_347_1,M_347_1.mp4_sec_0017.jpg,3,34.8746,175.1754,94.048
M_347_1,M_347_1.mp4_sec_0017.jpg,4,32.8999,173.8633,94.5952
M_347_1,M_347_1.mp4_sec_0017.jpg,5,36.4543,173.9402,96.6669
M_347_1,M_347_1.mp4_sec_0018.jpg,1,34.0119,174.3951,93.0993
M_347_1,M_347_1.mp4_sec_0018.jpg,2,32.4276,173.257,94.0725
M_347_1,M_347_1.mp4_sec_0018.jpg,3,34.2689,173.9704,93.362
M_347_1,M_347_1.mp4_sec_0018.jpg,4,32.8208,173.6003,94.6563
M_347_1,M_347_1.mp4_sec_0018.jpg,5,34.595,174.5556,93.8885
M_347_1,M_347_1.mp4_sec_0019.jpg,1,38.0912,173.1276,95.6651
M_347_1,M_347_1.mp4_sec_0019.jpg,2,33.5693,173.6946,94.6267
M_347_1,M_347_1.mp4_sec_0019.jpg,3,37.344,174.0078,94.6252
M_347_1,M_347_1.mp4_sec_0019.jpg,4,36.9327,173.5053,96.2299
M_347_1,M_347_1.mp4_sec_0019.jpg,5,39.9507,174.1448,97.3936
M_347_1,M_347_1.mp4_sec_0020.jpg,1,33.2758,174.1897,92.8518
M_347_1,M_347_1.mp4_sec_0020.jpg,2,33.7479,173.9522,93.4827
M_347_1,M_347_1.mp4_sec_0020.jpg,3,34.3008,174.4014,95.672
M_347_1,M_347_1.mp4_sec_0020.jpg,4,36.3947,173.206,94.2358
M_347_1,M_347_1.mp4_sec_0020.jpg,5,36.4492,173.0352,94.2117
M_347_1,M_347_1.mp4_sec_0021.jpg,1,33.6697,174.2203,94.6862
M_347_1,M_347_1.mp4_sec_0021.jpg,2,34.0876,174.4244,93.0449
M_347_1,M_347_1.mp4_sec_0021.jpg,3,35.0966,174.4123,93.3892
M_347_1,M_347_1.mp4_sec_0021.jpg,4,38.2737,175.1172,97.384
M_347_1,M_347_1.mp4_sec_0021.jpg,5,32.7906,173.7198,94.51
M_347_1,M_347_1.mp4_sec_0022.jpg,1,33.703,173.8935,92.6971
M_347_1,M_347_1.mp4_sec_0022.jpg,2,32.3073,173.4211,93.8679
M_347_1,M_347_1.mp4_sec_0022.jpg,3,36.6154,173.9784,96.442
M_347_1,M_347_1.mp4_sec_0022.jpg,4,44.3892,175.9518,100.9939
M_347_1,M_347_1.mp4_sec_0022.jpg,5,36.848,174.909,96.8918
M_347_1,M_347_1.mp4_sec_0023.jpg,1,35.307,173.802,94.614
M_347_1,M_347_1.mp4_sec_0023.jpg,2,33.5612,174.0958,94.8868
M_347_1,M_347_1.mp4_sec_0023.jpg,3,41.1152,175.3409,98.4996
M_347_1,M_347_1.mp4_sec_0023.jpg,4,35.5281,172.3922,94.4355
M_347_1,M_347_1.mp4_sec_0023.jpg,5,46.0788,176.9278,102.32
M_347_1,M_347_1.mp4_sec_0024.jpg,1,36.3913,172.999,93.7556
M_347_1,M_347_1.mp4_sec_0024.jpg,2,33.5192,173.7833,94.6525
M_347_1,M_347_1.mp4_sec_0024.jpg,3,44.1398,175.8583,100.3347
M_347_1,M_347_1.mp4_sec_0024.jpg,4,33.6187,174.0182,92.9656
M_347_1,M_347_1.mp4_sec_0024.jpg,5,45.6508,177.0903,102.0314
M_347_1,M_347_1.mp4_sec_0025.jpg,1,33.7195,173.8298,93.4731
M_347_1,M_347_1.mp4_sec_0025.jpg,2,36.1012,175.0447,97.0968
M_347_1,M_347_1.mp4_sec_0025.jpg,3,33.9516,174.2772,94.0859
M_347_1,M_347_1.mp4_sec_0025.jpg,4,32.2338,173.5391,93.5978
M_347_1,M_347_1.mp4_sec_0025.jpg,5,43.26,176.0639,99.8926
M_347_1,M_347_1.mp4_sec_0026.jpg,1,33.5823,173.602,93.3479
M_347_1,M_347_1.mp4_sec_0026.jpg,2,34.8403,174.4091,93.2679
M_347_1,M_347_1.mp4_sec_0026.jpg,3,33.1792,174.0348,93.1769
M_347_1,M_347_1.mp4_sec_0026.jpg,4,32.8342,173.4907,94.1859
M_347_1,M_347_1.mp4_sec_0026.jpg,5,36.5469,174.485,95.7233
M_347_1,M_347_1.mp4_sec_0027.jpg,1,34.3628,173.8089,94.6831
M_347_1,M_347_1.mp4_sec_0027.jpg,2,32.5317,173.4303,94.373
M_347_1,M_347_1.mp4_sec_0027.jpg,3,34.6249,174.3676,93.2805
M_347_1,M_347_1.mp4_sec_0027.jpg,4,33.6762,173.9992,92.9961
M_347_1,M_347_1.mp4_sec_0027.jpg,5,33.7123,173.4452,93.1518
M_347_1,M_347_1.mp4_sec_0028.jpg,1,37.1063,175.5782,96.7549
M_347_1,M_347_1.mp4_sec_0028.jpg,2,33.5418,173.8357,93.5743
M_347_1,M_347_1.mp4_sec_0028.jpg,3,37.5246,175.7455,97.1005
M_347_1,M_347_1.mp4_sec_0028.jpg,4,34.2282,174.3935,93.0451
M_347_1,M_347_1.mp4_sec_0028.jpg,5,34.3279,174.1758,95.1672
M_347_1,M_347_1.mp4_sec_0029.jpg,1,35.5244,174.8943,95.3817
M_347_1,M_347_1.mp4_sec_0029.jpg,2,44.367,176.4495,100.8279
M_347_1,M_347_1.mp4_sec_0029.jpg,3,35.3515,173.2712,95.4853
M_347_1,M_347_1.mp4_sec_0029.jpg,4,34.3854,173.7689,93.4679
M_347_1,M_347_1.mp4_sec_0029.jpg,5,33.7656,174.6119,95.157
M_347_1,M_347_1.mp4_sec_0030.jpg,1,35.3509,173.3672,94.1829
M_347_1,M_347_1.mp4_sec_0030.jpg,2,32.4615,173.6208,94.1487
M_347_1,M_347_1.mp4_sec_0030.jpg,3,33.9282,174.3719,92.9882
M_347_1,M_347_1.mp4_sec_0030.jpg,4,33.5679,174.6593,95.0203
M_347_1,M_347_1.mp4_sec_0030.jpg,5,33.3146,173.9648,94.9228
M_347_2,M_347_2.mp4_sec_0000.jpg,1,35.3778,174.586,95.3262
M_347_2,M_347_2.mp4_sec_0000.jpg,2,36.2929,174.4497,96.3983
M_347_2,M_347_2.mp4_sec_0000.jpg,3,32.6342,173.4494,94.0849
M_347_2,M_347_2.mp4_sec_0000.jpg,4,32.9373,173.6369,93.487
M_347_2,M_347_2.mp4_sec_0000.jpg,5,35.0772,172.3931,93.8518
M_347_2,M_347_2.mp4_sec_0001.jpg,1,33.3277,173.5399,94.6452
M_347_2,M_347_2.mp4_sec_0001.jpg,2,33.4969,174.4758,92.8562
M_347_2,M_347_2.mp4_sec_0001.jpg,3,40.3026,174.8881,98.3351
M_347_2,M_347_2.mp4_sec_0001.jpg,4,37.2333,174.2151,96.2491
M_347_2,M_347_2.mp4_sec_0001.jpg,5,33.4439,174.2193,92.8616
M_347_2,M_347_2.mp4_sec_0002.jpg,1,32.7238,173.4953,94.4645
M_347_2,M_347_2.mp4_sec_0002.jpg,2,33.9126,175.1023,93.9935
M_347_2,M_347_2.mp4_sec_0002.jpg,3,34.1195,173.9407,93.5754
M_347_2,M_347_2.mp4_sec_0002.jpg,4,33.2366,173.7728,94.7028
M_347_2,M_347_2.mp4_sec_0002.jpg,5,32.5349,173.4852,93.6177
M_347_2,M_347_2.mp4_sec_0003.jpg,1,37.8713,174.7604,97.4696
M_347_2,M_347_2.mp4_sec_0003.jpg,2,41.9961,175.6626,99.7565
M_347_2,M_347_2.mp4_sec_0003.jpg,3,32.6963,173.3229,93.2193
M_347_2,M_347_2.mp4_sec_0003.jpg,4,34.9332,172.9055,94.2462
M_347_2,M_347_2.mp4_sec_0003.jpg,5,33.3515,173.892,94.758
M_347_2,M_347_2.mp4_sec_0004.jpg,1,34.7722,174.3584,93.6081
M_347_2,M_347_2.mp4_sec_0004.jpg,2,33.9945,173.8497,93.6422
M_347_2,M_347_2.mp4_sec_0004.jpg,3,36.4596,175.2199,96.9375
M_347_2,M_347_2.mp4_sec_0004.jpg,4,32.9602,173.6294,94.2947
M_347_2,M_347_2.mp4_sec_0004.jpg,5,36.9101,174.1274,95.9084
M_347_2,M_347_2.mp4_sec_0005.jpg,1,33.4907,174.0596,93.416
M_347_2,M_347_2.mp4_sec_0005.jpg,2,35.2253,174.628,96.1388
M_347_2,M_347_2.mp4_sec_0005.jpg,3,34.7182,174.561,95.9082
M_347_2,M_347_2.mp4_sec_0005.jpg,4,33.3744,174.1382,94.6254
M_347_2,M_347_2.mp4_sec_0005.jpg,5,35.5155,174.6194,96.2391
M_347_2,M_347_2.mp4_sec_0006.jpg,1,37.3863,173.48,96.2519
M_347_2,M_347_2.mp4_sec_0006.jpg,2,38.2402,174.5594,94.8895
M_347_2,M_347_2.mp4_sec_0006.jpg,3,32.2643,173.3133,94.1664
M_347_2,M_347_2.mp4_sec_0006.jpg,4,33.5841,173.1423,93.3054
M_347_2,M_347_2.mp4_sec_0006.jpg,5,32.3228,173.388,94.1056
M_347_2,M_347_2.mp4_sec_0007.jpg,1,36.8165,174.1512,96.0244
M_347_2,M_347_2.mp4_sec_0007.jpg,2,34.4233,174.2396,93.3157
M_347_2,M_347_2.mp4_sec_0007.jpg,3,32.5548,173.5627,94.5207
M_347_2,M_347_2.mp4_sec_0007.jpg,4,34.6353,174.5153,93.5763
M_347_2,M_347_2.mp4_sec_0007.jpg,5,33.9919,173.2892,93.3488
M_347_2,M_347_2.mp4_sec_0008.jpg,1,33.1679,173.1002,93.7812
M_347_2,M_347_2.mp4_sec_0008.jpg,2,33.0493,174.0346,92.9545
M_347_2,M_347_2.mp4_sec_0008.jpg,3,36.9839,173.5313,96.5242
M_347_2,M_347_2.mp4_sec_0008.jpg,4,34.402,174.2582,93.0224
M_347_2,M_347_2.mp4_sec_0008.jpg,5,32.468,173.4643,94.385
M_347_2,M_347_2.mp4_sec_0009.jpg,1,34.0546,172.9855,93.5321
M_347_2,M_347_2.mp4_sec_0009.jpg,2,36.5259,174.4551,94.8693
M_347_2,M_347_2.mp4_sec_0009.jpg,3,33.0387,173.5972,94.1974
M_347_2,M_347_2.mp4_sec_0009.jpg,4,36.5784,173.657,96.4458
M_347_2,M_347_2.mp4_sec_0009.jpg,5,44.5323,176.2923,100.886
M_347_2,M_347_2.mp4_sec_0010.jpg,1,36.6601,173.8515,96.3879
M_347_2,M_347_2.mp4_sec_0010.jpg,2,33.7226,173.9702,92.867
M_347_2,M_347_2.mp4_sec_0010.jpg,3,35.9626,175.146,97.0614
M_347_2,M_347_2.mp4_sec_0010.jpg,4,35.3602,174.7909,96.2708
M_347_2,M_347_2.mp4_sec_0010.jpg,5,34.1974,173.5759,94.1469
M_347_2,M_347_2.mp4_sec_0011.jpg,1,33.638,174.0142,94.7349
M_347_2,M_347_2.mp4_sec_0011.jpg,2,34.1981,173.3182,93.7221
M_347_2,M_347_2.mp4_sec_0011.jpg,3,41.4016,175.5915,99.1761
M_347_2,M_347_2.mp4_sec_0011.jpg,4,43.5645,175.6426,100.8459
M_347_2,M_347_2.mp4_sec_0011.jpg,5,34.7711,174.2369,93.7303
M_347_2,M_347_2.mp4_sec_0012.jpg,1,34.9175,174.3084,93.2476
M_347_2,M_347_2.mp4_sec_0012.jpg,2,34.0128,174.3777,93.705
M_347_2,M_347_2.mp4_sec_0012.jpg,3,33.5815,173.4911,93.2298
M_347_2,M_347_2.mp4_sec_0012.jpg,4,42.8887,175.5635,99.7402
M_347_2,M_347_2.mp4_sec_0012.jpg,5,34.7371,173.3682,93.2538
M_347_2,M_347_2.mp4_sec_0013.jpg,1,33.2993,174.1374,92.9315
M_347_2,M_347_2.mp4_sec_0013.jpg,2,32.2286,173.2379,94.0149
M_347_2,M_347_2.mp4_sec_0013.jpg,3,32.7702,173.5521,94.5085
M_347_2,M_347_2.mp4_sec_0013.jpg,4,33.3457,174.3213,94.3569
M_347_2,M_347_2.mp4_sec_0013.jpg,5,34.4828,174.4954,95.7334
M_347_2,M_347_2.mp4_sec_0014.jpg,1,32.9661,173.6949,92.9646
M_347_2,M_347_2.mp4_sec_0014.jpg,2,34.3924,174.1165,93.7594
M_347_2,M_347_2.mp4_sec_0014.jpg,3,35.2497,174.662,96.127
M_347_2,M_347_2.mp4_sec_0014.jpg,4,34.2292,173.5525,94.4212
M_347_2,M_347_2.mp4_sec_0014.jpg,5,35.9847,174.1504,96.4671
M_347_2,M_347_2.mp4_sec_0015.jpg,1,34.0046,174.3175,94.3465
M_347_2,M_347_2.mp4_sec_0015.jpg,2,33.7838,174.139,92.7174
M_347_2,M_347_2.mp4_sec_0015.jpg,3,35.0621,174.3622,93.3492
M_347_2,M_347_2.mp4_sec_0015.jpg,4,33.9588,173.9324,93.1942
M_347_2,M_347_2.mp4_sec_0015.jpg,5,34.326,174.2269,93.9286
M_347_2,M_347_2.mp4_sec_0016.jpg,1,36.6435,174.6087,96.6653
M_347_2,M_347_2.mp4_sec_0016.jpg,2,36.5634,174.2174,95.8394
M_347_2,M_347_2.mp4_sec_0016.jpg,3,32.0834,173.1255,93.5884
M_347_2,M_347_2.mp4_sec_0016.jpg,4,34.3788,173.4043,94.1323
M_347_2,M_347_2.mp4_sec_0016.jpg,5,32.8353,173.475,94.1538
M_347_2,M_347_2.mp4_sec_0017.jpg,1,33.4158,173.3407,94.616
M_347_2,M_347_2.mp4_sec_0017.jpg,2,42.6924,175.705,100.1823
M_347_2,M_347_2.mp4_sec_0017.jpg,3,34.6189,174.1663,93.5385
M_347_2,M_347_2.mp4_sec_0017.jpg,4,34.5368,173.5379,93.2842
M_347_2,M_347_2.mp4_sec_0017.jpg,5,33.4919,174.0037,94.4098
M_347_2,M_347_2.mp4_sec_0018.jpg,1,43.5085,175.9174,100.6068
M_347_2,M_347_2.mp4_sec_0018.jpg,2,33.5563,174.4161,92.829
M_347_2,M_347_2.mp4_sec_0018.jpg,3,33.6474,173.4854,93.2687
M_347_2,M_347_2.mp4_sec_0018.jpg,4,36.2488,173.9673,96.6217
M_347_2,M_347_2.mp4_sec_0018.jpg,5,43.66,175.3657,99.7539
M_347_2,M_347_2.mp4_sec_0019.jpg,1,33.6092,174.2627,95.2305
M_347_2,M_347_2.mp4_sec_0019.jpg,2,45.1655,176.5337,101.5043
M_347_2,M_347_2.mp4_sec_0019.jpg,3,33.8885,174.0015,93.1127
M_347_2,M_347_2.mp4_sec_0019.jpg,4,33.6585,173.7834,93.8134
M_347_2,M_347_2.mp4_sec_0019.jpg,5,41.4079,175.4061,99.3389
M_347_2,M_347_2.mp4_sec_0020.jpg,1,39.2041,174.4443,97.2245
M_347_2,M_347_2.mp4_sec_0020.jpg,2,33.6198,174.0436,92.7328
M_347_2,M_347_2.mp4_sec_0020.jpg,3,33.0038,173.6244,94.0098
M_347_2,M_347_2.mp4_sec_0020.jpg,4,33.8042,173.7893,92.664
M_347_2,M_347_2.mp4_sec_0020.jpg,5,38.7919,173.9612,96.6456
M_347_2,M_347_2.mp4_sec_0021.jpg,1,31.9994,172.9646,93.9313
M_347_2,M_347_2.mp4_sec_0021.jpg,2,34.305,174.4112,95.4894
M_347_2,M_347_2.mp4_sec_0021.jpg,3,35.3421,173.999,94.9298
M_347_2,M_347_2.mp4_sec_0021.jpg,4,35.5309,173.0947,94.4867
M_347_2,M_347_2.mp4_sec_0021.jpg,5,32.3595,173.3857,94.0765
M_347_2,M_347_2.mp4_sec_0022.jpg,1,34.5774,173.4553,94.2002
M_347_2,M_347_2.mp4_sec_0022.jpg,2,35.7044,173.3746,94.0015
M_347_2,M_347_2.mp4_sec_0022.jpg,3,33.8511,174.1839,95.3633
M_347_2,M_347_2.mp4_sec_0022.jpg,4,32.6721,173.4435,94.2329
M_347_2,M_347_2.mp4_sec_0022.jpg,5,43.3951,175.6082,99.9791
M_347_2,M_347_2.mp4_sec_0023.jpg,1,46.084,177.0174,102.4047
M_347_2,M_347_2.mp4_sec_0023.jpg,2,42.0369,175.6682,99.545
M_347_2,M_347_2.mp4_sec_0023.jpg,3,34.0928,173.6213,92.5525
M_347_2,M_347_2.mp4_sec_0023.jpg,4,36.7982,174.0535,96.1362
M_347_2,M_347_2.mp4_sec_0023.jpg,5,44.6196,175.8849,101.1012
M_347_2,M_347_2.mp4_sec_0024.jpg,1,42.5588,175.6049,100.1038
M_347_2,M_347_2.mp4_sec_0024.jpg,2,37.38,174.4892,95.0105
M_347_2,M_347_2.mp4_sec_0024.jpg,3,42.6442,175.7627,99.9322
M_347_2,M_347_2.mp4_sec_0024.jpg,4,34.8808,173.9849,93.6988
M_347_2,M_347_2.mp4_sec_0024.jpg,5,32.5165,173.266,93.3585
M_347_2,M_347_2.mp4_sec_0025.jpg,1,33.8193,175.0815,94.1157
M_347_2,M_347_2.mp4_sec_0025.jpg,2,33.0771,174.1647,92.9065
M_347_2,M_347_2.mp4_sec_0025.jpg,3,33.5703,174.0731,93.0706
M_347_2,M_347_2.mp4_sec_0025.jpg,4,32.2628,173.4083,94.1149
M_347_2,M_347_2.mp4_sec_0025.jpg,5,38.288,174.8973,97.3855
M_347_2,M_347_2.mp4_sec_0026.jpg,1,43.4387,176.4414,100.5125
M_347_2,M_347_2.mp4_sec_0026.jpg,2,37.7933,174.9644,97.333
M_347_2,M_347_2.mp4_sec_0026.jpg,3,35.4756,174.6785,96.267
M_347_2,M_347_2.mp4_sec_0026.jpg,4,42.5263,175.4301,99.5427
M_347_2,M_347_2.mp4_sec_0026.jpg,5,33.9486,173.4175,94.1105
M_347_2,M_347_2.mp4_sec_0027.jpg,1,34.0821,174.9741,93.8467
M_347_2,M_347_2.mp4_sec_0027.jpg,2,34.1438,174.2902,93.8976
M_347_2,M_347_2.mp4_sec_0027.jpg,3,38.0165,173.3192,95.5823
M_347_2,M_347_2.mp4_sec_0027.jpg,4,33.6653,174.2367,92.8279
M_347_2,M_347_2.mp4_sec_0027.jpg,5,33.0645,173.2365,93.2046
M_347_2,M_347_2.mp4_sec_0028.jpg,1,36.5246,174.58,96.5519
M_347_2,M_347_2.mp4_sec_0028.jpg,2,34.0625,174.3903,95.5389
M_347_2,M_347_2.mp4_sec_0028.jpg,3,33.2675,173.5552,93.6324
M_347_2,M_347_2.mp4_sec_0028.jpg,4,32.7143,173.2729,93.4112
M_347_2,M_347_2.mp4_sec_0028.jpg,5,35.0168,173.5183,94.3968
M_347_2,M_347_2.mp4_sec_0029.jpg,1,38.7831,174.367,96.5743
M_347_2,M_347_2.mp4_sec_0029.jpg,2,34.3417,174.3263,93.8659
M_347_2,M_347_2.mp4_sec_0029.jpg,3,42.7864,175.4318,99.702
M_347_2,M_347_2.mp4_sec_0029.jpg,4,36.4355,174.118,96.6168
M_347_2,M_347_2.mp4_sec_0029.jpg,5,36.0784,174.9199,96.5873
M_347_2,M_347_2.mp4_sec_0030.jpg,1,34.5406,173.7041,94.0237
M_347_2,M_347_2.mp4_sec_0030.jpg,2,34.6778,174.3961,93.6942
M_347_2,M_347_2.mp4_sec_0030.jpg,3,38.4559,174.3024,95.3196
M_347_2,M_347_2.mp4_sec_0030.jpg,4,43.655,175.5003,99.8244
M_347_2,M_347_2.mp4_sec_0030.jpg,5,36.1945,173.6833,95.5621
M_347_2,M_347_2.mp4_sec_0031.jpg,1,34.4952,174.3824,93.7239
M_347_2,M_347_2.mp4_sec_0031.jpg,2,43.8129,175.7654,100.1763
M_347_2,M_347_2.mp4_sec_0031.jpg,3,34.666,173.4987,94.4577
M_347_2,M_347_2.mp4_sec_0031.jpg,4,32.1355,173.1915,93.8662
M_347_2,M_347_2.mp4_sec_0031.jpg,5,32.9535,173.738,94.4242
M_347_2,M_347_2.mp4_sec_0032.jpg,1,34.2907,173.8623,94.9239
M_347_2,M_347_2.mp4_sec_0032.jpg,2,36.7585,173.5617,95.5246
M_347_2,M_347_2.mp4_sec_0032.jpg,3,43.4284,176.1247,100.1429
M_347_2,M_347_2.mp4_sec_0032.jpg,4,37.9149,174.0304,96.6632
M_347_2,M_347_2.mp4_sec_0032.jpg,5,36.5364,174.5431,96.7055
M_347_2,M_347_2.mp4_sec_0033.jpg,1,36.7755,173.9553,96.5654
M_347_2,M_347_2.mp4_sec_0033.jpg,2,37.6485,175.0405,97.211
M_347_2,M_347_2.mp4_sec_0033.jpg,3,44.0461,175.7985,100.3866
M_347_2,M_347_2.mp4_sec_0033.jpg,4,35.3446,173.1305,95.1738
M_347_2,M_347_2.mp4_sec_0033.jpg,5,34.1094,173.2145,93.4001
M_347_2,M_347_2.mp4_sec_0034.jpg,1,45.1945,176.2867,101.7449
M_347_2,M_347_2.mp4_sec_0034.jpg,2,32.6338,173.3417,94.1949
M_347_2,M_347_2.mp4_sec_0034.jpg,3,34.2264,174.9499,93.9568
M_347_2,M_347_2.mp4_sec_0034.jpg,4,32.5376,173.1457,93.7342
M_347_2,M_347_2.mp4_sec_0034.jpg,5,32.6734,173.2792,93.6634
M_347_2,M_347_2.mp4_sec_0035.jpg,1,34.5591,173.4535,94.439
M_347_2,M_347_2.mp4_sec_0035.jpg,2,33.7311,172.7553,94.0962
M_347_2,M_347_2.mp4_sec_0035.jpg,3,32.7843,173.3853,93.9848
M_347_2,M_347_2.mp4_sec_0035.jpg,4,43.3554,175.7031,100.2081
M_347_2,M_347_2.mp4_sec_0035.jpg,5,34.576,174.3786,95.7325
M_347_2,M_347_2.mp4_sec_0036.jpg,1,39.6093,173.9556,97.1759
M_347_2,M_347_2.mp4_sec_0036.jpg,2,33.0972,173.6634,94.1348
M_347_2,M_347_2.mp4_sec_0036.jpg,3,33.1188,174.012,94.716
M_347_2,M_347_2.mp4_sec_0036.jpg,4,36.379,172.9011,95.6353
M_347_2,M_347_2.mp4_sec_0036.jpg,5,32.0214,173.0633,93.8652
M_347_2,M_347_2.mp4_sec_0037.jpg,1,43.3595,175.5221,100.7036
M_347_2,M_347_2.mp4_sec_0037.jpg,2,35.4829,174.4628,96.0562
M_347_2,M_347_2.mp4_sec_0037.jpg,3,32.3069,173.3339,94.1069
M_347_2,M_347_2.mp4_sec_0037.jpg,4,35.2172,174.1509,95.174
M_347_2,M_347_2.mp4_sec_0037.jpg,5,45.8753,176.061,102.2144
M_347_2,M_347_2.mp4_sec_0038.jpg,1,37.2644,173.8118,96.3494
M_347_2,M_347_2.mp4_sec_0038.jpg,2,33.1612,173.712,92.5641
M_347_2,M_347_2.mp4_sec_0038.jpg,3,40.6957,175.5453,98.8209
M_347_2,M_347_2.mp4_sec_0038.jpg,4,39.8144,173.9586,97.1698
M_347_2,M_347_2.mp4_sec_0038.jpg,5,46.7704,176.2784,102.0561
M_347_2,M_347_2.mp4_sec_0039.jpg,1,33.9791,173.6729,92.9175
M_347_2,M_347_2.mp4_sec_0039.jpg,2,33.9396,173.4237,94.3742
M_347_2,M_347_2.mp4_sec_0039.jpg,3,33.1791,174.1558,92.6309
M_347_2,M_347_2.mp4_sec_0039.jpg,4,32.4681,173.4719,94.4588
M_347_2,M_347_2.mp4_sec_0039.jpg,5,35.591,173.6831,94.5614
M_347_3,M_347_3.mp4_sec_0000.jpg,1,33.0317,173.1109,94.4437
M_347_3,M_347_3.mp4_sec_0000.jpg,2,34.5418,174.4851,95.2906
M_347_3,M_347_3.mp4_sec_0000.jpg,3,32.7753,173.9379,93.9909
M_347_3,M_347_3.mp4_sec_0000.jpg,4,33.368,173.2125,93.2846
M_347_3,M_347_3.mp4_sec_0000.jpg,5,32.2085,173.1477,94.1129
M_347_3,M_347_3.mp4_sec_0001.jpg,1,36.0044,173.8988,94.6451
M_347_3,M_347_3.mp4_sec_0001.jpg,2,33.6267,174.0317,95.1836
M_347_3,M_347_3.mp4_sec_0001.jpg,3,32.1061,173.0419,93.5844
M_347_3,M_347_3.mp4_sec_0001.jpg,4,34.7011,174.6192,95.9028
M_347_3,M_347_3.mp4_sec_0001.jpg,5,33.1937,174.0033,93.9847
M_347_3,M_347_3.mp4_sec_0002.jpg,1,33.9067,174.5077,93.0316
M_347_3,M_347_3.mp4_sec_0002.jpg,2,36.2041,174.3614,96.6736
M_347_3,M_347_3.mp4_sec_0002.jpg,3,32.8225,173.4936,94.3622
M_347_3,M_347_3.mp4_sec_0002.jpg,4,40.2247,175.2046,98.7487
M_347_3,M_347_3.mp4_sec_0002.jpg,5,43.874,175.9333,100.8946
M_347_3,M_347_3.mp4_sec_0003.jpg,1,33.7772,173.9075,93.1717
M_347_3,M_347_3.mp4_sec_0003.jpg,2,33.3202,173.8231,94.2333
M_347_3,M_347_3.mp4_sec_0003.jpg,3,33.0546,173.5381,94.041
M_347_3,M_347_3.mp4_sec_0003.jpg,4,33.254,173.8002,92.766
M_347_3,M_347_3.mp4_sec_0003.jpg,5,33.4468,174.5265,95.1431
M_347_3,M_347_3.mp4_sec_0004.jpg,1,36.6889,173.7491,95.1506
M_347_3,M_347_3.mp4_sec_0004.jpg,2,37.2472,174.3206,95.1671
M_347_3,M_347_3.mp4_sec_0004.jpg,3,34.6533,173.9386,93.4503
M_347_3,M_347_3.mp4_sec_0004.jpg,4,36.7424,173.8668,96.6723
M_347_3,M_347_3.mp4_sec_0004.jpg,5,33.1285,174.3724,92.5765
M_347_3,M_347_3.mp4_sec_0005.jpg,1,33.2681,173.8012,93.4384
M_347_3,M_347_3.mp4_sec_0005.jpg,2,36.9187,174.355,96.3173
M_347_3,M_347_3.mp4_sec_0005.jpg,3,32.5426,173.3757,94.0811
M_347_3,M_347_3.mp4_sec_0005.jpg,4,33.2797,173.7369,94.2298
M_347_3,M_347_3.mp4_sec_0005.jpg,5,33.2671,174.0832,93.5585
M_347_3,M_347_3.mp4_sec_0006.jpg,1,45.8784,177.4671,102.5699
M_347_3,M_347_3.mp4_sec_0006.jpg,2,34.0832,174.2762,93.2455
M_347_3,M_347_3.mp4_sec_0006.jpg,3,34.9026,173.6849,94.7034
M_347_3,M_347_3.mp4_sec_0006.jpg,4,33.7942,173.1473,94.9286
M_347_3,M_347_3.mp4_sec_0006.jpg,5,37.572,174.1487,94.7247
M_347_3,M_347_3.mp4_sec_0007.jpg,1,43.7041,175.8428,99.9442
M_347_3,M_347_3.mp4_sec_0007.jpg,2,38.3349,173.5619,95.6611
M_347_3,M_347_3.mp4_sec_0007.jpg,3,36.9941,173.07,95.6898
M_347_3,M_347_3.mp4_sec_0007.jpg,4,33.459,173.982,94.6156
M_347_3,M_347_3.mp4_sec_0007.jpg,5,43.3069,175.726,100.3056
M_347_3,M_347_3.mp4_sec_0008.jpg,1,36.7919,174.1674,96.138
M_347_3,M_347_3.mp4_sec_0008.jpg,2,36.2623,172.9785,95.7364
M_347_3,M_347_3.mp4_sec_0008.jpg,3,34.8819,173.1233,94.6612
M_347_3,M_347_3.mp4_sec_0008.jpg,4,36.7441,173.8366,96.3219
M_347_3,M_347_3.mp4_sec_0008.jpg,5,32.4613,173.264,93.8924
M_347_3,M_347_3.mp4_sec_0009.jpg,1,35.458,173.753,94.8471
M_347_3,M_347_3.mp4_sec_0009.jpg,2,33.288,173.4804,94.8705
M_347_3,M_347_3.mp4_sec_0009.jpg,3,34.1556,174.3835,93.1243
M_347_3,M_347_3.mp4_sec_0009.jpg,4,37.7226,174.5879,97.0054
M_347_3,M_347_3.mp4_sec_0009.jpg,5,36.2089,173.7416,94.6022
M_347_3,M_347_3.mp4_sec_0010.jpg,1,46.3607,176.6875,102.3934
M_347_3,M_347_3.mp4_sec_0010.jpg,2,32.5221,173.3985,94.4047
M_347_3,M_347_3.mp4_sec_0010.jpg,3,36.8371,172.7772,93.6655
M_347_3,M_347_3.mp4_sec_0010.jpg,4,41.7632,175.4611,99.2475
M_347_3,M_347_3.mp4_sec_0010.jpg,5,42.9151,175.1008,99.8558
M_347_3,M_347_3.mp4_sec_0011.jpg,1,33.555,173.6597,93.824
M_347_3,M_347_3.mp4_sec_0011.jpg,2,37.1192,174.3202,96.4365
M_347_3,M_347_3.mp4_sec_0011.jpg,3,32.524,173.4516,94.2855
M_347_3,M_347_3.mp4_sec_0011.jpg,4,42.9117,175.4053,99.9741
M_347_3,M_347_3.mp4_sec_0011.jpg,5,33.0852,173.6922,93.2667
M_347_3,M_347_3.mp4_sec_0012.jpg,1,32.6929,173.6068,94.5678
M_347_3,M_347_3.mp4_sec_0012.jpg,2,35.5024,173.1096,94.6443
M_347_3,M_347_3.mp4_sec_0012.jpg,3,32.7361,173.4613,93.9847
M_347_3,M_347_3.mp4_sec_0012.jpg,4,32.7413,173.5714,93.3888
M_347_3,M_347_3.mp4_sec_0012.jpg,5,42.734,175.7177,100.0685
M_347_3,M_347_3.mp4_sec_0013.jpg,1,36.9279,173.3844,95.852
M_347_3,M_347_3.mp4_sec_0013.jpg,2,33.1398,173.3997,94.5992
M_347_3,M_347_3.mp4_sec_0013.jpg,3,35.646,173.5215,94.9258
M_347_3,M_347_3.mp4_sec_0013.jpg,4,35.7141,173.3219,94.3305
M_347_3,M_347_3.mp4_sec_0013.jpg,5,39.0478,174.4739,97.4706
M_347_3,M_347_3.mp4_sec_0014.jpg,1,43.6552,175.6544,100.407
M_347_3,M_347_3.mp4_sec_0014.jpg,2,32.7464,173.3919,93.1555
M_347_3,M_347_3.mp4_sec_0014.jpg,3,44.5135,176.4007,100.9751
M_347_3,M_347_3.mp4_sec_0014.jpg,4,33.5324,174.7757,94.5374
M_347_3,M_347_3.mp4_sec_0014.jpg,5,34.4517,174.6443,93.6374
M_347_3,M_347_3.mp4_sec_0015.jpg,1,34.9784,173.1526,93.9922
M_347_3,M_347_3.mp4_sec_0015.jpg,2,33.7495,174.1004,93.9468
M_347_3,M_347_3.mp4_sec_0015.jpg,3,33.512,173.428,93.2698
M_347_3,M_347_3.mp4_sec_0015.jpg,4,32.9912,174.0752,92.812
M_347_3,M_347_3.mp4_sec_0015.jpg,5,41.9394,175.4819,99.2287
M_347_3,M_347_3.mp4_sec_0016.jpg,1,33.803,174.0694,94.8548
M_347_3,M_347_3.mp4_sec_0016.jpg,2,33.9086,173.9141,93.8876
M_347_3,M_347_3.mp4_sec_0016.jpg,3,41.228,175.5009,98.8581
M_347_3,M_347_3.mp4_sec_0016.jpg,4,34.4729,174.113,92.9818
M_347_3,M_347_3.mp4_sec_0016.jpg,5,34.2062,173.593,93.0478
M_347_3,M_347_3.mp4_sec_0017.jpg,1,34.0193,173.7998,92.8768
M_347_3,M_347_3.mp4_sec_0017.jpg,2,33.8409,174.4634,94.1945
M_347_3,M_347_3.mp4_sec_0017.jpg,3,40.1344,174.5248,97.9518
M_347_3,M_347_3.mp4_sec_0017.jpg,4,45.0465,176.8851,101.6959
M_347_3,M_347_3.mp4_sec_0017.jpg,5,44.5544,176.393,101.1622
M_347_3,M_347_3.mp4_sec_0018.jpg,1,32.7741,173.5219,94.0059
M_347_3,M_347_3.mp4_sec_0018.jpg,2,32.7321,173.5716,94.5286
M_347_3,M_347_3.mp4_sec_0018.jpg,3,36.8118,174.6814,96.6363
M_347_3,M_347_3.mp4_sec_0018.jpg,4,34.113,174.2035,95.4546
M_347_3,M_347_3.mp4_sec_0018.jpg,5,34.6391,173.4462,93.6168
M_347_3,M_347_3.mp4_sec_0019.jpg,1,36.4462,174.0172,94.1534
M_347_3,M_347_3.mp4_sec_0019.jpg,2,34.7797,174.8853,96.1065
M_347_3,M_347_3.mp4_sec_0019.jpg,3,32.7877,173.4488,92.7346
M_347_3,M_347_3.mp4_sec_0019.jpg,4,33.8761,173.5269,93.392
M_347_3,M_347_3.mp4_sec_0019.jpg,5,46.0964,176.8533,102.6678
M_347_3,M_347_3.mp4_sec_0020.jpg,1,33.2542,173.8815,94.4532
M_347_3,M_347_3.mp4_sec_0020.jpg,2,33.5937,173.7367,93.4799
M_347_3,M_347_3.mp4_sec_0020.jpg,3,34.6291,174.7027,95.8546
M_347_3,M_347_3.mp4_sec_0020.jpg,4,33.6798,174.6084,94.6599
M_347_3,M_347_3.mp4_sec_0020.jpg,5,33.2468,173.1533,94.8395
M_347_3,M_347_3.mp4_sec_0021.jpg,1,40.4016,174.2343,98.0511
M_347_3,M_347_3.mp4_sec_0021.jpg,2,32.8455,173.2503,94.0761
M_347_3,M_347_3.mp4_sec_0021.jpg,3,40.384,175.0727,98.4247
M_347_3,M_347_3.mp4_sec_0021.jpg,4,34.3645,173.4047,93.488
M_347_3,M_347_3.mp4_sec_0021.jpg,5,43.2802,175.4089,100.3563
M_347_3,M_347_3.mp4_sec_0022.jpg,1,32.8508,173.1779,93.4364
M_347_3,M_347_3.mp4_sec_0022.jpg,2,35.9248,174.7546,97.0189
M_347_3,M_347_3.mp4_sec_0022.jpg,3,33.075,173.9124,93.6198
M_347_3,M_347_3.mp4_sec_0022.jpg,4,37.2236,174.1027,94.7321
M_347_3,M_347_3.mp4_sec_0022.jpg,5,43.5942,176.0314,100.17
M_347_3,M_347_3.mp4_sec_0023.jpg,1,40.6237,175.4026,98.7743
M_347_3,M_347_3.mp4_sec_0023.jpg,2,33.3432,173.7447,94.1059
M_347_3,M_347_3.mp4_sec_0023.jpg,3,34.5306,174.3604,95.7214
M_347_3,M_347_3.mp4_sec_0023.jpg,4,36.2474,173.863,96.4324
M_347_3,M_347_3.mp4_sec_0023.jpg,5,33.3097,173.2851,93.1752
M_347_3,M_347_3.mp4_sec_0024.jpg,1,37.6213,174.848,97.1692
M_347_3,M_347_3.mp4_sec_0024.jpg,2,34.7847,174.7632,96.0448
M_347_3,M_347_3.mp4_sec_0024.jpg,3,34.2959,173.0744,93.4007
M_347_3,M_347_3.mp4_sec_0024.jpg,4,33.633,173.3129,92.9841
M_347_3,M_347_3.mp4_sec_0024.jpg,5,37.4919,174.5647,96.6313
M_347_3,M_347_3.mp4_sec_0025.jpg,1,32.2117,173.1876,94.1953
M_347_3,M_347_3.mp4_sec_0025.jpg,2,46.5733,176.0664,101.4764
M_347_3,M_347_3.mp4_sec_0025.jpg,3,35.695,174.7053,96.4047
M_347_3,M_347_3.mp4_sec_0025.jpg,4,32.0467,173.1297,93.8791
M_347_3,M_347_3.mp4_sec_0025.jpg,5,32.2542,173.5984,92.9457
M_347_3,M_347_3.mp4_sec_0026.jpg,1,33.1782,173.8657,92.6908
M_347_3,M_347_3.mp4_sec_0026.jpg,2,32.7697,174.4467,92.5605
M_347_3,M_347_3.mp4_sec_0026.jpg,3,33.525,173.9442,94.2488
M_347_3,M_347_3.mp4_sec_0026.jpg,4,37.1017,174.7026,96.8677
M_347_3,M_347_3.mp4_sec_0026.jpg,5,33.9895,173.808,94.4903
M_347_3,M_347_3.mp4_sec_0027.jpg,1,33.7428,174.4297,92.8877
M_347_3,M_347_3.mp4_sec_0027.jpg,2,39.1981,174.9134,98.0505
M_347_3,M_347_3.mp4_sec_0027.jpg,3,32.2335,173.2488,93.5733
M_347_3,M_347_3.mp4_sec_0027.jpg,4,33.6982,174.572,94.3236
M_347_3,M_347_3.mp4_sec_0027.jpg,5,34.7871,174.0478,93.3593
M_347_3,M_347_3.mp4_sec_0028.jpg,1,36.3496,172.6565,93.8545
M_347_3,M_347_3.mp4_sec_0028.jpg,2,35.7072,174.5538,96.2897
M_347_3,M_347_3.mp4_sec_0028.jpg,3,33.8585,174.507,92.9895
M_347_3,M_347_3.mp4_sec_0028.jpg,4,33.5278,174.0474,92.908
M_347_3,M_347_3.mp4_sec_0028.jpg,5,34.1212,172.8363,93.6649
M_347_3,M_347_3.mp4_sec_0029.jpg,1,36.2162,173.5784,94.7
M_347_3,M_347_3.mp4_sec_0029.jpg,2,33.6802,174.4375,94.1456
M_347_3,M_347_3.mp4_sec_0029.jpg,3,37.8366,174.0919,96.1111
M_347_3,M_347_3.mp4_sec_0029.jpg,4,35.2484,174.5834,95.8469
M_347_3,M_347_3.mp4_sec_0029.jpg,5,35.0501,174.5679,95.8769
M_347_3,M_347_3.mp4_sec_0030.jpg,1,34.1843,174.9599,94.0041
M_347_3,M_347_3.mp4_sec_0030.jpg,2,33.814,173.4533,94.7203
M_347_3,M_347_3.mp4_sec_0030.jpg,3,32.1938,173.1661,94.121
M_347_3,M_347_3.mp4_sec_0030.jpg,4,41.9793,175.2712,99.1911
M_347_3,M_347_3.mp4_sec_0030.jpg,5,33.8225,174.4551,95.373
M_348_1,M_348_1.mp4_sec_0000.jpg,1,32.4381,132.0832,67.5887
M_348_1,M_348_1.mp4_sec_0000.jpg,2,31.4484,130.4736,67.5845
M_348_1,M_348_1.mp4_sec_0000.jpg,3,30.0565,131.0896,65.2995
M_348_1,M_348_1.mp4_sec_0000.jpg,4,33.0621,132.5819,68.5789
M_348_1,M_348_1.mp4_sec_0000.jpg,5,33.5768,130.8562,71.3005
M_348_1,M_348_1.mp4_sec_0001.jpg,1,33.1446,132.6842,68.4759
M_348_1,M_348_1.mp4_sec_0001.jpg,2,27.9918,131.9179,65.307
M_348_1,M_348_1.mp4_sec_0001.jpg,3,32.8881,132.5225,68.2589
M_348_1,M_348_1.mp4_sec_0001.jpg,4,41.8193,135.92,77.6745
M_348_1,M_348_1.mp4_sec_0001.jpg,5,33.0874,132.1059,67.9337
M_348_1,M_348_1.mp4_sec_0002.jpg,1,28.1523,131.7554,65.9023
M_348_1,M_348_1.mp4_sec_0002.jpg,2,28.8926,131.8817,66.4479
M_348_1,M_348_1.mp4_sec_0002.jpg,3,31.5018,131.6181,69.4222
M_348_1,M_348_1.mp4_sec_0002.jpg,4,32.003,131.4281,68.4789
M_348_1,M_348_1.mp4_sec_0002.jpg,5,31.2166,131.2097,68.7337
M_348_1,M_348_1.mp4_sec_0003.jpg,1,37.2098,133.5594,76.7147
M_348_1,M_348_1.mp4_sec_0003.jpg,2,31.5774,130.1589,66.154
M_348_1,M_348_1.mp4_sec_0003.jpg,3,31.6378,131.0017,69.9144
M_348_1,M_348_1.mp4_sec_0003.jpg,4,31.483,131.3592,68.2697
M_348_1,M_348_1.mp4_sec_0003.jpg,5,27.7084,131.311,64.7088
M_348_1,M_348_1.mp4_sec_0004.jpg,1,32.6344,131.8202,67.6502
M_348_1,M_348_1.mp4_sec_0004.jpg,2,29.0433,131.1869,64.9953
M_348_1,M_348_1.mp4_sec_0004.jpg,3,28.9754,131.3153,64.9903
M_348_1,M_348_1.mp4_sec_0004.jpg,4,31.1404,131.912,68.3282
M_348_1,M_348_1.mp4_sec_0004.jpg,5,32.7247,132.3439,67.9985
M_348_1,M_348_1.mp4_sec_0005.jpg,1,28.5723,131.642,65.4896
M_348_1,M_348_1.mp4_sec_0005.jpg,2,31.0026,131.7997,66.7105
M_348_1,M_348_1.mp4_sec_0005.jpg,3,41.6988,135.0537,77.169
M_348_1,M_348_1.mp4_sec_0005.jpg,4,31.1475,130.6325,66.6309
M_348_1,M_348_1.mp4_sec_0005.jpg,5,29.0119,131.3403,66.0591
M_348_1,M_348_1.mp4_sec_0006.jpg,1,27.7732,131.7223,65.1143
M_348_1,M_348_1.mp4_sec_0006.jpg,2,31.9343,131.3392,67.7758
M_348_1,M_348_1.mp4_sec_0006.jpg,3,29.7872,131.4099,66.6794
M_348_1,M_348_1.mp4_sec_0006.jpg,4,33.6075,131.0191,70.8071
M_348_1,M_348_1.mp4_sec_0006.jpg,5,28.4298,131.3861,64.9445
M_348_1,M_348_1.mp4_sec_0007.jpg,1,31.8629,130.6216,68.6389
M_348_1,M_348_1.mp4_sec_0007.jpg,2,29.3779,132.0456,66.1911
M_348_1,M_348_1.mp4_sec_0007.jpg,3,33.86,130.5287,68.3927
M_348_1,M_348_1.mp4_sec_0007.jpg,4,28.3282,131.3368,64.979
M_348_1,M_348_1.mp4_sec_0007.jpg,5,32.3352,130.4681,69.2583
M_348_1,M_348_1.mp4_sec_0008.jpg,1,28.1594,131.7744,65.9376
M_348_1,M_348_1.mp4_sec_0008.jpg,2,28.6009,131.2174,64.8571
M_348_1,M_348_1.mp4_sec_0008.jpg,3,30.9995,130.3182,66.1975
M_348_1,M_348_1.mp4_sec_0008.jpg,4,28.4169,131.4058,66.2167
M_348_1,M_348_1.mp4_sec_0008.jpg,5,32.2085,131.9379,67.427
M_348_1,M_348_1.mp4_sec_0009.jpg,1,31.1212,131.617,66.1384
M_348_1,M_348_1.mp4_sec_0009.jpg,2,32.4346,132.1895,67.9058
M_348_1,M_348_1.mp4_sec_0009.jpg,3,31.6908,131.7788,66.6681
M_348_1,M_348_1.mp4_sec_0009.jpg,4,28.7921,131.2848,64.9805
M_348_1,M_348_1.mp4_sec_0009.jpg,5,33.2037,131.2828,67.937
M_348_1,M_348_1.mp4_sec_0010.jpg,1,36.6663,131.0467,74.5215
M_348_1,M_348_1.mp4_sec_0010.jpg,2,32.1515,131.7508,67.0296
M_348_1,M_348_1.mp4_sec_0010.jpg,3,33.7756,129.2371,70.4476
M_348_1,M_348_1.mp4_sec_0010.jpg,4,37.1183,133.3697,76.4412
M_348_1,M_348_1.mp4_sec_0010.jpg,5,28.9529,131.0298,64.9067
M_348_1,M_348_1.mp4_sec_0011.jpg,1,31.5535,130.5046,66.4613
M_348_1,M_348_1.mp4_sec_0011.jpg,2,27.8795,131.1621,64.6174
M_348_1,M_348_1.mp4_sec_0011.jpg,3,31.0084,131.6866,66.559
M_348_1,M_348_1.mp4_sec_0011.jpg,4,31.1006,131.5099,67.3554
M_348_1,M_348_1.mp4_sec_0011.jpg,5,28.9325,131.2393,65.5274
M_348_1,M_348_1.mp4_sec_0012.jpg,1,29.744,131.1548,67.3544
M_348_1,M_348_1.mp4_sec_0012.jpg,2,33.9514,131.993,68.9831
M_348_1,M_348_1.mp4_sec_0012.jpg,3,29.4539,131.3045,65.1312
M_348_1,M_348_1.mp4_sec_0012.jpg,4,29.9108,131.4234,65.3297
M_348_1,M_348_1.mp4_sec_0012.jpg,5,41.3327,134.9553,77.1555
M_348_1,M_348_1.mp4_sec_0013.jpg,1,32.106,130.8999,68.0812
M_348_1,M_348_1.mp4_sec_0013.jpg,2,34.6552,133.3505,70.1097
M_348_1,M_348_1.mp4_sec_0013.jpg,3,31.7433,130.1813,68.0992
M_348_1,M_348_1.mp4_sec_0013.jpg,4,35.2664,132.6254,70.2786
M_348_1,M_348_1.mp4_sec_0013.jpg,5,33.5553,131.9114,69.0382
M_348_1,M_348_1.mp4_sec_0014.jpg,1,28.937,131.1701,64.9538
M_348_1,M_348_1.mp4_sec_0014.jpg,2,34.1796,131.1789,69.2943
M_348_1,M_348_1.mp4_sec_0014.jpg,3,32.038,130.4571,66.9137
M_348_1,M_348_1.mp4_sec_0014.jpg,4,30.7191,131.5047,66.2572
M_348_1,M_348_1.mp4_sec_0014.jpg,5,28.6028,131.4266,65.4953
M_348_1,M_348_1.mp4_sec_0015.jpg,1,35.6979,132.1521,72.352
M_348_1,M_348_1.mp4_sec_0015.jpg,2,41.4841,134.9361,77.1236
M_348_1,M_348_1.mp4_sec_0015.jpg,3,27.8567,131.4483,65.1524
M_348_1,M_348_1.mp4_sec_0015.jpg,4,28.8607,131.9003,66.1041
M_348_1,M_348_1.mp4_sec_0015.jpg,5,32.9732,131.7337,68.052
M_348_1,M_348_1.mp4_sec_0016.jpg,1,45.4535,137.3415,82.1075
M_348_1,M_348_1.mp4_sec_0016.jpg,2,31.69,131.5582,68.4016
M_348_1,M_348_1.mp4_sec_0016.jpg,3,43.6625,135.0013,80.128
M_348_1,M_348_1.mp4_sec_0016.jpg,4,34.4425,132.1081,68.9989
M_348_1,M_348_1.mp4_sec_0016.jpg,5,29.7676,132.0727,66.5089
M_348_1,M_348_1.mp4_sec_0017.jpg,1,31.6272,131.4876,67.7928
M_348_1,M_348_1.mp4_sec_0017.jpg,2,29.5327,132.9306,66.9677
M_348_1,M_348_1.mp4_sec_0017.jpg,3,31.6457,130.4398,67.4748
M_348_1,M_348_1.mp4_sec_0017.jpg,4,32.7855,131.747,67.8165
M_348_1,M_348_1.mp4_sec_0017.jpg,5,30.531,131.2486,68.5144
M_348_1,M_348_1.mp4_sec_0018.jpg,1,32.0161,131.4153,67.0555
M_348_1,M_348_1.mp4_sec_0018.jpg,2,34.4892,131.4963,68.7937
M_348_1,M_348_1.mp4_sec_0018.jpg,3,32.8804,130.0809,69.216
M_348_1,M_348_1.mp4_sec_0018.jpg,4,45.9419,136.4241,83.1585
M_348_1,M_348_1.mp4_sec_0018.jpg,5,28.5113,131.4531,65.0066
M_348_1,M_348_1.mp4_sec_0019.jpg,1,31.5195,130.6384,67.3728
M_348_1,M_348_1.mp4_sec_0019.jpg,2,28.6227,131.8328,65.8795
M_348_1,M_348_1.mp4_sec_0019.jpg,3,31.5073,131.375,69.6807
M_348_1,M_348_1.mp4_sec_0019.jpg,4,31.8932,131.5993,69.9443
M_348_1,M_348_1.mp4_sec_0019.jpg,5,30.385,131.7143,66.3667
M_348_1,M_348_1.mp4_sec_0020.jpg,1,29.8434,131.8231,66.7244
M_348_1,M_348_1.mp4_sec_0020.jpg,2,31.0142,131.6822,67.3529
M_348_1,M_348_1.mp4_sec_0020.jpg,3,34.4087,130.625,70.642
M_348_1,M_348_1.mp4_sec_0020.jpg,4,29.7258,131.6022,66.5727
M_348_1,M_348_1.mp4_sec_0020.jpg,5,31.8112,131.6386,66.9936
M_348_1,M_348_1.mp4_sec_0021.jpg,1,29.0238,131.0962,64.9698
M_348_1,M_348_1.mp4_sec_0021.jpg,2,29.5818,131.1291,65.0212
M_348_1,M_348_1.mp4_sec_0021.jpg,3,31.8178,131.5799,68.3582
M_348_1,M_348_1.mp4_sec_0021.jpg,4,32.7184,130.7144,70.2771
M_348_1,M_348_1.mp4_sec_0021.jpg,5,31.0859,130.4469,66.0244
M_348_1,M_348_1.mp4_sec_0022.jpg,1,32.7948,131.5301,69.213
M_348_1,M_348_1.mp4_sec_0022.jpg,2,32.4968,131.4345,69.0814
M_348_1,M_348_1.mp4_sec_0022.jpg,3,28.5368,131.8391,65.8695
M_348_1,M_348_1.mp4_sec_0022.jpg,4,33.5455,129.1349,70.7683
M_348_1,M_348_1.mp4_sec_0022.jpg,5,32.9288,131.9223,67.9887
M_348_1,M_348_1.mp4_sec_0023.jpg,1,32.77,130.6732,68.3129
M_348_1,M_348_1.mp4_sec_0023.jpg,2,34.2727,131.2851,69.3689
M_348_1,M_348_1.mp4_sec_0023.jpg,3,30.3282,131.2311,68.1621
M_348_1,M_348_1.mp4_sec_0023.jpg,4,33.3078,129.2512,69.423
M_348_1,M_348_1.mp4_sec_0023.jpg,5,36.1594,132.8085,70.3244
M_348_1,M_348_1.mp4_sec_0024.jpg,1,34.4734,132.0447,69.3544
M_348_1,M_348_1.mp4_sec_0024.jpg,2,35.1233,132.393,70.6992
M_348_1,M_348_1.mp4_sec_0024.jpg,3,31.036,131.0297,66.7948
M_348_1,M_348_1.mp4_sec_0024.jpg,4,31.2576,131.0022,68.3144
M_348_1,M_348_1.mp4_sec_0024.jpg,5,32.7581,129.3118,68.8791
M_348_1,M_348_1.mp4_sec_0025.jpg,1,32.294,131.2825,67.802
M_348_1,M_348_1.mp4_sec_0025.jpg,2,27.9844,131.3034,64.7398
M_348_1,M_348_1.mp4_sec_0025.jpg,3,34.4956,132.1322,72.8615
M_348_1,M_348_1.mp4_sec_0025.jpg,4,31.7876,131.2376,68.2141
M_348_1,M_348_1.mp4_sec_0025.jpg,5,32.2441,131.2091,69.157
M_348_1,M_348_1.mp4_sec_0026.jpg,1,33.4087,131.7673,68.0358
M_348_1,M_348_1.mp4_sec_0026.jpg,2,31.9031,130.4788,67.9261
M_348_1,M_348_1.mp4_sec_0026.jpg,3,32.8118,131.3642,69.126
M_348_1,M_348_1.mp4_sec_0026.jpg,4,37.9259,134.0688,73.9834
M_348_1,M_348_1.mp4_sec_0026.jpg,5,30.0801,131.2463,66.8708
M_348_1,M_348_1.mp4_sec_0027.jpg,1,29.6004,131.4564,65.3291
M_348_1,M_348_1.mp4_sec_0027.jpg,2,31.933,131.4861,68.8049
M_348_1,M_348_1.mp4_sec_0027.jpg,3,30.8392,131.1409,66.3165
M_348_1,M_348_1.mp4_sec_0027.jpg,4,29.6771,131.3574,65.8828
M_348_1,M_348_1.mp4_sec_0027.jpg,5,29.3689,132.0891,66.0288
M_348_1,M_348_1.mp4_sec_0028.jpg,1,29.7116,131.3353,65.9934
M_348_1,M_348_1.mp4_sec_0028.jpg,2,28.1101,131.613,65.1108
M_348_1,M_348_1.mp4_sec_0028.jpg,3,31.946,130.0926,67.2512
M_348_1,M_348_1.mp4_sec_0028.jpg,4,31.9012,131.5078,68.2559
M_348_1,M_348_1.mp4_sec_0028.jpg,5,29.6771,131.3047,66.1261
M_348_1,M_348_1.mp4_sec_0029.jpg,1,31.4642,130.749,68.33
M_348_1,M_348_1.mp4_sec_0029.jpg,2,30.9341,131.6369,66.1402
M_348_1,M_348_1.mp4_sec_0029.jpg,3,27.5456,131.7183,65.0089
M_348_1,M_348_1.mp4_sec_0029.jpg,4,33.8903,131.8461,68.4175
M_348_1,M_348_1.mp4_sec_0029.jpg,5,27.1972,131.5365,64.7349
M_348_1,M_348_1.mp4_sec_0030.jpg,1,28.7192,131.2158,65.0475
M_348_1,M_348_1.mp4_sec_0030.jpg,2,30.1245,132.3359,66.8291
M_348_1,M_348_1.mp4_sec_0030.jpg,3,32.1521,132.174,67.1683
M_348_1,M_348_1.mp4_sec_0030.jpg,4,29.4637,131.1376,65.0371
M_348_1,M_348_1.mp4_sec_0030.jpg,5,32.3134,130.259,68.8536
M_348_2,M_348_2.mp4_sec_0000.jpg,1,31.0124,131.8217,66.8345
M_348_2,M_348_2.mp4_sec_0000.jpg,2,29.463,131.0039,64.8854
M_348_2,M_348_2.mp4_sec_0000.jpg,3,30.9351,131.5123,67.2143
M_348_2,M_348_2.mp4_sec_0000.jpg,4,31.7941,133.0356,67.9551
M_348_2,M_348_2.mp4_sec_0000.jpg,5,30.6914,131.5448,67.6111
M_348_2,M_348_2.mp4_sec_0001.jpg,1,28.4132,131.4378,65.0703
M_348_2,M_348_2.mp4_sec_0001.jpg,2,33.9053,130.1101,70.1335
M_348_2,M_348_2.mp4_sec_0001.jpg,3,36.314,133.2174,70.238
M_348_2,M_348_2.mp4_sec_0001.jpg,4,33.5012,131.8669,68.1205
M_348_2,M_348_2.mp4_sec_0001.jpg,5,33.2022,130.2994,68.9422
M_348_2,M_348_2.mp4_sec_0002.jpg,1,32.9922,131.7076,67.7986
M_348_2,M_348_2.mp4_sec_0002.jpg,2,33.1603,130.2477,70.3861
M_348_2,M_348_2.mp4_sec_0002.jpg,3,33.0807,131.6911,68.9513
M_348_2,M_348_2.mp4_sec_0002.jpg,4,29.8322,131.077,67.6141
M_348_2,M_348_2.mp4_sec_0002.jpg,5,32.8425,131.2028,68.347
M_348_2,M_348_2.mp4_sec_0003.jpg,1,32.5628,131.6999,67.4595
M_348_2,M_348_2.mp4_sec_0003.jpg,2,28.9911,131.3753,65.9359
M_348_2,M_348_2.mp4_sec_0003.jpg,3,33.8322,132.0064,68.3145
M_348_2,M_348_2.mp4_sec_0003.jpg,4,28.5792,130.9843,64.6647
M_348_2,M_348_2.mp4_sec_0003.jpg,5,27.7329,131.5369,64.964
M_348_2,M_348_2.mp4_sec_0004.jpg,1,29.0489,130.9299,64.7488
M_348_2,M_348_2.mp4_sec_0004.jpg,2,30.9375,131.0037,67.4269
M_348_2,M_348_2.mp4_sec_0004.jpg,3,33.6083,131.3223,67.7798
M_348_2,M_348_2.mp4_sec_0004.jpg,4,29.1299,131.193,65.95
M_348_2,M_348_2.mp4_sec_0004.jpg,5,32.7639,130.0217,69.0825
M_348_2,M_348_2.mp4_sec_0005.jpg,1,39.9637,134.1663,75.5618
M_348_2,M_348_2.mp4_sec_0005.jpg,2,36.8747,132.2919,76.0456
M_348_2,M_348_2.mp4_sec_0005.jpg,3,43.4541,135.6189,80.01
M_348_2,M_348_2.mp4_sec_0005.jpg,4,30.9596,131.9336,66.6487
M_348_2,M_348_2.mp4_sec_0005.jpg,5,31.2371,130.8734,67.8386
M_348_2,M_348_2.mp4_sec_0006.jpg,1,34.4588,131.848,69.7527
M_348_2,M_348_2.mp4_sec_0006.jpg,2,32.2632,131.9123,67.2749
M_348_2,M_348_2.mp4_sec_0006.jpg,3,46.8862,136.3207,84.056
M_348_2,M_348_2.mp4_sec_0006.jpg,4,32.9637,130.5424,70.1475
M_348_2,M_348_2.mp4_sec_0006.jpg,5,31.3952,130.7303,68.5716
M_348_2,M_348_2.mp4_sec_0007.jpg,1,29.3199,131.1214,65.0423
M_348_2,M_348_2.mp4_sec_0007.jpg,2,31.3301,130.8525,67.709
M_348_2,M_348_2.mp4_sec_0007.jpg,3,32.0971,129.6908,68.6571
M_348_2,M_348_2.mp4_sec_0007.jpg,4,35.0411,131.3614,73.0589
M_348_2,M_348_2.mp4_sec_0007.jpg,5,28.5644,131.2979,64.9246
M_348_2,M_348_2.mp4_sec_0008.jpg,1,33.1614,131.6238,67.9022
M_348_2,M_348_2.mp4_sec_0008.jpg,2,32.7824,133.5057,69.3231
M_348_2,M_348_2.mp4_sec_0008.jpg,3,30.1157,131.6362,66.1796
M_348_2,M_348_2.mp4_sec_0008.jpg,4,31.7873,131.554,68.8043
M_348_2,M_348_2.mp4_sec_0008.jpg,5,30.2424,131.4301,66.9137
M_348_2,M_348_2.mp4_sec_0009.jpg,1,29.6778,131.3961,66.1418
M_348_2,M_348_2.mp4_sec_0009.jpg,2,35.9648,132.1805,74.5828
M_348_2,M_348_2.mp4_sec_0009.jpg,3,32.096,131.453,67.2921
M_348_2,M_348_2.mp4_sec_0009.jpg,4,36.813,132.9935,75.8958
M_348_2,M_348_2.mp4_sec_0009.jpg,5,29.4343,131.1281,65.0413
M_348_2,M_348_2.mp4_sec_0010.jpg,1,34.6183,131.9368,70.9973
M_348_2,M_348_2.mp4_sec_0010.jpg,2,28.1068,131.3708,65.8112
M_348_2,M_348_2.mp4_sec_0010.jpg,3,31.3538,132.8635,68.1216
M_348_2,M_348_2.mp4_sec_0010.jpg,4,45.1241,136.0181,81.7024
M_348_2,M_348_2.mp4_sec_0010.jpg,5,32.5046,131.4675,67.9657
M_348_2,M_348_2.mp4_sec_0011.jpg,1,43.0655,135.3645,79.3719
M_348_2,M_348_2.mp4_sec_0011.jpg,2,32.9699,129.6,68.9283
M_348_2,M_348_2.mp4_sec_0011.jpg,3,31.4856,130.9996,68.2096
M_348_2,M_348_2.mp4_sec_0011.jpg,4,30.7631,131.5314,65.7784
M_348_2,M_348_2.mp4_sec_0011.jpg,5,32.5524,130.7481,70.1606
M_348_2,M_348_2.mp4_sec_0012.jpg,1,34.034,131.824,68.7116
M_348_2,M_348_2.mp4_sec_0012.jpg,2,29.3711,131.3043,65.2568
M_348_2,M_348_2.mp4_sec_0012.jpg,3,31.4363,130.444,69.0434
M_348_2,M_348_2.mp4_sec_0012.jpg,4,31.7324,130.5186,69.3036
M_348_2,M_348_2.mp4_sec_0012.jpg,5,29.4085,131.0942,67.3622
M_348_2,M_348_2.mp4_sec_0013.jpg,1,31.615,131.8389,66.8334
M_348_2,M_348_2.mp4_sec_0013.jpg,2,29.6821,131.1933,65.1985
M_348_2,M_348_2.mp4_sec_0013.jpg,3,46.6128,137.9314,84.246
M_348_2,M_348_2.mp4_sec_0013.jpg,4,35.1965,132.9259,69.9763
M_348_2,M_348_2.mp4_sec_0013.jpg,5,28.807,131.3522,65.0712
M_348_2,M_348_2.mp4_sec_0014.jpg,1,31.2443,131.0562,67.0771
M_348_2,M_348_2.mp4_sec_0014.jpg,2,29.7976,131.6193,65.4602
M_348_2,M_348_2.mp4_sec_0014.jpg,3,36.3008,131.0232,74.8717
M_348_2,M_348_2.mp4_sec_0014.jpg,4,28.1288,131.1939,64.7081
M_348_2,M_348_2.mp4_sec_0014.jpg,5,40.1021,134.1665,76.149
M_348_2,M_348_2.mp4_sec_0015.jpg,1,30.8013,131.6625,66.195
M_348_2,M_348_2.mp4_sec_0015.jpg,2,31.5816,131.1335,67.3175
M_348_2,M_348_2.mp4_sec_0015.jpg,3,28.0947,131.1885,64.7001
M_348_2,M_348_2.mp4_sec_0015.jpg,4,28.5459,131.1833,64.8502
M_348_2,M_348_2.mp4_sec_0015.jpg,5,29.3003,131.3008,67.2521
M_348_2,M_348_2.mp4_sec_0016.jpg,1,30.8108,131.5509,68.6324
M_348_2,M_348_2.mp4_sec_0016.jpg,2,33.1535,131.423,68.4323
M_348_2,M_348_2.mp4_sec_0016.jpg,3,28.7579,131.4026,65.0365
M_348_2,M_348_2.mp4_sec_0016.jpg,4,31.478,130.9757,68.1405
M_348_2,M_348_2.mp4_sec_0016.jpg,5,33.8589,131.5791,69.4019
M_348_2,M_348_2.mp4_sec_0017.jpg,1,31.6374,131.0608,67.8356
M_348_2,M_348_2.mp4_sec_0017.jpg,2,31.6769,131.7453,66.856
M_348_2,M_348_2.mp4_sec_0017.jpg,3,29.0208,130.896,64.9168
M_348_2,M_348_2.mp4_sec_0017.jpg,4,29.1513,131.4641,65.9663
M_348_2,M_348_2.mp4_sec_0017.jpg,5,33.0044,131.1427,68.1791
M_348_2,M_348_2.mp4_sec_0018.jpg,1,35.2054,130.374,72.5228
M_348_2,M_348_2.mp4_sec_0018.jpg,2,32.5287,131.7211,69.4597
M_348_2,M_348_2.mp4_sec_0018.jpg,3,38.0851,132.9927,73.1106
M_348_2,M_348_2.mp4_sec_0018.jpg,4,29.3145,131.337,65.1568
M_348_2,M_348_2.mp4_sec_0018.jpg,5,32.4626,132.9967,68.9409
M_348_2,M_348_2.mp4_sec_0019.jpg,1,34.7685,132.9114,70.5253
M_348_2,M_348_2.mp4_sec_0019.jpg,2,34.3142,132.1305,69.5431
M_348_2,M_348_2.mp4_sec_0019.jpg,3,36.4184,131.6864,75.1325
M_348_2,M_348_2.mp4_sec_0019.jpg,4,29.5487,131.6506,66.6686
M_348_2,M_348_2.mp4_sec_0019.jpg,5,31.7498,130.3666,68.7837
M_348_2,M_348_2.mp4_sec_0020.jpg,1,30.1145,131.3147,66.6583
M_348_2,M_348_2.mp4_sec_0020.jpg,2,33.4781,133.1645,69.245
M_348_2,M_348_2.mp4_sec_0020.jpg,3,30.4814,131.306,66.9618
M_348_2,M_348_2.mp4_sec_0020.jpg,4,29.3229,131.0801,66.0491
M_348_2,M_348_2.mp4_sec_0020.jpg,5,28.7125,131.4014,65.8916
M_348_2,M_348_2.mp4_sec_0021.jpg,1,28.0586,131.3768,64.8721
M_348_2,M_348_2.mp4_sec_0021.jpg,2,35.4636,132.9242,70.5789
M_348_2,M_348_2.mp4_sec_0021.jpg,3,28.7778,131.1216,64.8204
M_348_2,M_348_2.mp4_sec_0021.jpg,4,28.0015,131.1967,64.6969
M_348_2,M_348_2.mp4_sec_0021.jpg,5,30.1487,130.8304,67.1355
M_348_2,M_348_2.mp4_sec_0022.jpg,1,34.2941,130.6015,70.4973
M_348_2,M_348_2.mp4_sec_0022.jpg,2,31.385,132.0332,66.9238
M_348_2,M_348_2.mp4_sec_0022.jpg,3,32.1634,131.1978,66.9542
M_348_2,M_348_2.mp4_sec_0022.jpg,4,32.3839,133.311,68.3632
M_348_2,M_348_2.mp4_sec_0022.jpg,5,33.0174,131.6394,70.4231
M_348_2,M_348_2.mp4_sec_0023.jpg,1,32.5915,130.3775,69.4472
M_348_2,M_348_2.mp4_sec_0023.jpg,2,28.0666,131.7441,65.2992
M_348_2,M_348_2.mp4_sec_0023.jpg,3,29.5831,131.6504,65.5018
M_348_2,M_348_2.mp4_sec_0023.jpg,4,34.6935,131.3764,70.4954
M_348_2,M_348_2.mp4_sec_0023.jpg,5,46.2656,136.5809,83.5853
M_348_2,M_348_2.mp4_sec_0024.jpg,1,32.6487,132.995,68.5813
M_348_2,M_348_2.mp4_sec_0024.jpg,2,34.2929,131.679,69.7965
M_348_2,M_348_2.mp4_sec_0024.jpg,3,35.9839,132.5722,71.5401
M_348_2,M_348_2.mp4_sec_0024.jpg,4,30.8423,131.1305,66.3763
M_348_2,M_348_2.mp4_sec_0024.jpg,5,30.2754,131.5123,65.6649
M_348_2,M_348_2.mp4_sec_0025.jpg,1,33.3531,130.7683,69.0009
M_348_2,M_348_2.mp4_sec_0025.jpg,2,34.2734,131.2614,68.8914
M_348_2,M_348_2.mp4_sec_0025.jpg,3,33.6348,131.4284,69.2298
M_348_2,M_348_2.mp4_sec_0025.jpg,4,31.2686,130.9233,67.2436
M_348_2,M_348_2.mp4_sec_0025.jpg,5,33.5303,131.6326,67.9449
M_348_2,M_348_2.mp4_sec_0026.jpg,1,31.5928,130.5349,67.3038
M_348_2,M_348_2.mp4_sec_0026.jpg,2,32.1692,131.5129,67.4686
M_348_2,M_348_2.mp4_sec_0026.jpg,3,33.8578,132.0441,68.8925
M_348_2,M_348_2.mp4_sec_0026.jpg,4,27.575,131.364,64.7694
M_348_2,M_348_2.mp4_sec_0026.jpg,5,31.8411,131.3868,68.2109
M_348_2,M_348_2.mp4_sec_0027.jpg,1,43.2109,135.3181,79.6065
M_348_2,M_348_2.mp4_sec_0027.jpg,2,28.7253,130.9985,64.7247
M_348_2,M_348_2.mp4_sec_0027.jpg,3,31.5561,130.7409,68.555
M_348_2,M_348_2.mp4_sec_0027.jpg,4,28.8753,130.8888,64.674
M_348_2,M_348_2.mp4_sec_0027.jpg,5,39.9403,134.1737,75.3844
M_348_2,M_348_2.mp4_sec_0028.jpg,1,33.4117,132.2698,68.5224
M_348_2,M_348_2.mp4_sec_0028.jpg,2,31.6321,131.3014,68.1916
M_348_2,M_348_2.mp4_sec_0028.jpg,3,36.811,133.3749,76.5748
M_348_2,M_348_2.mp4_sec_0028.jpg,4,28.6643,131.5599,65.1652
M_348_2,M_348_2.mp4_sec_0028.jpg,5,33.8537,130.6079,69.5046
M_348_2,M_348_2.mp4_sec_0029.jpg,1,36.1771,133.2373,70.4587
M_348_2,M_348_2.mp4_sec_0029.jpg,2,28.7679,131.2621,64.9439
M_348_2,M_348_2.mp4_sec_0029.jpg,3,29.366,131.579,65.455
M_348_2,M_348_2.mp4_sec_0029.jpg,4,33.3938,131.9514,68.0385
M_348_2,M_348_2.mp4_sec_0029.jpg,5,30.4587,130.6745,66.0595
M_348_2,M_348_2.mp4_sec_0030.jpg,1,34.0597,131.8414,69.4203
M_348_2,M_348_2.mp4_sec_0030.jpg,2,29.0617,131.4181,65.1549
M_348_2,M_348_2.mp4_sec_0030.jpg,3,37.6306,132.9839,74.1192
M_348_2,M_348_2.mp4_sec_0030.jpg,4,27.8711,131.4302,64.8288
M_348_2,M_348_2.mp4_sec_0030.jpg,5,28.4821,131.5874,65.3106
M_348_2,M_348_2.mp4_sec_0031.jpg,1,28.2192,131.7313,65.2548
M_348_2,M_348_2.mp4_sec_0031.jpg,2,37.6241,133.4221,72.8963
M_348_2,M_348_2.mp4_sec_0031.jpg,3,32.9233,131.197,68.6747
M_348_2,M_348_2.mp4_sec_0031.jpg,4,31.3954,131.7762,66.6736
M_348_2,M_348_2.mp4_sec_0031.jpg,5,32.6667,131.8777,67.9202
M_348_3,M_348_3.mp4_sec_0000.jpg,1,28.9544,131.5802,65.4953
M_348_3,M_348_3.mp4_sec_0000.jpg,2,30.0854,131.3494,66.3763
M_348_3,M_348_3.mp4_sec_0000.jpg,3,36.7077,132.2745,73.555
M_348_3,M_348_3.mp4_sec_0000.jpg,4,30.8871,131.1272,66.8795
M_348_3,M_348_3.mp4_sec_0000.jpg,5,29.7344,131.6146,65.7064
M_348_3,M_348_3.mp4_sec_0001.jpg,1,29.8867,131.2484,65.5737
M_348_3,M_348_3.mp4_sec_0001.jpg,2,29.6565,131.3146,66.7587
M_348_3,M_348_3.mp4_sec_0001.jpg,3,32.5716,131.6056,68.4932
M_348_3,M_348_3.mp4_sec_0001.jpg,4,29.4052,131.0649,64.9405
M_348_3,M_348_3.mp4_sec_0001.jpg,5,31.6875,132.1407,67.3757
M_348_3,M_348_3.mp4_sec_0002.jpg,1,31.5996,131.6317,66.7663
M_348_3,M_348_3.mp4_sec_0002.jpg,2,33.4576,130.5401,69.9027
M_348_3,M_348_3.mp4_sec_0002.jpg,3,28.2056,131.0593,64.6975
M_348_3,M_348_3.mp4_sec_0002.jpg,4,31.3679,130.8816,68.6504
M_348_3,M_348_3.mp4_sec_0002.jpg,5,36.5791,131.2793,74.4669
M_348_3,M_348_3.mp4_sec_0003.jpg,1,30.5531,131.1836,66.3764
M_348_3,M_348_3.mp4_sec_0003.jpg,2,30.9153,131.3704,66.0926
M_348_3,M_348_3.mp4_sec_0003.jpg,3,31.8439,130.9666,67.372
M_348_3,M_348_3.mp4_sec_0003.jpg,4,29.1981,131.0166,65.5113
M_348_3,M_348_3.mp4_sec_0003.jpg,5,36.9869,132.7105,76.7154
M_348_3,M_348_3.mp4_sec_0004.jpg,1,33.7867,131.9577,69.2558
M_348_3,M_348_3.mp4_sec_0004.jpg,2,29.088,130.9353,64.7474
M_348_3,M_348_3.mp4_sec_0004.jpg,3,33.7249,129.5826,71.4971
M_348_3,M_348_3.mp4_sec_0004.jpg,4,28.4137,131.0106,64.6525
M_348_3,M_348_3.mp4_sec_0004.jpg,5,33.1353,132.0243,68.3855
M_348_3,M_348_3.mp4_sec_0005.jpg,1,29.6927,130.8172,66.6345
M_348_3,M_348_3.mp4_sec_0005.jpg,2,29.997,132.3583,66.7125
M_348_3,M_348_3.mp4_sec_0005.jpg,3,29.1327,130.8298,64.6847
M_348_3,M_348_3.mp4_sec_0005.jpg,4,42.7361,135.521,78.5917
M_348_3,M_348_3.mp4_sec_0005.jpg,5,33.2997,130.0476,70.2397
M_348_3,M_348_3.mp4_sec_0006.jpg,1,29.4001,131.008,65.148
M_348_3,M_348_3.mp4_sec_0006.jpg,2,36.6187,132.3381,73.69
M_348_3,M_348_3.mp4_sec_0006.jpg,3,39.0674,134.1338,73.9087
M_348_3,M_348_3.mp4_sec_0006.jpg,4,30.9951,130.973,67.8211
M_348_3,M_348_3.mp4_sec_0006.jpg,5,32.2685,130.7391,67.9781
M_348_3,M_348_3.mp4_sec_0007.jpg,1,35.4677,131.6453,73.7181
M_348_3,M_348_3.mp4_sec_0007.jpg,2,29.7023,132.0706,67.2019
M_348_3,M_348_3.mp4_sec_0007.jpg,3,35.3058,132.0363,72.3302
M_348_3,M_348_3.mp4_sec_0007.jpg,4,31.7265,130.9325,67.1101
M_348_3,M_348_3.mp4_sec_0007.jpg,5,34.2725,131.4067,71.4761
M_348_3,M_348_3.mp4_sec_0008.jpg,1,30.7696,131.4582,66.0042
M_348_3,M_348_3.mp4_sec_0008.jpg,2,34.7055,131.2519,70.3799
M_348_3,M_348_3.mp4_sec_0008.jpg,3,30.864,131.8242,66.3237
M_348_3,M_348_3.mp4_sec_0008.jpg,4,29.4569,131.3556,65.7574
M_348_3,M_348_3.mp4_sec_0008.jpg,5,30.2935,131.8656,65.8941
M_348_3,M_348_3.mp4_sec_0009.jpg,1,32.2406,131.2278,69.0165
M_348_3,M_348_3.mp4_sec_0009.jpg,2,34.3325,130.0754,70.6556
M_348_3,M_348_3.mp4_sec_0009.jpg,3,32.3944,132.0628,67.3809
M_348_3,M_348_3.mp4_sec_0009.jpg,4,29.4665,131.19,65.0469
M_348_3,M_348_3.mp4_sec_0009.jpg,5,34.0604,131.1848,69.6013
M_348_3,M_348_3.mp4_sec_0010.jpg,1,32.7775,131.2744,68.1521
M_348_3,M_348_3.mp4_sec_0010.jpg,2,33.7238,131.5818,68.6973
M_348_3,M_348_3.mp4_sec_0010.jpg,3,32.157,131.2085,67.7404
M_348_3,M_348_3.mp4_sec_0010.jpg,4,30.5119,131.0816,67.5869
M_348_3,M_348_3.mp4_sec_0010.jpg,5,32.1583,131.2154,67.4659
M_348_3,M_348_3.mp4_sec_0011.jpg,1,34.851,129.9555,72.5283
M_348_3,M_348_3.mp4_sec_0011.jpg,2,33.2853,131.3778,67.7867
M_348_3,M_348_3.mp4_sec_0011.jpg,3,30.319,131.473,65.7405
M_348_3,M_348_3.mp4_sec_0011.jpg,4,32.8589,130.6834,69.676
M_348_3,M_348_3.mp4_sec_0011.jpg,5,32.0882,130.2321,66.6245
M_348_3,M_348_3.mp4_sec_0012.jpg,1,33.1466,129.2226,70.7553
M_348_3,M_348_3.mp4_sec_0012.jpg,2,30.9259,131.7023,66.9781
M_348_3,M_348_3.mp4_sec_0012.jpg,3,31.9907,130.5911,68.972
M_348_3,M_348_3.mp4_sec_0012.jpg,4,30.2272,131.3826,65.575
M_348_3,M_348_3.mp4_sec_0012.jpg,5,31.7133,131.2085,67.3351
M_348_3,M_348_3.mp4_sec_0013.jpg,1,28.6411,131.0751,64.7629
M_348_3,M_348_3.mp4_sec_0013.jpg,2,29.4456,130.9774,66.6545
M_348_3,M_348_3.mp4_sec_0013.jpg,3,28.1842,130.8517,64.489
M_348_3,M_348_3.mp4_sec_0013.jpg,4,31.9698,131.1168,66.8252
M_348_3,M_348_3.mp4_sec_0013.jpg,5,34.2543,131.7286,69.2578
M_348_3,M_348_3.mp4_sec_0014.jpg,1,33.1274,131.8633,68.1628
M_348_3,M_348_3.mp4_sec_0014.jpg,2,31.5975,132.1648,67.0265
M_348_3,M_348_3.mp4_sec_0014.jpg,3,31.9881,131.2855,66.8928
M_348_3,M_348_3.mp4_sec_0014.jpg,4,31.4783,130.789,67.6145
M_348_3,M_348_3.mp4_sec_0014.jpg,5,29.9796,131.0588,67.3938
M_348_3,M_348_3.mp4_sec_0015.jpg,1,31.2732,130.7474,67.3138
M_348_3,M_348_3.mp4_sec_0015.jpg,2,32.2037,130.7585,66.7961
M_348_3,M_348_3.mp4_sec_0015.jpg,3,33.2929,131.7891,68.079
M_348_3,M_348_3.mp4_sec_0015.jpg,4,28.5709,130.899,64.5976
M_348_3,M_348_3.mp4_sec_0015.jpg,5,34.4712,132.732,72.3668
M_348_3,M_348_3.mp4_sec_0016.jpg,1,36.5288,131.5064,74.6489
M_348_3,M_348_3.mp4_sec_0016.jpg,2,36.9685,132.4174,76.1513
M_348_3,M_348_3.mp4_sec_0016.jpg,3,31.6919,131.3709,66.9233
M_348_3,M_348_3.mp4_sec_0016.jpg,4,29.8082,131.321,66.7887
M_348_3,M_348_3.mp4_sec_0016.jpg,5,43.4513,135.3485,79.7231
M_348_3,M_348_3.mp4_sec_0017.jpg,1,34.1435,130.7335,72.2424
M_348_3,M_348_3.mp4_sec_0017.jpg,2,33.7186,130.2536,69.4152
M_348_3,M_348_3.mp4_sec_0017.jpg,3,31.6217,130.3184,68.2934
M_348_3,M_348_3.mp4_sec_0017.jpg,4,32.3247,129.2695,67.8884
M_348_3,M_348_3.mp4_sec_0017.jpg,5,29.9648,131.95,67.2198
M_348_3,M_348_3.mp4_sec_0018.jpg,1,33.1637,130.7381,70.6697
M_348_3,M_348_3.mp4_sec_0018.jpg,2,29.357,131.3492,65.9598
M_348_3,M_348_3.mp4_sec_0018.jpg,3,47.7601,136.4786,85.3281
M_348_3,M_348_3.mp4_sec_0018.jpg,4,32.2193,129.7244,68.0662
M_348_3,M_348_3.mp4_sec_0018.jpg,5,32.0804,132.1713,67.4176
M_348_3,M_348_3.mp4_sec_0019.jpg,1,30.4849,131.1481,67.7928
M_348_3,M_348_3.mp4_sec_0019.jpg,2,28.2493,131.3798,65.0165
M_348_3,M_348_3.mp4_sec_0019.jpg,3,28.6347,131.7194,65.3522
M_348_3,M_348_3.mp4_sec_0019.jpg,4,29.3277,131.75,66.5677
M_348_3,M_348_3.mp4_sec_0019.jpg,5,28.1605,131.114,64.7663
M_348_3,M_348_3.mp4_sec_0020.jpg,1,31.4255,131.5736,66.6396
M_348_3,M_348_3.mp4_sec_0020.jpg,2,29.0856,131.1075,64.9792
M_348_3,M_348_3.mp4_sec_0020.jpg,3,38.3554,133.31,73.8204
M_348_3,M_348_3.mp4_sec_0020.jpg,4,32.2643,131.1382,68.3279
M_348_3,M_348_3.mp4_sec_0020.jpg,5,31.3768,131.8978,66.7532
M_348_3,M_348_3.mp4_sec_0021.jpg,1,31.9761,132.5475,67.6641
M_348_3,M_348_3.mp4_sec_0021.jpg,2,31.1634,130.6727,67.7158
M_348_3,M_348_3.mp4_sec_0021.jpg,3,28.9502,131.178,65.2895
M_348_3,M_348_3.mp4_sec_0021.jpg,4,28.7207,131.1625,65.0486
M_348_3,M_348_3.mp4_sec_0021.jpg,5,33.1333,130.1267,66.7777
M_348_3,M_348_3.mp4_sec_0022.jpg,1,29.9374,131.5077,67.1438
M_348_3,M_348_3.mp4_sec_0022.jpg,2,32.1338,132.1424,67.5681
M_348_3,M_348_3.mp4_sec_0022.jpg,3,29.5462,130.8227,64.7645
M_348_3,M_348_3.mp4_sec_0022.jpg,4,36.7019,132.3085,71.8775
M_348_3,M_348_3.mp4_sec_0022.jpg,5,30.8541,130.8629,68.1594
M_348_3,M_348_3.mp4_sec_0023.jpg,1,32.3777,131.5712,67.6081
M_348_3,M_348_3.mp4_sec_0023.jpg,2,30.9131,131.4188,68.7514
M_348_3,M_348_3.mp4_sec_0023.jpg,3,38.4036,133.6774,75.1491
M_348_3,M_348_3.mp4_sec_0023.jpg,4,32.2782,129.6252,68.8693
M_348_3,M_348_3.mp4_sec_0023.jpg,5,32.3156,131.2455,68.5259
M_348_3,M_348_3.mp4_sec_0024.jpg,1,35.8839,132.5402,73.8797
M_348_3,M_348_3.mp4_sec_0024.jpg,2,30.4036,131.2705,67.2474
M_348_3,M_348_3.mp4_sec_0024.jpg,3,30.7043,131.6928,66.1154
M_348_3,M_348_3.mp4_sec_0024.jpg,4,29.5657,131.2087,65.8755
M_348_3,M_348_3.mp4_sec_0024.jpg,5,33.4235,129.3618,70.2218
M_348_3,M_348_3.mp4_sec_0025.jpg,1,32.5364,132.1029,67.6579
M_348_3,M_348_3.mp4_sec_0025.jpg,2,32.7908,133.2062,68.9046
M_348_3,M_348_3.mp4_sec_0025.jpg,3,29.272,130.7451,64.4777
M_348_3,M_348_3.mp4_sec_0025.jpg,4,28.5692,131.5408,65.1782
M_348_3,M_348_3.mp4_sec_0025.jpg,5,29.1342,130.8211,64.7648
M_348_3,M_348_3.mp4_sec_0026.jpg,1,35.2472,130.8558,72.9974
M_348_3,M_348_3.mp4_sec_0026.jpg,2,29.213,131.9111,65.6325
M_348_3,M_348_3.mp4_sec_0026.jpg,3,31.6322,130.9608,66.9336
M_348_3,M_348_3.mp4_sec_0026.jpg,4,30.8609,130.9765,67.8185
M_348_3,M_348_3.mp4_sec_0026.jpg,5,28.0504,131.4757,65.5135
M_348_3,M_348_3.mp4_sec_0027.jpg,1,27.9183,131.2866,64.7144
M_348_3,M_348_3.mp4_sec_0027.jpg,2,30.9513,131.4302,67.5681
M_348_3,M_348_3.mp4_sec_0027.jpg,3,34.554,131.4975,69.2209
M_348_3,M_348_3.mp4_sec_0027.jpg,4,28.3392,131.7147,65.7891
M_348_3,M_348_3.mp4_sec_0027.jpg,5,32.2923,133.0061,69.1079
M_348_3,M_348_3.mp4_sec_0028.jpg,1,29.1709,131.1924,65.5071
M_348_3,M_348_3.mp4_sec_0028.jpg,2,36.7674,132.569,74.3529
M_348_3,M_348_3.mp4_sec_0028.jpg,3,34.7018,130.9711,71.8213
M_348_3,M_348_3.mp4_sec_0028.jpg,4,34.2538,131.7003,69.359
M_348_3,M_348_3.mp4_sec_0028.jpg,5,35.456,132.747,72.643
M_348_3,M_348_3.mp4_sec_0029.jpg,1,33.0386,130.7551,70.01
M_348_3,M_348_3.mp4_sec_0029.jpg,2,28.8454,131.871,65.6048
M_348_3,M_348_3.mp4_sec_0029.jpg,3,29.3373,131.1674,64.9798
M_348_3,M_348_3.mp4_sec_0029.jpg,4,32.6916,131.7589,68.3092
M_348_3,M_348_3.mp4_sec_0029.jpg,5,32.641,132.192,67.7805
M_348_3,M_348_3.mp4_sec_0030.jpg,1,34.5137,131.7035,68.8596
M_348_3,M_348_3.mp4_sec_0030.jpg,2,37.3185,131.9514,75.3439
M_348_3,M_348_3.mp4_sec_0030.jpg,3,30.9522,131.2861,66.3107
M_348_3,M_348_3.mp4_sec_0030.jpg,4,33.8695,130.8733,70.0694
M_348_3,M_348_3.mp4_sec_0030.jpg,5,30.9887,131.6491,66.1522
M_348_3,M_348_3.mp4_sec_0031.jpg,1,31.0444,130.8613,67.3624
M_348_3,M_348_3.mp4_sec_0031.jpg,2,33.5427,131.7326,68.0719
M_348_3,M_348_3.mp4_sec_0031.jpg,3,30.7287,132.2937,66.4012
M_348_3,M_348_3.mp4_sec_0031.jpg,4,33.1353,131.238,69.5009
M_348_3,M_348_3.mp4_sec_0031.jpg,5,35.9095,132.6767,73.9476
M_402_1,M_402_1.mp4_sec_0000.jpg,1,215.4349,218.4349,223.4349
M_402_1,M_402_1.mp4_sec_0000.jpg,2,215.7078,218.8142,223.6097
M_402_1,M_402_1.mp4_sec_0000.jpg,3,212.9073,218.1468,223.7385
M_402_1,M_402_1.mp4_sec_0000.jpg,4,215.4017,218.425,223.386
M_402_1,M_402_1.mp4_sec_0000.jpg,5,216.0,219.0,224.0
M_402_1,M_402_1.mp4_sec_0001.jpg,1,216.1775,219.1825,224.7006
M_402_1,M_402_1.mp4_sec_0001.jpg,2,216.1328,219.1356,224.3081
M_402_1,M_402_1.mp4_sec_0001.jpg,3,216.0,219.0,224.0
M_402_1,M_402_1.mp4_sec_0001.jpg,4,215.447,218.4563,225.0076
M_402_1,M_402_1.mp4_sec_0001.jpg,5,214.6039,218.1304,223.3777
M_402_1,M_402_1.mp4_sec_0002.jpg,1,216.7684,219.8167,224.7922
M_402_1,M_402_1.mp4_sec_0002.jpg,2,215.8155,219.0536,224.042
M_402_1,M_402_1.mp4_sec_0002.jpg,3,216.8151,219.8151,224.8151
M_402_1,M_402_1.mp4_sec_0002.jpg,4,216.8304,219.938,224.8838
M_402_1,M_402_1.mp4_sec_0002.jpg,5,216.2258,219.2258,224.2258
M_402_1,M_402_1.mp4_sec_0003.jpg,1,213.6801,216.7283,222.7089
M_402_1,M_402_1.mp4_sec_0003.jpg,2,212.7994,215.9914,222.6213
M_402_1,M_402_1.mp4_sec_0003.jpg,3,213.3526,217.225,223.6336
M_402_1,M_402_1.mp4_sec_0003.jpg,4,216.1766,219.3566,224.2656
M_402_1,M_402_1.mp4_sec_0003.jpg,5,215.9179,218.9179,223.9179
M_402_1,M_402_1.mp4_sec_0004.jpg,1,215.35,218.3699,223.3426
M_402_1,M_402_1.mp4_sec_0004.jpg,2,215.8934,218.8934,223.9048
M_402_1,M_402_1.mp4_sec_0004.jpg,3,213.1555,217.3081,223.5471
M_402_1,M_402_1.mp4_sec_0004.jpg,4,212.7989,215.7989,222.6908
M_402_1,M_402_1.mp4_sec_0004.jpg,5,215.8362,218.8568,223.839
M_402_1,M_402_1.mp4_sec_0005.jpg,1,215.9923,218.9923,224.0541
M_402_1,M_402_1.mp4_sec_0005.jpg,2,216.9227,219.9227,224.9227
M_402_1,M_402_1.mp4_sec_0005.jpg,3,214.834,217.8743,223.4855
M_402_1,M_402_1.mp4_sec_0005.jpg,4,214.6885,217.9309,223.4963
M_402_1,M_402_1.mp4_sec_0005.jpg,5,216.5447,219.5454,224.6159
M_402_1,M_402_1.mp4_sec_0006.jpg,1,215.9943,218.9972,223.9915
M_402_1,M_402_1.mp4_sec_0006.jpg,2,215.9922,218.9922,223.9922
M_402_1,M_402_1.mp4_sec_0006.jpg,3,216.6999,219.6999,224.6999
M_402_1,M_402_1.mp4_sec_0006.jpg,4,215.6715,219.3843,224.6432
M_402_1,M_402_1.mp4_sec_0006.jpg,5,216.0,219.0,224.0
M_402_1,M_402_1.mp4_sec_0007.jpg,1,215.5929,219.529,224.1498
M_402_1,M_402_1.mp4_sec_0007.jpg,2,214.7657,217.7657,222.7657
M_402_1,M_402_1.mp4_sec_0007.jpg,3,216.2861,219.5414,224.4553
M_402_1,M_402_1.mp4_sec_0007.jpg,4,214.9559,217.9926,223.6227
M_402_1,M_402_1.mp4_sec_0007.jpg,5,216.0011,219.0108,224.0056
M_402_1,M_402_1.mp4_sec_0008.jpg,1,214.1696,217.1696,222.1696
M_402_1,M_402_1.mp4_sec_0008.jpg,2,215.4221,218.4452,223.4336
M_402_1,M_402_1.mp4_sec_0008.jpg,3,214.4343,217.862,223.0462
M_402_1,M_402_1.mp4_sec_0008.jpg,4,215.5694,218.5694,223.5694
M_402_1,M_402_1.mp4_sec_0008.jpg,5,214.5469,217.7118,222.3968
M_402_1,M_402_1.mp4_sec_0009.jpg,1,216.3198,219.3198,224.3198
M_402_1,M_402_1.mp4_sec_0009.jpg,2,215.9957,219.226,224.1116
M_402_1,M_402_1.mp4_sec_0009.jpg,3,215.99,219.0043,224.059
M_402_1,M_402_1.mp4_sec_0009.jpg,4,212.694,215.7747,222.6988
M_402_1,M_402_1.mp4_sec_0009.jpg,5,215.67,218.67,223.6914
M_402_1,M_402_1.mp4_sec_0010.jpg,1,216.2505,219.2505,224.2505
M_402_1,M_402_1.mp4_sec_0010.jpg,2,213.0174,216.2325,222.952
M_402_1,M_402_1.mp4_sec_0010.jpg,3,214.7756,217.7914,222.9648
M_402_1,M_402_1.mp4_sec_0010.jpg,4,216.0446,219.2201,224.128
M_402_1,M_402_1.mp4_sec_0010.jpg,5,215.1178,218.1235,223.112
M_402_1,M_402_1.mp4_sec_0011.jpg,1,214.2015,217.2228,222.6642
M_402_1,M_402_1.mp4_sec_0011.jpg,2,215.9732,219.0293,224.0958
M_402_1,M_402_1.mp4_sec_0011.jpg,3,212.6971,215.7294,222.6994
M_402_1,M_402_1.mp4_sec_0011.jpg,4,214.7669,217.7669,222.8536
M_402_1,M_402_1.mp4_sec_0011.jpg,5,214.5439,217.588,223.1999
M_402_1,M_402_1.mp4_sec_0012.jpg,1,215.3422,218.3451,223.4769
M_402_1,M_402_1.mp4_sec_0012.jpg,2,216.0771,219.0707,224.1357
M_402_1,M_402_1.mp4_sec_0012.jpg,3,216.6489,219.7228,224.6851
M_402_1,M_402_1.mp4_sec_0012.jpg,4,213.7843,216.8344,221.7875
M_402_1,M_402_1.mp4_sec_0012.jpg,5,215.5729,218.5739,223.8205
M_402_1,M_402_1.mp4_sec_0013.jpg,1,215.0975,218.0975,223.4959
M_402_1,M_402_1.mp4_sec_0013.jpg,2,213.9998,216.9998,223.997
M_402_1,M_402_1.mp4_sec_0013.jpg,3,215.9982,218.9982,223.9982
M_402_1,M_402_1.mp4_sec_0013.jpg,4,214.0,217.0,224.0
M_402_1,M_402_1.mp4_sec_0013.jpg,5,214.1503,217.1503,223.9769
M_402_1,M_402_1.mp4_sec_0014.jpg,1,216.0892,219.1411,224.1105
M_402_1,M_402_1.mp4_sec_0014.jpg,2,212.6827,215.6827,222.6827
M_402_1,M_402_1.mp4_sec_0014.jpg,3,214.8804,218.0297,222.7319
M_402_1,M_402_1.mp4_sec_0014.jpg,4,214.1883,217.1891,222.2082
M_402_1,M_402_1.mp4_sec_0014.jpg,5,215.7731,218.7731,223.8641
M_402_1,M_402_1.mp4_sec_0015.jpg,1,214.8115,217.8115,222.8115
M_402_1,M_402_1.mp4_sec_0015.jpg,2,212.6947,215.7033,222.699
M_402_1,M_402_1.mp4_sec_0015.jpg,3,215.7405,218.7405,223.7405
M_402_1,M_402_1.mp4_sec_0015.jpg,4,215.6576,218.6576,223.6576
M_402_1,M_402_1.mp4_sec_0015.jpg,5,216.0059,219.0477,224.016
M_402_1,M_402_1.mp4_sec_0016.jpg,1,213.9988,217.2248,222.1103
M_402_1,M_402_1.mp4_sec_0016.jpg,2,212.7536,215.8523,222.7717
M_402_1,M_402_1.mp4_sec_0016.jpg,3,213.3273,217.3504,222.8404
M_402_1,M_402_1.mp4_sec_0016.jpg,4,215.1198,218.1326,223.1262
M_402_1,M_402_1.mp4_sec_0016.jpg,5,214.5828,217.5828,222.5828
M_402_1,M_402_1.mp4_sec_0017.jpg,1,213.5307,217.1509,222.976
M_402_1,M_402_1.mp4_sec_0017.jpg,2,214.68,217.8712,222.8097
M_402_1,M_402_1.mp4_sec_0017.jpg,3,215.9872,218.9872,223.9829
M_402_1,M_402_1.mp4_sec_0017.jpg,4,212.9311,215.9741,222.7926
M_402_1,M_402_1.mp4_sec_0017.jpg,5,212.9733,216.0117,222.8269
M_402_1,M_402_1.mp4_sec_0018.jpg,1,213.1579,216.196,222.8211
M_402_1,M_402_1.mp4_sec_0018.jpg,2,216.0063,219.0912,224.0487
M_402_1,M_402_1.mp4_sec_0018.jpg,3,216.0047,219.055,224.0299
M_402_1,M_402_1.mp4_sec_0018.jpg,4,212.617,216.5751,223.0543
M_402_1,M_402_1.mp4_sec_0018.jpg,5,216.0038,219.0282,224.016
M_402_1,M_402_1.mp4_sec_0019.jpg,1,215.8569,218.8641,223.9568
M_402_1,M_402_1.mp4_sec_0019.jpg,2,215.4792,218.535,223.5071
M_402_1,M_402_1.mp4_sec_0019.jpg,3,216.3406,219.3406,224.3406
M_402_1,M_402_1.mp4_sec_0019.jpg,4,213.5625,216.5668,222.6983
M_402_1,M_402_1.mp4_sec_0019.jpg,5,215.8788,218.8961,224.014
M_402_1,M_402_1.mp4_sec_0020.jpg,1,215.3269,218.4032,223.8058
M_402_1,M_402_1.mp4_sec_0020.jpg,2,215.4993,218.5817,223.5405
M_402_1,M_402_1.mp4_sec_0020.jpg,3,215.7534,218.8518,223.8115
M_402_1,M_402_1.mp4_sec_0020.jpg,4,213.0444,216.6505,223.1294
M_402_1,M_402_1.mp4_sec_0020.jpg,5,212.7079,216.4357,223.0512
M_402_1,M_402_1.mp4_sec_0021.jpg,1,216.8244,219.8244,224.8244
M_402_1,M_402_1.mp4_sec_0021.jpg,2,215.6526,218.6526,223.6526
M_402_1,M_402_1.mp4_sec_0021.jpg,3,215.3802,218.4378,223.4083
M_402_1,M_402_1.mp4_sec_0021.jpg,4,215.9236,218.9236,223.9833
M_402_1,M_402_1.mp4_sec_0021.jpg,5,215.4181,218.4218,223.8873
M_402_1,M_402_1.mp4_sec_0022.jpg,1,216.3321,219.3277,224.3277
M_402_1,M_402_1.mp4_sec_0022.jpg,2,216.3894,219.3894,224.3894
M_402_1,M_402_1.mp4_sec_0022.jpg,3,215.6486,218.6486,223.6486
M_402_1,M_402_1.mp4_sec_0022.jpg,4,216.4078,219.4144,224.4911
M_402_1,M_402_1.mp4_sec_0022.jpg,5,216.8874,219.8874,224.8874
M_402_1,M_402_1.mp4_sec_0023.jpg,1,216.0474,219.1149,224.0806
M_402_1,M_402_1.mp4_sec_0023.jpg,2,214.8378,217.8386,222.8544
M_402_1,M_402_1.mp4_sec_0023.jpg,3,215.4585,218.4585,223.6504
M_402_1,M_402_1.mp4_sec_0023.jpg,4,215.3849,218.3849,223.4253
M_402_1,M_402_1.mp4_sec_0023.jpg,5,216.7235,219.7242,224.7228
M_402_1,M_402_1.mp4_sec_0024.jpg,1,216.4959,219.4959,224.4959
M_402_1,M_402_1.mp4_sec_0024.jpg,2,214.3875,217.7514,222.5695
M_402_1,M_402_1.mp4_sec_0024.jpg,3,214.3189,217.6423,222.4753
M_402_1,M_402_1.mp4_sec_0024.jpg,4,215.1748,218.4598,223.317
M_402_1,M_402_1.mp4_sec_0024.jpg,5,216.2026,219.2026,224.2026
M_402_1,M_402_1.mp4_sec_0025.jpg,1,214.533,218.039,222.9879
M_402_1,M_402_1.mp4_sec_0025.jpg,2,214.4064,217.4006,222.4006
M_402_1,M_402_1.mp4_sec_0025.jpg,3,212.6629,215.6629,222.6629
M_402_1,M_402_1.mp4_sec_0025.jpg,4,215.518,218.5325,223.5253
M_402_1,M_402_1.mp4_sec_0025.jpg,5,213.5924,217.1609,223.158
M_402_1,M_402_1.mp4_sec_0026.jpg,1,213.1227,216.1227,222.7368
M_402_1,M_402_1.mp4_sec_0026.jpg,2,216.1583,219.1583,224.167
M_402_1,M_402_1.mp4_sec_0026.jpg,3,214.8664,217.8664,222.8664
M_402_1,M_402_1.mp4_sec_0026.jpg,4,214.2598,217.2598,222.2598
M_402_1,M_402_1.mp4_sec_0026.jpg,5,215.124,218.124,223.1473
M_402_1,M_402_1.mp4_sec_0027.jpg,1,215.7776,218.7545,223.9993
M_402_1,M_402_1.mp4_sec_0027.jpg,2,215.4654,218.4931,223.9892
M_402_1,M_402_1.mp4_sec_0027.jpg,3,215.4702,218.4659,223.9744
M_402_1,M_402_1.mp4_sec_0027.jpg,4,215.5857,218.5857,223.9969
M_402_1,M_402_1.mp4_sec_0027.jpg,5,215.6842,218.6842,223.7419
M_402_1,M_402_1.mp4_sec_0028.jpg,1,212.7086,216.2466,222.9495
M_402_1,M_402_1.mp4_sec_0028.jpg,2,214.3529,217.3529,222.4545
M_402_1,M_402_1.mp4_sec_0028.jpg,3,216.1596,219.1596,224.1596
M_402_1,M_402_1.mp4_sec_0028.jpg,4,213.8474,216.8477,222.6224
M_402_1,M_402_1.mp4_sec_0028.jpg,5,214.1832,217.1853,222.1832
M_402_1,M_402_1.mp4_sec_0029.jpg,1,215.3904,219.0769,223.8873
M_402_1,M_402_1.mp4_sec_0029.jpg,2,215.8552,218.8559,224.1821
M_402_1,M_402_1.mp4_sec_0029.jpg,3,214.8555,218.0311,223.4177
M_402_1,M_402_1.mp4_sec_0029.jpg,4,214.312,217.3721,222.8428
M_402_1,M_402_1.mp4_sec_0029.jpg,5,215.7896,219.1391,223.9613
M_402_1,M_402_1.mp4_sec_0030.jpg,1,215.4643,218.4643,223.4643
M_402_1,M_402_1.mp4_sec_0030.jpg,2,213.6381,216.6416,222.8413
M_402_1,M_402_1.mp4_sec_0030.jpg,3,214.0126,217.0126,222.0588
M_402_1,M_402_1.mp4_sec_0030.jpg,4,215.6915,218.6915,223.6915
M_402_1,M_402_1.mp4_sec_0030.jpg,5,215.3829,218.3829,223.3914
M_402_1,M_402_1.mp4_sec_0031.jpg,1,214.4371,217.4382,223.8905
M_402_1,M_402_1.mp4_sec_0031.jpg,2,214.6373,217.6373,223.5968
M_402_1,M_402_1.mp4_sec_0031.jpg,3,215.6955,218.6969,223.9989
M_402_1,M_402_1.mp4_sec_0031.jpg,4,215.2655,218.2896,224.0078
M_402_1,M_402_1.mp4_sec_0031.jpg,5,215.9698,218.9698,223.9961
M_402_1,M_402_1.mp4_sec_0032.jpg,1,216.1097,219.1327,224.1216
M_402_1,M_402_1.mp4_sec_0032.jpg,2,214.8243,218.8747,223.7414
M_402_1,M_402_1.mp4_sec_0032.jpg,3,215.2642,218.2676,223.5621
M_402_1,M_402_1.mp4_sec_0032.jpg,4,215.8869,218.9042,223.9818
M_402_1,M_402_1.mp4_sec_0032.jpg,5,214.0486,217.0534,222.4814
M_402_1,M_402_1.mp4_sec_0033.jpg,1,215.0288,218.0345,224.0213
M_402_1,M_402_1.mp4_sec_0033.jpg,2,214.4019,217.408,223.9282
M_402_1,M_402_1.mp4_sec_0033.jpg,3,215.0466,218.0494,223.9691
M_402_1,M_402_1.mp4_sec_0033.jpg,4,212.6898,215.8362,222.7637
M_402_1,M_402_1.mp4_sec_0033.jpg,5,215.8452,218.8452,223.9746
M_402_2,M_402_2.mp4_sec_0000.jpg,1,215.8708,219.3738,224.1459
M_402_2,M_402_2.mp4_sec_0000.jpg,2,216.4712,219.4776,224.4744
M_402_2,M_402_2.mp4_sec_0000.jpg,3,216.0084,219.0247,224.0158
M_402_2,M_402_2.mp4_sec_0000.jpg,4,213.6983,216.7011,222.6986
M_402_2,M_402_2.mp4_sec_0000.jpg,5,213.4202,217.2102,223.5075
M_402_2,M_402_2.mp4_sec_0001.jpg,1,216.0581,219.2051,224.1308
M_402_2,M_402_2.mp4_sec_0001.jpg,2,216.1585,219.1593,224.2278
M_402_2,M_402_2.mp4_sec_0001.jpg,3,213.0305,216.379,222.5889
M_402_2,M_402_2.mp4_sec_0001.jpg,4,215.2266,218.3324,223.3386
M_402_2,M_402_2.mp4_sec_0001.jpg,5,215.9948,219.2996,224.1421
M_402_2,M_402_2.mp4_sec_0002.jpg,1,213.0499,216.3371,222.7951
M_402_2,M_402_2.mp4_sec_0002.jpg,2,213.1143,216.115,222.8179
M_402_2,M_402_2.mp4_sec_0002.jpg,3,213.9623,216.9652,222.005
M_402_2,M_402_2.mp4_sec_0002.jpg,4,216.0068,219.0768,224.043
M_402_2,M_402_2.mp4_sec_0002.jpg,5,216.3811,219.3811,224.3811
M_402_2,M_402_2.mp4_sec_0003.jpg,1,214.2148,217.2155,222.4231
M_402_2,M_402_2.mp4_sec_0003.jpg,2,215.8868,219.0474,224.024
M_402_2,M_402_2.mp4_sec_0003.jpg,3,213.3982,216.3989,223.0201
M_402_2,M_402_2.mp4_sec_0003.jpg,4,213.8349,216.8356,222.8378
M_402_2,M_402_2.mp4_sec_0003.jpg,5,215.1965,218.1965,223.1965
M_402_2,M_402_2.mp4_sec_0004.jpg,1,215.1464,218.1649,223.1557
M_402_2,M_402_2.mp4_sec_0004.jpg,2,216.3724,219.3724,224.3724
M_402_2,M_402_2.mp4_sec_0004.jpg,3,216.6292,219.6292,224.6292
M_402_2,M_402_2.mp4_sec_0004.jpg,4,216.2928,219.5789,224.4341
M_402_2,M_402_2.mp4_sec_0004.jpg,5,213.7644,217.234,222.3356
M_402_2,M_402_2.mp4_sec_0005.jpg,1,215.6547,218.6547,223.777
M_402_2,M_402_2.mp4_sec_0005.jpg,2,215.9921,219.1825,224.0847
M_402_2,M_402_2.mp4_sec_0005.jpg,3,215.1502,218.1502,223.1502
M_402_2,M_402_2.mp4_sec_0005.jpg,4,215.2223,218.9239,223.7409
M_402_2,M_402_2.mp4_sec_0005.jpg,5,215.6943,218.6943,223.7464
M_402_2,M_402_2.mp4_sec_0006.jpg,1,215.8151,218.8151,223.8176
M_402_2,M_402_2.mp4_sec_0006.jpg,2,213.7908,217.4461,223.2185
M_402_2,M_402_2.mp4_sec_0006.jpg,3,213.1263,216.1154,222.759
M_402_2,M_402_2.mp4_sec_0006.jpg,4,212.6962,215.6875,222.6904
M_402_2,M_402_2.mp4_sec_0006.jpg,5,215.571,218.571,223.6378
M_402_2,M_402_2.mp4_sec_0007.jpg,1,216.616,219.616,224.616
M_402_2,M_402_2.mp4_sec_0007.jpg,2,214.8001,218.9711,223.7168
M_402_2,M_402_2.mp4_sec_0007.jpg,3,213.5882,216.5904,222.8447
M_402_2,M_402_2.mp4_sec_0007.jpg,4,216.5698,219.5698,224.5698
M_402_2,M_402_2.mp4_sec_0007.jpg,5,215.347,218.347,223.3557
M_402_2,M_402_2.mp4_sec_0008.jpg,1,215.3672,218.7886,223.7451
M_402_2,M_402_2.mp4_sec_0008.jpg,2,213.4628,217.1241,223.2475
M_402_2,M_402_2.mp4_sec_0008.jpg,3,216.2702,219.276,224.3185
M_402_2,M_402_2.mp4_sec_0008.jpg,4,216.5942,219.5942,224.5942
M_402_2,M_402_2.mp4_sec_0008.jpg,5,216.4109,219.4109,224.4109
M_402_2,M_402_2.mp4_sec_0009.jpg,1,212.8315,215.838,222.8222
M_402_2,M_402_2.mp4_sec_0009.jpg,2,212.7072,215.7375,222.7224
M_402_2,M_402_2.mp4_sec_0009.jpg,3,215.8543,218.8702,223.8615
M_402_2,M_402_2.mp4_sec_0009.jpg,4,214.2541,217.2541,222.2541
M_402_2,M_402_2.mp4_sec_0009.jpg,5,214.5263,217.663,222.617
M_402_2,M_402_2.mp4_sec_0010.jpg,1,214.642,217.642,222.642
M_402_2,M_402_2.mp4_sec_0010.jpg,2,214.6751,217.6751,222.6751
M_402_2,M_402_2.mp4_sec_0010.jpg,3,213.8644,216.9263,223.0566
M_402_2,M_402_2.mp4_sec_0010.jpg,4,214.5413,217.5413,222.5413
M_402_2,M_402_2.mp4_sec_0010.jpg,5,214.3956,217.3956,222.3956
M_402_2,M_402_2.mp4_sec_0011.jpg,1,213.1814,217.1509,223.3701
M_402_2,M_402_2.mp4_sec_0011.jpg,2,214.0569,217.0569,222.0569
M_402_2,M_402_2.mp4_sec_0011.jpg,3,215.9515,218.9515,223.9515
M_402_2,M_402_2.mp4_sec_0011.jpg,4,215.8387,218.8387,223.8387
M_402_2,M_402_2.mp4_sec_0011.jpg,5,214.6652,217.8483,222.4993
M_402_2,M_402_2.mp4_sec_0012.jpg,1,215.1868,218.2102,223.2221
M_402_2,M_402_2.mp4_sec_0012.jpg,2,216.0707,219.1426,224.1052
M_402_2,M_402_2.mp4_sec_0012.jpg,3,213.1153,216.116,222.9275
M_402_2,M_402_2.mp4_sec_0012.jpg,4,214.7049,217.724,223.3084
M_402_2,M_402_2.mp4_sec_0012.jpg,5,216.6517,219.6711,224.6614
M_402_2,M_402_2.mp4_sec_0013.jpg,1,214.6416,217.6416,224.029
M_402_2,M_402_2.mp4_sec_0013.jpg,2,214.8472,217.8493,223.7804
M_402_2,M_402_2.mp4_sec_0013.jpg,3,214.8961,217.8975,224.0268
M_402_2,M_402_2.mp4_sec_0013.jpg,4,215.0133,218.0538,223.1892
M_402_2,M_402_2.mp4_sec_0013.jpg,5,213.9359,217.2447,223.3058
M_402_2,M_402_2.mp4_sec_0014.jpg,1,215.1327,218.1327,223.1327
M_402_2,M_402_2.mp4_sec_0014.jpg,2,215.5546,218.5546,223.5546
M_402_2,M_402_2.mp4_sec_0014.jpg,3,212.9331,216.9862,222.8567
M_402_2,M_402_2.mp4_sec_0014.jpg,4,214.2564,217.6074,222.6139
M_402_2,M_402_2.mp4_sec_0014.jpg,5,214.3199,217.4983,222.8529
M_402_2,M_402_2.mp4_sec_0015.jpg,1,216.0173,219.0181,224.0648
M_402_2,M_402_2.mp4_sec_0015.jpg,2,215.8008,219.0612,224.0277
M_402_2,M_402_2.mp4_sec_0015.jpg,3,216.13,219.1329,224.5265
M_402_2,M_402_2.mp4_sec_0015.jpg,4,215.9701,218.9927,223.9806
M_402_2,M_402_2.mp4_sec_0015.jpg,5,216.0834,219.0834,224.2141
M_402_2,M_402_2.mp4_sec_0016.jpg,1,215.9751,219.1317,224.0554
M_402_2,M_402_2.mp4_sec_0016.jpg,2,216.2127,219.2127,224.2127
M_402_2,M_402_2.mp4_sec_0016.jpg,3,216.3102,219.3102,224.3102
M_402_2,M_402_2.mp4_sec_0016.jpg,4,216.506,219.506,224.506
M_402_2,M_402_2.mp4_sec_0016.jpg,5,213.9251,217.4446,222.4861
M_402_2,M_402_2.mp4_sec_0017.jpg,1,214.928,217.928,222.928
M_402_2,M_402_2.mp4_sec_0017.jpg,2,215.0425,218.0425,223.0425
M_402_2,M_402_2.mp4_sec_0017.jpg,3,213.5832,217.1544,222.8769
M_402_2,M_402_2.mp4_sec_0017.jpg,4,215.8159,218.8202,223.8202
M_402_2,M_402_2.mp4_sec_0017.jpg,5,214.898,217.898,222.898
M_402_2,M_402_2.mp4_sec_0018.jpg,1,215.7305,218.7575,223.7411
M_402_2,M_402_2.mp4_sec_0018.jpg,2,215.2569,218.2569,223.2569
M_402_2,M_402_2.mp4_sec_0018.jpg,3,214.1763,217.2122,222.8351
M_402_2,M_402_2.mp4_sec_0018.jpg,4,214.8072,217.8072,222.8072
M_402_2,M_402_2.mp4_sec_0018.jpg,5,213.838,216.8884,222.7425
M_402_2,M_402_2.mp4_sec_0019.jpg,1,214.8801,217.8801,222.8801
M_402_2,M_402_2.mp4_sec_0019.jpg,2,213.8458,217.1496,223.0654
M_402_2,M_402_2.mp4_sec_0019.jpg,3,215.7521,218.7521,223.7521
M_402_2,M_402_2.mp4_sec_0019.jpg,4,214.0179,217.0179,222.0201
M_402_2,M_402_2.mp4_sec_0019.jpg,5,215.7788,218.7816,223.7923
M_402_2,M_402_2.mp4_sec_0020.jpg,1,214.98,217.9753,223.6293
M_402_2,M_402_2.mp4_sec_0020.jpg,2,215.7673,218.7695,223.8157
M_402_2,M_402_2.mp4_sec_0020.jpg,3,215.1861,218.25,223.2201
M_402_2,M_402_2.mp4_sec_0020.jpg,4,214.024,217.024,222.138
M_402_2,M_402_2.mp4_sec_0020.jpg,5,215.4731,218.4803,223.8086
M_402_2,M_402_2.mp4_sec_0021.jpg,1,214.4982,217.4982,222.4982
M_402_2,M_402_2.mp4_sec_0021.jpg,2,214.8024,218.0359,222.9879
M_402_2,M_402_2.mp4_sec_0021.jpg,3,215.3115,218.3577,223.3342
M_402_2,M_402_2.mp4_sec_0021.jpg,4,214.408,217.6174,222.3404
M_402_2,M_402_2.mp4_sec_0021.jpg,5,213.4694,216.9675,222.8651
M_402_2,M_402_2.mp4_sec_0022.jpg,1,216.3921,219.3921,224.5734
M_402_2,M_402_2.mp4_sec_0022.jpg,2,214.3634,217.8905,223.5654
M_402_2,M_402_2.mp4_sec_0022.jpg,3,214.3831,217.3842,222.9208
M_402_2,M_402_2.mp4_sec_0022.jpg,4,216.01,219.0697,224.0398
M_402_2,M_402_2.mp4_sec_0022.jpg,5,216.2486,219.2486,224.2486
M_402_2,M_402_2.mp4_sec_0023.jpg,1,215.9423,218.9423,223.9423
M_402_2,M_402_2.mp4_sec_0023.jpg,2,213.5418,216.6885,222.5354
M_402_2,M_402_2.mp4_sec_0023.jpg,3,215.7186,218.7186,223.7186
M_402_2,M_402_2.mp4_sec_0023.jpg,4,215.7919,218.7919,223.7919
M_402_2,M_402_2.mp4_sec_0023.jpg,5,214.118,217.3895,222.252
M_402_2,M_402_2.mp4_sec_0024.jpg,1,214.6894,217.9595,223.177
M_402_2,M_402_2.mp4_sec_0024.jpg,2,214.4678,217.6931,223.734
M_402_2,M_402_2.mp4_sec_0024.jpg,3,216.0974,219.0974,224.0974
M_402_2,M_402_2.mp4_sec_0024.jpg,4,215.3747,218.454,224.2436
M_402_2,M_402_2.mp4_sec_0024.jpg,5,215.753,218.753,223.8468
M_402_2,M_402_2.mp4_sec_0025.jpg,1,214.47,217.47,222.7713
M_402_2,M_402_2.mp4_sec_0025.jpg,2,215.9211,218.9211,223.9211
M_402_2,M_402_2.mp4_sec_0025.jpg,3,215.6549,218.6549,223.6549
M_402_2,M_402_2.mp4_sec_0025.jpg,4,216.0009,219.0037,224.0023
M_402_2,M_402_2.mp4_sec_0025.jpg,5,214.1231,217.2543,221.9938
M_402_2,M_402_2.mp4_sec_0026.jpg,1,214.9623,217.978,222.9701
M_402_2,M_402_2.mp4_sec_0026.jpg,2,215.7283,218.7283,223.7283
M_402_2,M_402_2.mp4_sec_0026.jpg,3,214.0,217.0007,222.0753
M_402_2,M_402_2.mp4_sec_0026.jpg,4,214.6038,217.6038,222.8419
M_402_2,M_402_2.mp4_sec_0026.jpg,5,214.0869,217.0869,222.0869
M_402_2,M_402_2.mp4_sec_0027.jpg,1,214.0,217.0,222.1166
M_402_2,M_402_2.mp4_sec_0027.jpg,2,215.4465,218.4465,223.4465
M_402_2,M_402_2.mp4_sec_0027.jpg,3,215.0316,218.0444,223.038
M_402_2,M_402_2.mp4_sec_0027.jpg,4,215.4399,218.4399,223.4399
M_402_2,M_402_2.mp4_sec_0027.jpg,5,215.4947,218.4947,223.4947
M_402_2,M_402_2.mp4_sec_0028.jpg,1,212.7695,215.8061,222.7308
M_402_2,M_402_2.mp4_sec_0028.jpg,2,215.9658,219.5461,224.3012
M_402_2,M_402_2.mp4_sec_0028.jpg,3,214.3246,217.5053,223.4753
M_402_2,M_402_2.mp4_sec_0028.jpg,4,214.745,217.7493,224.4519
M_402_2,M_402_2.mp4_sec_0028.jpg,5,216.004,219.0975,224.0521
M_402_2,M_402_2.mp4_sec_0029.jpg,1,216.0,219.0,224.0
M_402_2,M_402_2.mp4_sec_0029.jpg,2,213.9479,216.9486,222.5016
M_402_2,M_402_2.mp4_sec_0029.jpg,3,214.2136,217.244,222.1839
M_402_2,M_402_2.mp4_sec_0029.jpg,4,214.1935,217.5787,222.8031
M_402_2,M_402_2.mp4_sec_0029.jpg,5,215.9035,218.895,223.895
M_402_2,M_402_2.mp4_sec_0030.jpg,1,212.978,216.0639,222.8124
M_402_2,M_402_2.mp4_sec_0030.jpg,2,215.7229,218.7229,224.0061
M_402_2,M_402_2.mp4_sec_0030.jpg,3,214.0256,217.0256,222.0256
M_402_2,M_402_2.mp4_sec_0030.jpg,4,215.3555,218.3555,224.0041
M_402_2,M_402_2.mp4_sec_0030.jpg,5,214.1044,217.1044,224.0034
M_402_3,M_402_3.mp4_sec_0000.jpg,1,213.5483,216.9131,221.149
M_402_3,M_402_3.mp4_sec_0000.jpg,2,214.559,217.559,222.559
M_402_3,M_402_3.mp4_sec_0000.jpg,3,214.2137,217.2137,222.4807
M_402_3,M_402_3.mp4_sec_0000.jpg,4,213.9674,217.147,222.9652
M_402_3,M_402_3.mp4_sec_0000.jpg,5,215.6685,218.6685,223.7276
M_402_3,M_402_3.mp4_sec_0001.jpg,1,212.64,215.64,222.64
M_402_3,M_402_3.mp4_sec_0001.jpg,2,214.2277,217.2507,222.2161
M_402_3,M_402_3.mp4_sec_0001.jpg,3,214.0669,217.0669,222.0669
M_402_3,M_402_3.mp4_sec_0001.jpg,4,215.9971,219.3079,224.1442
M_402_3,M_402_3.mp4_sec_0001.jpg,5,212.8804,215.9369,222.7107
M_402_3,M_402_3.mp4_sec_0002.jpg,1,215.715,219.6465,224.2899
M_402_3,M_402_3.mp4_sec_0002.jpg,2,216.1345,219.1345,224.1345
M_402_3,M_402_3.mp4_sec_0002.jpg,3,215.9655,219.3805,224.1672
M_402_3,M_402_3.mp4_sec_0002.jpg,4,216.0957,219.1,224.1158
M_402_3,M_402_3.mp4_sec_0002.jpg,5,216.034,219.3192,224.1537
M_402_3,M_402_3.mp4_sec_0003.jpg,1,212.9112,215.9112,222.8493
M_402_3,M_402_3.mp4_sec_0003.jpg,2,214.6761,217.6761,222.6761
M_402_3,M_402_3.mp4_sec_0003.jpg,3,215.533,218.533,223.533
M_402_3,M_402_3.mp4_sec_0003.jpg,4,214.0496,217.4248,221.7056
M_402_3,M_402_3.mp4_sec_0003.jpg,5,214.067,217.0677,222.0663
M_402_3,M_402_3.mp4_sec_0004.jpg,1,213.5895,216.7038,222.8691
M_402_3,M_402_3.mp4_sec_0004.jpg,2,215.6896,218.6745,223.6749
M_402_3,M_402_3.mp4_sec_0004.jpg,3,215.8017,218.7858,223.7765
M_402_3,M_402_3.mp4_sec_0004.jpg,4,215.2093,218.2093,223.2093
M_402_3,M_402_3.mp4_sec_0004.jpg,5,215.7803,218.7824,223.7813
M_402_3,M_402_3.mp4_sec_0005.jpg,1,214.8616,217.8616,223.008
M_402_3,M_402_3.mp4_sec_0005.jpg,2,215.4407,218.4407,223.4407
M_402_3,M_402_3.mp4_sec_0005.jpg,3,213.5952,217.0084,222.8012
M_402_3,M_402_3.mp4_sec_0005.jpg,4,214.0469,217.0469,222.0469
M_402_3,M_402_3.mp4_sec_0005.jpg,5,215.7607,218.7607,223.7607
M_402_3,M_402_3.mp4_sec_0006.jpg,1,216.0004,219.0004,224.0058
M_402_3,M_402_3.mp4_sec_0006.jpg,2,216.1868,219.1868,224.1868
M_402_3,M_402_3.mp4_sec_0006.jpg,3,215.8923,218.8923,223.8923
M_402_3,M_402_3.mp4_sec_0006.jpg,4,214.6359,217.6387,222.633
M_402_3,M_402_3.mp4_sec_0006.jpg,5,214.1401,217.1408,222.1437
M_402_3,M_402_3.mp4_sec_0007.jpg,1,215.7241,218.7248,224.6818
M_402_3,M_402_3.mp4_sec_0007.jpg,2,215.9247,218.9247,224.2452
M_402_3,M_402_3.mp4_sec_0007.jpg,3,212.9208,216.6409,223.148
M_402_3,M_402_3.mp4_sec_0007.jpg,4,213.9629,217.0314,223.3076
M_402_3,M_402_3.mp4_sec_0007.jpg,5,215.5601,218.6766,223.7811
M_402_3,M_402_3.mp4_sec_0008.jpg,1,214.0865,217.0865,222.4462
M_402_3,M_402_3.mp4_sec_0008.jpg,2,213.9424,217.4401,222.5406
M_402_3,M_402_3.mp4_sec_0008.jpg,3,213.9415,217.1832,222.4029
M_402_3,M_402_3.mp4_sec_0008.jpg,4,214.4312,217.4312,224.0012
M_402_3,M_402_3.mp4_sec_0008.jpg,5,214.4656,218.075,223.4939
M_402_3,M_402_3.mp4_sec_0009.jpg,1,215.321,218.3987,223.3548
M_402_3,M_402_3.mp4_sec_0009.jpg,2,215.9937,218.998,223.9894
M_402_3,M_402_3.mp4_sec_0009.jpg,3,212.6292,216.5193,223.0743
M_402_3,M_402_3.mp4_sec_0009.jpg,4,214.0,217.4826,222.3133
M_402_3,M_402_3.mp4_sec_0009.jpg,5,215.5567,218.5567,223.5567
M_402_3,M_402_3.mp4_sec_0010.jpg,1,215.4591,218.4591,223.4591
M_402_3,M_402_3.mp4_sec_0010.jpg,2,212.506,215.5492,222.5265
M_402_3,M_402_3.mp4_sec_0010.jpg,3,214.0926,217.094,222.4659
M_402_3,M_402_3.mp4_sec_0010.jpg,4,212.5767,216.2956,222.9207
M_402_3,M_402_3.mp4_sec_0010.jpg,5,214.8365,218.4366,223.1969
M_402_3,M_402_3.mp4_sec_0011.jpg,1,214.7411,217.7425,222.7397
M_402_3,M_402_3.mp4_sec_0011.jpg,2,212.5308,215.9435,222.6787
M_402_3,M_402_3.mp4_sec_0011.jpg,3,214.1301,217.2994,222.3918
M_402_3,M_402_3.mp4_sec_0011.jpg,4,215.9998,218.9998,223.9998
M_402_3,M_402_3.mp4_sec_0011.jpg,5,213.5781,216.7997,222.931
M_402_3,M_402_3.mp4_sec_0012.jpg,1,212.5299,216.4076,222.979
M_402_3,M_402_3.mp4_sec_0012.jpg,2,213.9879,217.5032,222.2456
M_402_3,M_402_3.mp4_sec_0012.jpg,3,214.5609,218.2114,223.1917
M_402_3,M_402_3.mp4_sec_0012.jpg,4,212.5169,215.5176,222.5172
M_402_3,M_402_3.mp4_sec_0012.jpg,5,214.7424,217.7488,222.7878
M_402_3,M_402_3.mp4_sec_0013.jpg,1,215.6605,218.6605,224.0094
M_402_3,M_402_3.mp4_sec_0013.jpg,2,212.4555,215.549,222.5022
M_402_3,M_402_3.mp4_sec_0013.jpg,3,214.0138,217.3124,222.1617
M_402_3,M_402_3.mp4_sec_0013.jpg,4,215.6909,218.6959,224.0275
M_402_3,M_402_3.mp4_sec_0013.jpg,5,214.5799,217.5817,223.9987
M_402_3,M_402_3.mp4_sec_0014.jpg,1,214.0,217.0,222.0
M_402_3,M_402_3.mp4_sec_0014.jpg,2,212.3065,215.6768,222.492
M_402_3,M_402_3.mp4_sec_0014.jpg,3,214.0,217.0,222.0
M_402_3,M_402_3.mp4_sec_0014.jpg,4,215.72,219.581,224.2026
M_402_3,M_402_3.mp4_sec_0014.jpg,5,212.6187,215.6187,222.6187
M_402_3,M_402_3.mp4_sec_0015.jpg,1,215.455,218.5517,223.5021
M_402_3,M_402_3.mp4_sec_0015.jpg,2,215.4942,218.5393,223.5127
M_402_3,M_402_3.mp4_sec_0015.jpg,3,213.8099,216.9941,222.7017
M_402_3,M_402_3.mp4_sec_0015.jpg,4,215.4179,218.4467,223.4424
M_402_3,M_402_3.mp4_sec_0015.jpg,5,216.0,219.0,224.0
M_402_3,M_402_3.mp4_sec_0016.jpg,1,215.1548,218.1647,223.1512
M_402_3,M_402_3.mp4_sec_0016.jpg,2,213.9972,217.5814,222.2893
M_402_3,M_402_3.mp4_sec_0016.jpg,3,215.7049,218.7333,223.7127
M_402_3,M_402_3.mp4_sec_0016.jpg,4,214.0807,217.7534,222.4591
M_402_3,M_402_3.mp4_sec_0016.jpg,5,215.9995,218.9995,223.9995
M_402_3,M_402_3.mp4_sec_0017.jpg,1,212.3068,215.875,222.6535
M_402_3,M_402_3.mp4_sec_0017.jpg,2,214.9304,217.9354,223.1717
M_402_3,M_402_3.mp4_sec_0017.jpg,3,214.8374,217.8619,223.4416
M_402_3,M_402_3.mp4_sec_0017.jpg,4,213.3418,216.5749,223.3158
M_402_3,M_402_3.mp4_sec_0017.jpg,5,214.3872,218.0155,223.4684
M_402_3,M_402_3.mp4_sec_0018.jpg,1,214.0413,217.1698,222.7065
M_402_3,M_402_3.mp4_sec_0018.jpg,2,213.7357,216.8635,222.9292
M_402_3,M_402_3.mp4_sec_0018.jpg,3,214.0232,217.0999,222.5405
M_402_3,M_402_3.mp4_sec_0018.jpg,4,214.9759,218.0292,223.0026
M_402_3,M_402_3.mp4_sec_0018.jpg,5,215.0358,218.1176,223.0712
M_402_3,M_402_3.mp4_sec_0019.jpg,1,212.3073,215.6601,222.5296
M_402_3,M_402_3.mp4_sec_0019.jpg,2,215.3758,219.9065,224.2199
M_402_3,M_402_3.mp4_sec_0019.jpg,3,212.387,216.2084,222.7903
M_402_3,M_402_3.mp4_sec_0019.jpg,4,215.8168,219.3897,224.118
M_402_3,M_402_3.mp4_sec_0019.jpg,5,214.661,218.1169,223.4398
M_402_3,M_402_3.mp4_sec_0020.jpg,1,216.0,219.0,224.0156
M_402_3,M_402_3.mp4_sec_0020.jpg,2,214.4371,217.7758,223.9593
M_402_3,M_402_3.mp4_sec_0020.jpg,3,214.6089,218.113,224.0851
M_402_3,M_402_3.mp4_sec_0020.jpg,4,216.0631,219.0631,226.0375
M_402_3,M_402_3.mp4_sec_0020.jpg,5,214.9154,217.919,224.0743
M_402_3,M_402_3.mp4_sec_0021.jpg,1,215.8698,218.8698,223.9871
M_402_3,M_402_3.mp4_sec_0021.jpg,2,215.3834,218.387,223.6618
M_402_3,M_402_3.mp4_sec_0021.jpg,3,215.1627,218.1627,223.9935
M_402_3,M_402_3.mp4_sec_0021.jpg,4,214.5891,217.5896,224.0088
M_402_3,M_402_3.mp4_sec_0021.jpg,5,216.0,219.0,224.0
M_402_3,M_402_3.mp4_sec_0022.jpg,1,215.3776,218.3726,224.0258
M_402_3,M_402_3.mp4_sec_0022.jpg,2,215.3141,218.317,223.9638
M_402_3,M_402_3.mp4_sec_0022.jpg,3,213.9348,217.0849,223.2242
M_402_3,M_402_3.mp4_sec_0022.jpg,4,214.7589,217.7536,223.4447
M_402_3,M_402_3.mp4_sec_0022.jpg,5,214.6923,217.6979,223.049
M_402_3,M_402_3.mp4_sec_0023.jpg,1,215.9561,218.9561,223.9561
M_402_3,M_402_3.mp4_sec_0023.jpg,2,213.5002,217.2878,222.8724
M_402_3,M_402_3.mp4_sec_0023.jpg,3,215.4645,218.4645,223.4645
M_402_3,M_402_3.mp4_sec_0023.jpg,4,214.0844,217.4476,222.2624
M_402_3,M_402_3.mp4_sec_0023.jpg,5,215.1219,218.1219,223.1219
M_402_3,M_402_3.mp4_sec_0024.jpg,1,214.4755,217.4812,223.7551
M_402_3,M_402_3.mp4_sec_0024.jpg,2,214.9601,217.9879,223.9006
M_402_3,M_402_3.mp4_sec_0024.jpg,3,214.0,217.0025,222.5094
M_402_3,M_402_3.mp4_sec_0024.jpg,4,214.0002,217.0045,222.743
M_402_3,M_402_3.mp4_sec_0024.jpg,5,212.4076,216.6829,222.9858
M_402_3,M_402_3.mp4_sec_0025.jpg,1,213.8205,216.8443,222.2105
M_402_3,M_402_3.mp4_sec_0025.jpg,2,213.9798,217.4913,222.4719
M_402_3,M_402_3.mp4_sec_0025.jpg,3,212.978,216.4657,221.9751
M_402_3,M_402_3.mp4_sec_0025.jpg,4,213.2686,218.0285,222.3066
M_402_3,M_402_3.mp4_sec_0025.jpg,5,214.004,217.2532,222.3961
M_402_3,M_402_3.mp4_sec_0026.jpg,1,212.4899,215.6064,222.548
M_402_3,M_402_3.mp4_sec_0026.jpg,2,214.0009,217.0421,222.6462
M_402_3,M_402_3.mp4_sec_0026.jpg,3,214.0075,217.4232,222.8786
M_402_3,M_402_3.mp4_sec_0026.jpg,4,214.0247,217.1676,223.2031
M_402_3,M_402_3.mp4_sec_0026.jpg,5,215.8404,218.8433,224.0167
M_402_3,M_402_3.mp4_sec_0027.jpg,1,213.0005,216.0005,223.0005
M_402_3,M_402_3.mp4_sec_0027.jpg,2,213.916,217.3936,222.6164
M_402_3,M_402_3.mp4_sec_0027.jpg,3,213.6855,217.0709,222.9813
M_402_3,M_402_3.mp4_sec_0027.jpg,4,212.6933,215.6933,222.6493
M_402_3,M_402_3.mp4_sec_0027.jpg,5,212.7184,215.8641,222.7777
M_402_3,M_402_3.mp4_sec_0028.jpg,1,214.0,217.0007,222.0817
M_402_3,M_402_3.mp4_sec_0028.jpg,2,213.9625,217.1743,221.7415
M_402_3,M_402_3.mp4_sec_0028.jpg,3,214.3541,217.3541,223.3474
M_402_3,M_402_3.mp4_sec_0028.jpg,4,210.7514,215.0579,217.2425
M_402_3,M_402_3.mp4_sec_0028.jpg,5,214.0,217.0007,222.0206
M_402_3,M_402_3.mp4_sec_0029.jpg,1,215.5846,218.5846,223.9968
M_402_3,M_402_3.mp4_sec_0029.jpg,2,215.1167,218.1189,223.5869
M_402_3,M_402_3.mp4_sec_0029.jpg,3,212.6901,215.7982,222.7484
M_402_3,M_402_3.mp4_sec_0029.jpg,4,213.1935,216.9145,223.5007
M_402_3,M_402_3.mp4_sec_0029.jpg,5,213.9908,217.0267,222.2033
M_402_3,M_402_3.mp4_sec_0030.jpg,1,214.0185,217.0185,222.1282
M_402_3,M_402_3.mp4_sec_0030.jpg,2,214.1606,217.8103,223.4156
M_402_3,M_402_3.mp4_sec_0030.jpg,3,212.927,216.7373,223.1541
M_402_3,M_402_3.mp4_sec_0030.jpg,4,214.2046,217.2809,223.1408
M_402_3,M_402_3.mp4_sec_0030.jpg,5,212.5346,215.69,222.5985
M_402_3,M_402_3.mp4_sec_0031.jpg,1,215.2955,218.3168,223.3061
M_402_3,M_402_3.mp4_sec_0031.jpg,2,212.5903,215.5981,222.5929
M_402_3,M_402_3.mp4_sec_0031.jpg,3,215.9664,218.9664,223.9664
M_402_3,M_402_3.mp4_sec_0031.jpg,4,213.9954,217.102,222.252
M_402_3,M_402_3.mp4_sec_0031.jpg,5,214.0101,217.2464,221.8438
M_444_1,M_444_1.mp4_sec_0000.jpg,1,212.6025,216.0411,221.5444
M_444_1,M_444_1.mp4_sec_0000.jpg,2,214.2846,220.4636,224.1017
M_444_1,M_444_1.mp4_sec_0000.jpg,3,215.0823,219.6084,223.9479
M_444_1,M_444_1.mp4_sec_0000.jpg,4,213.6622,221.8609,224.4839
M_444_1,M_444_1.mp4_sec_0000.jpg,5,214.4652,220.8095,224.325
M_444_1,M_444_1.mp4_sec_0001.jpg,1,214.4517,218.4908,222.9129
M_444_1,M_444_1.mp4_sec_0001.jpg,2,215.6994,218.8259,223.7717
M_444_1,M_444_1.mp4_sec_0001.jpg,3,212.0068,220.2276,223.0091
M_444_1,M_444_1.mp4_sec_0001.jpg,4,214.9694,219.0613,223.5736
M_444_1,M_444_1.mp4_sec_0001.jpg,5,215.6574,218.9026,223.7814
M_444_1,M_444_1.mp4_sec_0002.jpg,1,215.1301,218.2709,223.143
M_444_1,M_444_1.mp4_sec_0002.jpg,2,210.1919,215.3068,220.794
M_444_1,M_444_1.mp4_sec_0002.jpg,3,213.3977,219.5265,223.184
M_444_1,M_444_1.mp4_sec_0002.jpg,4,211.5254,215.4966,221.191
M_444_1,M_444_1.mp4_sec_0002.jpg,5,214.6687,217.8505,222.7202
M_444_1,M_444_1.mp4_sec_0003.jpg,1,213.2372,216.756,221.4917
M_444_1,M_444_1.mp4_sec_0003.jpg,2,215.0891,218.1519,223.1111
M_444_1,M_444_1.mp4_sec_0003.jpg,3,213.6479,219.1329,222.9742
M_444_1,M_444_1.mp4_sec_0003.jpg,4,214.2116,219.8656,223.7386
M_444_1,M_444_1.mp4_sec_0003.jpg,5,215.2886,218.3175,223.3009
M_444_1,M_444_1.mp4_sec_0004.jpg,1,214.1402,218.1915,222.6342
M_444_1,M_444_1.mp4_sec_0004.jpg,2,214.6583,218.298,222.9831
M_444_1,M_444_1.mp4_sec_0004.jpg,3,215.3024,218.3877,223.3451
M_444_1,M_444_1.mp4_sec_0004.jpg,4,215.3685,218.4723,223.4154
M_444_1,M_444_1.mp4_sec_0004.jpg,5,215.5554,218.6187,223.5764
M_444_1,M_444_1.mp4_sec_0005.jpg,1,214.1075,220.2484,223.9051
M_444_1,M_444_1.mp4_sec_0005.jpg,2,215.0816,219.3181,223.7838
M_444_1,M_444_1.mp4_sec_0005.jpg,3,213.1409,218.3806,222.4088
M_444_1,M_444_1.mp4_sec_0005.jpg,4,213.9478,220.5458,224.0155
M_444_1,M_444_1.mp4_sec_0005.jpg,5,212.6654,216.215,221.4495
M_444_1,M_444_1.mp4_sec_0006.jpg,1,215.2511,218.4531,223.3447
M_444_1,M_444_1.mp4_sec_0006.jpg,2,210.8429,216.3431,221.2326
M_444_1,M_444_1.mp4_sec_0006.jpg,3,211.4863,216.8607,221.6702
M_444_1,M_444_1.mp4_sec_0006.jpg,4,211.2054,214.82,220.4195
M_444_1,M_444_1.mp4_sec_0006.jpg,5,214.5743,220.3698,224.1692
M_444_1,M_444_1.mp4_sec_0007.jpg,1,213.8429,220.5933,224.0046
M_444_1,M_444_1.mp4_sec_0007.jpg,2,212.4501,217.6905,222.1249
M_444_1,M_444_1.mp4_sec_0007.jpg,3,213.384,219.0542,222.873
M_444_1,M_444_1.mp4_sec_0007.jpg,4,215.9869,218.9755,223.9755
M_444_1,M_444_1.mp4_sec_0007.jpg,5,212.7976,219.5032,222.9636
M_444_1,M_444_1.mp4_sec_0008.jpg,1,214.4924,217.5227,222.4883
M_444_1,M_444_1.mp4_sec_0008.jpg,2,215.4161,218.4204,223.4161
M_444_1,M_444_1.mp4_sec_0008.jpg,3,211.3321,216.8339,221.5195
M_444_1,M_444_1.mp4_sec_0008.jpg,4,215.1588,218.9813,223.621
M_444_1,M_444_1.mp4_sec_0008.jpg,5,213.9522,220.2738,223.8481
M_444_1,M_444_1.mp4_sec_0009.jpg,1,214.835,220.1726,224.1732
M_444_1,M_444_1.mp4_sec_0009.jpg,2,214.7298,219.4663,223.7197
M_444_1,M_444_1.mp4_sec_0009.jpg,3,215.9531,218.9684,223.9601
M_444_1,M_444_1.mp4_sec_0009.jpg,4,215.3864,219.5058,224.0244
M_444_1,M_444_1.mp4_sec_0009.jpg,5,214.9455,218.2137,223.0933
M_444_1,M_444_1.mp4_sec_0010.jpg,1,215.4892,219.2143,223.8997
M_444_1,M_444_1.mp4_sec_0010.jpg,2,213.7487,220.9766,224.1557
M_444_1,M_444_1.mp4_sec_0010.jpg,3,215.4095,218.9942,223.73
M_444_1,M_444_1.mp4_sec_0010.jpg,4,215.7385,218.9159,223.8301
M_444_1,M_444_1.mp4_sec_0010.jpg,5,215.6883,218.8773,223.7828
M_444_1,M_444_1.mp4_sec_0011.jpg,1,213.4407,218.1816,222.4066
M_444_1,M_444_1.mp4_sec_0011.jpg,2,215.4585,218.8411,223.6564
M_444_1,M_444_1.mp4_sec_0011.jpg,3,215.5503,218.5503,223.5503
M_444_1,M_444_1.mp4_sec_0011.jpg,4,214.1858,220.5523,224.1008
M_444_1,M_444_1.mp4_sec_0011.jpg,5,214.7855,217.7985,222.792
M_444_1,M_444_1.mp4_sec_0012.jpg,1,212.283,217.0776,221.6995
M_444_1,M_444_1.mp4_sec_0012.jpg,2,215.4126,218.699,223.5558
M_444_1,M_444_1.mp4_sec_0012.jpg,3,214.9248,218.3474,223.145
M_444_1,M_444_1.mp4_sec_0012.jpg,4,215.967,219.3294,224.1482
M_444_1,M_444_1.mp4_sec_0012.jpg,5,212.5229,215.5631,221.5816
M_444_1,M_444_1.mp4_sec_0013.jpg,1,214.4089,220.7834,224.3401
M_444_1,M_444_1.mp4_sec_0013.jpg,2,214.059,220.6866,224.1335
M_444_1,M_444_1.mp4_sec_0013.jpg,3,210.5832,214.7626,220.9537
M_444_1,M_444_1.mp4_sec_0013.jpg,4,215.2039,218.959,223.5893
M_444_1,M_444_1.mp4_sec_0013.jpg,5,214.615,218.9357,223.2888
M_444_1,M_444_1.mp4_sec_0014.jpg,1,214.2137,219.8243,223.691
M_444_1,M_444_1.mp4_sec_0014.jpg,2,214.4903,219.0528,223.3378
M_444_1,M_444_1.mp4_sec_0014.jpg,3,210.3319,214.7056,220.9749
M_444_1,M_444_1.mp4_sec_0014.jpg,4,211.5666,214.6885,221.0446
M_444_1,M_444_1.mp4_sec_0014.jpg,5,215.0317,218.9854,223.5556
M_444_1,M_444_1.mp4_sec_0015.jpg,1,211.0857,219.6896,222.3811
M_444_1,M_444_1.mp4_sec_0015.jpg,2,210.9021,217.8176,221.2213
M_444_1,M_444_1.mp4_sec_0015.jpg,3,211.2228,219.7848,222.5052
M_444_1,M_444_1.mp4_sec_0015.jpg,4,210.8698,217.7929,221.2073
M_444_1,M_444_1.mp4_sec_0015.jpg,5,210.4269,217.8927,221.0875
M_444_1,M_444_1.mp4_sec_0016.jpg,1,212.9163,217.6315,221.9794
M_444_1,M_444_1.mp4_sec_0016.jpg,2,215.618,219.0619,223.871
M_444_1,M_444_1.mp4_sec_0016.jpg,3,215.884,218.884,223.8797
M_444_1,M_444_1.mp4_sec_0016.jpg,4,210.3317,214.651,220.9998
M_444_1,M_444_1.mp4_sec_0016.jpg,5,214.313,220.4075,224.0799
M_444_1,M_444_1.mp4_sec_0017.jpg,1,213.5316,220.1055,223.583
M_444_1,M_444_1.mp4_sec_0017.jpg,2,211.3359,214.7201,220.7781
M_444_1,M_444_1.mp4_sec_0017.jpg,3,215.7599,218.7599,223.7556
M_444_1,M_444_1.mp4_sec_0017.jpg,4,214.8333,217.8438,222.833
M_444_1,M_444_1.mp4_sec_0017.jpg,5,211.4618,215.7145,221.2882
M_444_1,M_444_1.mp4_sec_0018.jpg,1,214.0839,217.2765,222.2044
M_444_1,M_444_1.mp4_sec_0018.jpg,2,213.9203,219.6771,223.4538
M_444_1,M_444_1.mp4_sec_0018.jpg,3,215.5521,218.869,223.7201
M_444_1,M_444_1.mp4_sec_0018.jpg,4,215.6632,218.8891,223.779
M_444_1,M_444_1.mp4_sec_0018.jpg,5,212.5123,217.5352,222.0126
M_444_1,M_444_1.mp4_sec_0019.jpg,1,214.2199,220.6555,224.1748
M_444_1,M_444_1.mp4_sec_0019.jpg,2,213.9812,219.8505,223.618
M_444_1,M_444_1.mp4_sec_0019.jpg,3,215.7181,219.1109,223.6347
M_444_1,M_444_1.mp4_sec_0019.jpg,4,213.7338,218.2576,222.5029
M_444_1,M_444_1.mp4_sec_0019.jpg,5,215.1901,218.7311,223.4628
M_444_1,M_444_1.mp4_sec_0020.jpg,1,215.401,219.1804,223.8404
M_444_1,M_444_1.mp4_sec_0020.jpg,2,214.2453,220.4423,223.6999
M_444_1,M_444_1.mp4_sec_0020.jpg,3,214.2731,218.5566,222.9711
M_444_1,M_444_1.mp4_sec_0020.jpg,4,213.77,220.9188,223.746
M_444_1,M_444_1.mp4_sec_0020.jpg,5,214.2834,217.3292,222.3505
M_444_1,M_444_1.mp4_sec_0021.jpg,1,216.0,219.0,224.0
M_444_1,M_444_1.mp4_sec_0021.jpg,2,211.1232,214.463,220.9859
M_444_1,M_444_1.mp4_sec_0021.jpg,3,210.5588,214.9401,220.9652
M_444_1,M_444_1.mp4_sec_0021.jpg,4,212.3584,215.8442,221.6035
M_444_1,M_444_1.mp4_sec_0021.jpg,5,215.1677,219.1939,223.7523
M_444_1,M_444_1.mp4_sec_0022.jpg,1,214.0801,220.4461,224.0115
M_444_1,M_444_1.mp4_sec_0022.jpg,2,211.8041,215.2161,221.3613
M_444_1,M_444_1.mp4_sec_0022.jpg,3,215.3555,219.6095,224.0693
M_444_1,M_444_1.mp4_sec_0022.jpg,4,213.2531,216.3238,222.0779
M_444_1,M_444_1.mp4_sec_0022.jpg,5,214.6338,220.7082,224.3984
M_444_1,M_444_1.mp4_sec_0023.jpg,1,214.6135,219.3285,223.5949
M_444_1,M_444_1.mp4_sec_0023.jpg,2,213.6115,216.7872,222.0004
M_444_1,M_444_1.mp4_sec_0023.jpg,3,214.3974,220.6241,224.2448
M_444_1,M_444_1.mp4_sec_0023.jpg,4,214.9944,217.9944,222.9944
M_444_1,M_444_1.mp4_sec_0023.jpg,5,211.6977,214.9378,220.5557
M_444_1,M_444_1.mp4_sec_0024.jpg,1,213.6095,217.0537,221.834
M_444_1,M_444_1.mp4_sec_0024.jpg,2,213.6612,217.045,221.9504
M_444_1,M_444_1.mp4_sec_0024.jpg,3,212.7265,218.7411,222.613
M_444_1,M_444_1.mp4_sec_0024.jpg,4,214.3207,219.6064,223.6215
M_444_1,M_444_1.mp4_sec_0024.jpg,5,214.8563,220.1082,224.1462
M_444_1,M_444_1.mp4_sec_0025.jpg,1,215.4008,219.5308,224.0433
M_444_1,M_444_1.mp4_sec_0025.jpg,2,215.6124,218.8405,223.5204
M_444_1,M_444_1.mp4_sec_0025.jpg,3,215.7902,219.0375,223.9271
M_444_1,M_444_1.mp4_sec_0025.jpg,4,215.5411,219.513,224.0954
M_444_1,M_444_1.mp4_sec_0025.jpg,5,215.5626,219.2911,223.978
M_444_1,M_444_1.mp4_sec_0026.jpg,1,212.4334,215.9165,221.4984
M_444_1,M_444_1.mp4_sec_0026.jpg,2,212.1613,216.732,221.4282
M_444_1,M_444_1.mp4_sec_0026.jpg,3,212.7994,218.4816,222.2612
M_444_1,M_444_1.mp4_sec_0026.jpg,4,212.2532,215.3341,221.1984
M_444_1,M_444_1.mp4_sec_0026.jpg,5,214.1324,217.43,222.318
M_444_1,M_444_1.mp4_sec_0027.jpg,1,215.277,218.4399,223.3575
M_444_1,M_444_1.mp4_sec_0027.jpg,2,214.8014,219.9287,223.7775
M_444_1,M_444_1.mp4_sec_0027.jpg,3,213.3134,221.119,223.9671
M_444_1,M_444_1.mp4_sec_0027.jpg,4,211.1302,216.4611,221.108
M_444_1,M_444_1.mp4_sec_0027.jpg,5,213.5382,220.0805,223.5474
M_444_1,M_444_1.mp4_sec_0028.jpg,1,215.9968,219.2118,224.0985
M_444_1,M_444_1.mp4_sec_0028.jpg,2,212.5254,215.6113,220.9021
M_444_1,M_444_1.mp4_sec_0028.jpg,3,215.9829,219.6221,224.2982
M_444_1,M_444_1.mp4_sec_0028.jpg,4,215.8736,218.8988,223.8797
M_444_1,M_444_1.mp4_sec_0028.jpg,5,215.5018,219.0862,223.7882
M_444_1,M_444_1.mp4_sec_0029.jpg,1,215.2511,218.7727,223.5112
M_444_1,M_444_1.mp4_sec_0029.jpg,2,214.4954,220.4552,224.1828
M_444_1,M_444_1.mp4_sec_0029.jpg,3,211.1871,214.8865,220.5348
M_444_1,M_444_1.mp4_sec_0029.jpg,4,214.9186,218.3095,223.1198
M_444_1,M_444_1.mp4_sec_0029.jpg,5,214.7054,219.42,223.5624
M_444_1,M_444_1.mp4_sec_0030.jpg,1,213.2576,219.4168,223.0644
M_444_1,M_444_1.mp4_sec_0030.jpg,2,211.8245,215.1187,220.9587
M_444_1,M_444_1.mp4_sec_0030.jpg,3,214.5381,217.5381,222.5691
M_444_1,M_444_1.mp4_sec_0030.jpg,4,215.6975,218.6975,223.6975
M_444_1,M_444_1.mp4_sec_0030.jpg,5,214.5406,219.8227,223.8461
M_444_2,M_444_2.mp4_sec_0000.jpg,1,215.5323,218.7076,223.6185
M_444_2,M_444_2.mp4_sec_0000.jpg,2,216.0013,219.002,224.0049
M_444_2,M_444_2.mp4_sec_0000.jpg,3,215.6587,218.6602,223.6595
M_444_2,M_444_2.mp4_sec_0000.jpg,4,211.956,215.1905,221.0422
M_444_2,M_444_2.mp4_sec_0000.jpg,5,214.9123,218.0988,223.0023
M_444_2,M_444_2.mp4_sec_0001.jpg,1,213.7749,217.3321,222.4149
M_444_2,M_444_2.mp4_sec_0001.jpg,2,215.0714,218.8467,223.509
M_444_2,M_444_2.mp4_sec_0001.jpg,3,212.3678,216.6019,221.7065
M_444_2,M_444_2.mp4_sec_0001.jpg,4,214.1304,219.265,223.3434
M_444_2,M_444_2.mp4_sec_0001.jpg,5,214.5961,218.3452,223.0162
M_444_2,M_444_2.mp4_sec_0002.jpg,1,210.7206,214.9295,221.0583
M_444_2,M_444_2.mp4_sec_0002.jpg,2,212.3324,219.5381,222.6721
M_444_2,M_444_2.mp4_sec_0002.jpg,3,211.5426,215.4031,221.029
M_444_2,M_444_2.mp4_sec_0002.jpg,4,212.0299,217.0069,221.0184
M_444_2,M_444_2.mp4_sec_0002.jpg,5,213.4623,217.0633,221.7569
M_444_2,M_444_2.mp4_sec_0003.jpg,1,212.4699,218.7143,222.2736
M_444_2,M_444_2.mp4_sec_0003.jpg,2,210.1751,214.7787,220.9722
M_444_2,M_444_2.mp4_sec_0003.jpg,3,212.6993,218.866,222.4425
M_444_2,M_444_2.mp4_sec_0003.jpg,4,213.0054,216.5667,221.3638
M_444_2,M_444_2.mp4_sec_0003.jpg,5,212.331,217.8921,221.8741
M_444_2,M_444_2.mp4_sec_0004.jpg,1,212.3148,215.3597,221.2545
M_444_2,M_444_2.mp4_sec_0004.jpg,2,210.9558,215.5998,220.9581
M_444_2,M_444_2.mp4_sec_0004.jpg,3,214.4743,218.187,222.8709
M_444_2,M_444_2.mp4_sec_0004.jpg,4,214.1897,217.6119,222.4168
M_444_2,M_444_2.mp4_sec_0004.jpg,5,211.3055,214.8014,220.9633
M_444_2,M_444_2.mp4_sec_0005.jpg,1,210.2383,214.8501,220.8709
M_444_2,M_444_2.mp4_sec_0005.jpg,2,211.4767,215.5366,221.1899
M_444_2,M_444_2.mp4_sec_0005.jpg,3,215.0298,218.7722,223.4343
M_444_2,M_444_2.mp4_sec_0005.jpg,4,214.1788,217.7909,222.5556
M_444_2,M_444_2.mp4_sec_0005.jpg,5,212.937,220.029,223.254
M_444_2,M_444_2.mp4_sec_0006.jpg,1,213.1021,220.5586,223.647
M_444_2,M_444_2.mp4_sec_0006.jpg,2,211.3873,217.3487,221.8723
M_444_2,M_444_2.mp4_sec_0006.jpg,3,214.7332,218.1308,222.9562
M_444_2,M_444_2.mp4_sec_0006.jpg,4,211.0211,218.4868,221.9825
M_444_2,M_444_2.mp4_sec_0006.jpg,5,215.4769,218.7711,223.6416
M_444_2,M_444_2.mp4_sec_0007.jpg,1,213.1541,220.1644,223.4506
M_444_2,M_444_2.mp4_sec_0007.jpg,2,213.6544,219.6398,223.204
M_444_2,M_444_2.mp4_sec_0007.jpg,3,210.8461,215.5147,221.2187
M_444_2,M_444_2.mp4_sec_0007.jpg,4,214.1754,217.2564,222.3097
M_444_2,M_444_2.mp4_sec_0007.jpg,5,215.215,218.4531,223.334
M_444_2,M_444_2.mp4_sec_0008.jpg,1,215.6595,218.8369,223.7496
M_444_2,M_444_2.mp4_sec_0008.jpg,2,214.8862,218.6304,223.2567
M_444_2,M_444_2.mp4_sec_0008.jpg,3,214.0889,218.8878,223.1163
M_444_2,M_444_2.mp4_sec_0008.jpg,4,215.9046,218.9136,223.9091
M_444_2,M_444_2.mp4_sec_0008.jpg,5,213.2114,216.2172,221.3766
M_444_2,M_444_2.mp4_sec_0009.jpg,1,214.3499,220.4452,224.1118
M_444_2,M_444_2.mp4_sec_0009.jpg,2,214.9966,218.8692,223.4637
M_444_2,M_444_2.mp4_sec_0009.jpg,3,213.3288,218.1225,222.2978
M_444_2,M_444_2.mp4_sec_0009.jpg,4,214.6362,219.4636,223.6421
M_444_2,M_444_2.mp4_sec_0009.jpg,5,212.8315,218.4933,222.4814
M_444_2,M_444_2.mp4_sec_0010.jpg,1,210.7313,216.0195,221.3852
M_444_2,M_444_2.mp4_sec_0010.jpg,2,213.159,220.2029,223.4691
M_444_2,M_444_2.mp4_sec_0010.jpg,3,211.3854,217.0563,221.7541
M_444_2,M_444_2.mp4_sec_0010.jpg,4,215.414,218.7381,223.5768
M_444_2,M_444_2.mp4_sec_0010.jpg,5,214.5977,217.8326,222.7145
M_444_2,M_444_2.mp4_sec_0011.jpg,1,213.7868,219.8188,223.5007
M_444_2,M_444_2.mp4_sec_0011.jpg,2,213.6974,219.0016,223.0123
M_444_2,M_444_2.mp4_sec_0011.jpg,3,215.6469,219.0238,223.8547
M_444_2,M_444_2.mp4_sec_0011.jpg,4,215.2768,218.2783,223.2775
M_444_2,M_444_2.mp4_sec_0011.jpg,5,215.8914,218.9227,223.9071
M_444_2,M_444_2.mp4_sec_0012.jpg,1,214.0855,219.2648,223.3243
M_444_2,M_444_2.mp4_sec_0012.jpg,2,213.9771,220.8819,224.1914
M_444_2,M_444_2.mp4_sec_0012.jpg,3,212.3176,215.6692,221.2864
M_444_2,M_444_2.mp4_sec_0012.jpg,4,213.2965,216.426,221.4306
M_444_2,M_444_2.mp4_sec_0012.jpg,5,213.4787,218.6333,222.6429
M_444_2,M_444_2.mp4_sec_0013.jpg,1,214.5752,219.8883,223.8938
M_444_2,M_444_2.mp4_sec_0013.jpg,2,213.4376,216.439,221.6021
M_444_2,M_444_2.mp4_sec_0013.jpg,3,214.0202,219.8429,223.5635
M_444_2,M_444_2.mp4_sec_0013.jpg,4,214.2368,217.3519,222.3431
M_444_2,M_444_2.mp4_sec_0013.jpg,5,215.8568,218.9773,223.9251
M_444_2,M_444_2.mp4_sec_0014.jpg,1,214.7622,218.5629,223.1637
M_444_2,M_444_2.mp4_sec_0014.jpg,2,213.656,220.8112,224.0056
M_444_2,M_444_2.mp4_sec_0014.jpg,3,215.7294,218.8822,223.8051
M_444_2,M_444_2.mp4_sec_0014.jpg,4,215.173,218.5076,223.3475
M_444_2,M_444_2.mp4_sec_0014.jpg,5,215.8839,218.8899,223.8869
M_444_2,M_444_2.mp4_sec_0015.jpg,1,214.1906,220.8118,224.236
M_444_2,M_444_2.mp4_sec_0015.jpg,2,210.0021,214.9064,221.0642
M_444_2,M_444_2.mp4_sec_0015.jpg,3,215.5303,218.9893,223.7606
M_444_2,M_444_2.mp4_sec_0015.jpg,4,215.8731,218.9943,223.9337
M_444_2,M_444_2.mp4_sec_0015.jpg,5,215.5135,218.9287,223.7314
M_444_2,M_444_2.mp4_sec_0016.jpg,1,214.7227,220.0068,224.01
M_444_2,M_444_2.mp4_sec_0016.jpg,2,211.492,215.1066,221.3073
M_444_2,M_444_2.mp4_sec_0016.jpg,3,213.367,222.0209,224.6028
M_444_2,M_444_2.mp4_sec_0016.jpg,4,211.4097,219.7781,222.5972
M_444_2,M_444_2.mp4_sec_0016.jpg,5,213.8116,219.2941,223.0525
M_444_2,M_444_2.mp4_sec_0017.jpg,1,214.3509,220.4049,224.0714
M_444_2,M_444_2.mp4_sec_0017.jpg,2,215.4328,218.4966,223.4654
M_444_2,M_444_2.mp4_sec_0017.jpg,3,213.6652,219.5915,223.3086
M_444_2,M_444_2.mp4_sec_0017.jpg,4,212.2862,219.0991,222.5325
M_444_2,M_444_2.mp4_sec_0017.jpg,5,215.9453,218.9691,223.9572
M_444_2,M_444_2.mp4_sec_0018.jpg,1,214.1278,220.8385,224.2281
M_444_2,M_444_2.mp4_sec_0018.jpg,2,212.2349,218.3406,222.3349
M_444_2,M_444_2.mp4_sec_0018.jpg,3,215.2651,218.8127,223.527
M_444_2,M_444_2.mp4_sec_0018.jpg,4,214.2315,220.9522,224.369
M_444_2,M_444_2.mp4_sec_0018.jpg,5,211.349,216.5554,221.5334
M_444_2,M_444_2.mp4_sec_0019.jpg,1,216.2219,220.035,224.6284
M_444_2,M_444_2.mp4_sec_0019.jpg,2,215.972,219.2816,224.1268
M_444_2,M_444_2.mp4_sec_0019.jpg,3,215.9756,218.9756,223.9756
M_444_2,M_444_2.mp4_sec_0019.jpg,4,211.6521,216.1582,221.4091
M_444_2,M_444_2.mp4_sec_0019.jpg,5,215.6973,219.0393,223.8519
M_444_2,M_444_2.mp4_sec_0020.jpg,1,215.6164,218.6452,223.6313
M_444_2,M_444_2.mp4_sec_0020.jpg,2,213.6105,216.6105,221.7633
M_444_2,M_444_2.mp4_sec_0020.jpg,3,214.9392,217.9392,222.9392
M_444_2,M_444_2.mp4_sec_0020.jpg,4,215.3326,219.4668,223.9805
M_444_2,M_444_2.mp4_sec_0020.jpg,5,213.2934,219.5577,223.1466
M_444_2,M_444_2.mp4_sec_0021.jpg,1,213.7505,220.1203,223.6632
M_444_2,M_444_2.mp4_sec_0021.jpg,2,213.8425,220.2489,223.7734
M_444_2,M_444_2.mp4_sec_0021.jpg,3,214.5399,220.3709,224.1658
M_444_2,M_444_2.mp4_sec_0021.jpg,4,216.0,219.0,224.0
M_444_2,M_444_2.mp4_sec_0021.jpg,5,215.265,219.2996,223.9298
M_444_2,M_444_2.mp4_sec_0022.jpg,1,215.6055,218.6813,223.6434
M_444_2,M_444_2.mp4_sec_0022.jpg,2,212.9417,218.5723,222.559
M_444_2,M_444_2.mp4_sec_0022.jpg,3,214.0305,219.4908,223.3644
M_444_2,M_444_2.mp4_sec_0022.jpg,4,210.9095,215.7866,221.1948
M_444_2,M_444_2.mp4_sec_0022.jpg,5,215.6228,219.0514,223.8609
M_444_2,M_444_2.mp4_sec_0023.jpg,1,212.5123,219.9627,222.9327
M_444_2,M_444_2.mp4_sec_0023.jpg,2,213.9765,220.1517,223.7925
M_444_2,M_444_2.mp4_sec_0023.jpg,3,214.2305,220.3621,224.0156
M_444_2,M_444_2.mp4_sec_0023.jpg,4,214.8882,218.8131,223.4017
M_444_2,M_444_2.mp4_sec_0023.jpg,5,214.9941,219.7036,223.9694
M_444_2,M_444_2.mp4_sec_0024.jpg,1,215.3525,218.5041,223.4361
M_444_2,M_444_2.mp4_sec_0024.jpg,2,210.0588,215.3012,220.9962
M_444_2,M_444_2.mp4_sec_0024.jpg,3,214.8061,219.384,223.7606
M_444_2,M_444_2.mp4_sec_0024.jpg,4,214.9711,218.9352,223.5254
M_444_2,M_444_2.mp4_sec_0024.jpg,5,214.116,217.9928,222.6982
M_444_2,M_444_2.mp4_sec_0025.jpg,1,214.6638,217.7388,222.7031
M_444_2,M_444_2.mp4_sec_0025.jpg,2,215.5763,218.6715,223.6239
M_444_2,M_444_2.mp4_sec_0025.jpg,3,214.803,218.344,223.2769
M_444_2,M_444_2.mp4_sec_0025.jpg,4,215.3544,218.6402,223.4973
M_444_2,M_444_2.mp4_sec_0025.jpg,5,215.2381,218.3571,223.3214
M_444_2,M_444_2.mp4_sec_0026.jpg,1,214.4278,217.4333,222.4527
M_444_2,M_444_2.mp4_sec_0026.jpg,2,210.4796,215.3968,221.1611
M_444_2,M_444_2.mp4_sec_0026.jpg,3,215.9443,218.9443,223.9443
M_444_2,M_444_2.mp4_sec_0026.jpg,4,210.2475,214.8918,220.9982
M_444_2,M_444_2.mp4_sec_0026.jpg,5,212.2715,218.0509,222.4928
M_444_2,M_444_2.mp4_sec_0027.jpg,1,214.1493,220.2537,223.9104
M_444_2,M_444_2.mp4_sec_0027.jpg,2,211.7168,215.7919,221.0037
M_444_2,M_444_2.mp4_sec_0027.jpg,3,214.4392,220.0064,223.9019
M_444_2,M_444_2.mp4_sec_0027.jpg,4,216.0,219.0,224.0
M_444_2,M_444_2.mp4_sec_0027.jpg,5,211.2315,214.3239,220.8182
M_444_2,M_444_2.mp4_sec_0028.jpg,1,215.8777,218.8784,223.8773
M_444_2,M_444_2.mp4_sec_0028.jpg,2,213.9107,220.3799,223.8934
M_444_2,M_444_2.mp4_sec_0028.jpg,3,215.6043,218.61,223.6071
M_444_2,M_444_2.mp4_sec_0028.jpg,4,211.0391,215.1892,220.8934
M_444_2,M_444_2.mp4_sec_0028.jpg,5,214.3716,217.3716,222.3716
M_444_2,M_444_2.mp4_sec_0029.jpg,1,214.7322,219.788,223.9094
M_444_2,M_444_2.mp4_sec_0029.jpg,2,213.5679,219.99,223.5172
M_444_2,M_444_2.mp4_sec_0029.jpg,3,214.5362,220.4176,224.1811
M_444_2,M_444_2.mp4_sec_0029.jpg,4,214.2628,220.5732,224.1542
M_444_2,M_444_2.mp4_sec_0029.jpg,5,212.9462,215.9476,221.5123
M_444_2,M_444_2.mp4_sec_0030.jpg,1,215.7422,218.9717,223.8559
M_444_2,M_444_2.mp4_sec_0030.jpg,2,214.1866,217.296,222.5561
M_444_2,M_444_2.mp4_sec_0030.jpg,3,215.8602,219.0897,223.869
M_444_2,M_444_2.mp4_sec_0030.jpg,4,214.9686,218.2635,223.1167
M_444_2,M_444_2.mp4_sec_0030.jpg,5,210.7249,215.6805,221.0695
M_444_3,M_444_3.mp4_sec_0000.jpg,1,214.6861,220.4459,224.2403
M_444_3,M_444_3.mp4_sec_0000.jpg,2,214.4848,220.7879,224.3636
M_444_3,M_444_3.mp4_sec_0000.jpg,3,215.9545,219.0152,223.9848
M_444_3,M_444_3.mp4_sec_0000.jpg,4,214.0152,221.303,224.5
M_444_3,M_444_3.mp4_sec_0000.jpg,5,212.6012,222.2976,224.4621
M_444_3,M_444_3.mp4_sec_0001.jpg,1,215.2953,218.3003,223.2971
M_444_3,M_444_3.mp4_sec_0001.jpg,2,215.8525,218.9684,223.9087
M_444_3,M_444_3.mp4_sec_0001.jpg,3,216.0224,219.07,224.0527
M_444_3,M_444_3.mp4_sec_0001.jpg,4,215.9535,219.0473,223.9982
M_444_3,M_444_3.mp4_sec_0001.jpg,5,216.0,219.0,224.0
M_444_3,M_444_3.mp4_sec_0002.jpg,1,215.8149,219.0744,223.962
M_444_3,M_444_3.mp4_sec_0002.jpg,2,215.1931,218.3545,223.2724
M_444_3,M_444_3.mp4_sec_0002.jpg,3,214.4305,220.5466,224.2118
M_444_3,M_444_3.mp4_sec_0002.jpg,4,215.4982,218.4982,223.4982
M_444_3,M_444_3.mp4_sec_0002.jpg,5,214.9881,219.04,223.5844
M_444_3,M_444_3.mp4_sec_0003.jpg,1,214.5924,220.4982,224.2361
M_444_3,M_444_3.mp4_sec_0003.jpg,2,214.4832,220.1421,223.9529
M_444_3,M_444_3.mp4_sec_0003.jpg,3,214.4762,220.8512,224.381
M_444_3,M_444_3.mp4_sec_0003.jpg,4,215.4874,218.965,223.7262
M_444_3,M_444_3.mp4_sec_0003.jpg,5,215.1797,219.1299,223.6786
M_444_3,M_444_3.mp4_sec_0004.jpg,1,215.1206,218.2162,223.1548
M_444_3,M_444_3.mp4_sec_0004.jpg,2,216.1471,219.7166,223.7175
M_444_3,M_444_3.mp4_sec_0004.jpg,3,215.4543,218.508,223.4677
M_444_3,M_444_3.mp4_sec_0004.jpg,4,214.758,217.9314,222.8285
M_444_3,M_444_3.mp4_sec_0004.jpg,5,215.8891,218.967,223.9167
M_444_3,M_444_3.mp4_sec_0005.jpg,1,215.6454,219.3038,224.0105
M_444_3,M_444_3.mp4_sec_0005.jpg,2,211.844,216.4049,221.6567
M_444_3,M_444_3.mp4_sec_0005.jpg,3,212.8586,218.8324,222.7931
M_444_3,M_444_3.mp4_sec_0005.jpg,4,215.6135,219.3144,224.0097
M_444_3,M_444_3.mp4_sec_0005.jpg,5,215.9035,218.8992,223.8992
M_444_3,M_444_3.mp4_sec_0006.jpg,1,214.973,220.2292,224.2559
M_444_3,M_444_3.mp4_sec_0006.jpg,2,213.6214,219.1619,222.9316
M_444_3,M_444_3.mp4_sec_0006.jpg,3,215.7146,219.0075,223.8568
M_444_3,M_444_3.mp4_sec_0006.jpg,4,213.1373,221.6045,223.5835
M_444_3,M_444_3.mp4_sec_0006.jpg,5,213.6514,221.7631,224.5965
M_444_3,M_444_3.mp4_sec_0007.jpg,1,215.4184,218.7603,223.5698
M_444_3,M_444_3.mp4_sec_0007.jpg,2,213.5466,219.1354,222.9442
M_444_3,M_444_3.mp4_sec_0007.jpg,3,215.3246,219.1851,223.7983
M_444_3,M_444_3.mp4_sec_0007.jpg,4,214.5087,218.4938,223.002
M_444_3,M_444_3.mp4_sec_0007.jpg,5,211.505,216.4721,221.33
M_444_3,M_444_3.mp4_sec_0008.jpg,1,213.4298,217.3849,222.1782
M_444_3,M_444_3.mp4_sec_0008.jpg,2,215.7312,219.0032,223.8387
M_444_3,M_444_3.mp4_sec_0008.jpg,3,215.9883,219.0229,224.0056
M_444_3,M_444_3.mp4_sec_0008.jpg,4,214.9955,218.1795,223.0859
M_444_3,M_444_3.mp4_sec_0008.jpg,5,215.0749,218.2502,223.1609
M_444_3,M_444_3.mp4_sec_0009.jpg,1,214.3593,219.5112,223.5933
M_444_3,M_444_3.mp4_sec_0009.jpg,2,214.476,220.4305,224.1651
M_444_3,M_444_3.mp4_sec_0009.jpg,3,213.1668,218.3207,222.5522
M_444_3,M_444_3.mp4_sec_0009.jpg,4,212.6366,218.4181,222.6471
M_444_3,M_444_3.mp4_sec_0009.jpg,5,215.2168,219.1201,223.7305
M_444_3,M_444_3.mp4_sec_0010.jpg,1,214.5306,219.9019,223.8882
M_444_3,M_444_3.mp4_sec_0010.jpg,2,215.9972,219.0007,223.9989
M_444_3,M_444_3.mp4_sec_0010.jpg,3,215.777,218.7955,223.7862
M_444_3,M_444_3.mp4_sec_0010.jpg,4,215.8005,218.8394,223.8211
M_444_3,M_444_3.mp4_sec_0010.jpg,5,213.6734,218.8204,223.0107
M_444_3,M_444_3.mp4_sec_0011.jpg,1,214.8849,218.3069,223.1119
M_444_3,M_444_3.mp4_sec_0011.jpg,2,214.1446,217.2868,222.4149
M_444_3,M_444_3.mp4_sec_0011.jpg,3,215.1885,218.3214,223.2575
M_444_3,M_444_3.mp4_sec_0011.jpg,4,214.5839,219.4275,223.6421
M_444_3,M_444_3.mp4_sec_0011.jpg,5,211.9222,216.3593,221.7468
M_444_3,M_444_3.mp4_sec_0012.jpg,1,213.1423,216.2866,221.6228
M_444_3,M_444_3.mp4_sec_0012.jpg,2,215.2932,218.3095,223.3006
M_444_3,M_444_3.mp4_sec_0012.jpg,3,215.8241,219.1423,224.0027
M_444_3,M_444_3.mp4_sec_0012.jpg,4,214.0181,217.0195,222.1063
M_444_3,M_444_3.mp4_sec_0012.jpg,5,214.6869,220.3504,224.2166
M_444_3,M_444_3.mp4_sec_0013.jpg,1,213.0938,216.978,222.0624
M_444_3,M_444_3.mp4_sec_0013.jpg,2,210.7229,214.9506,221.002
M_444_3,M_444_3.mp4_sec_0013.jpg,3,215.7377,218.8258,223.7817
M_444_3,M_444_3.mp4_sec_0013.jpg,4,215.9334,219.5355,224.6771
M_444_3,M_444_3.mp4_sec_0013.jpg,5,211.4776,216.283,221.4585
M_444_3,M_444_3.mp4_sec_0014.jpg,1,215.9834,219.1241,224.0538
M_444_3,M_444_3.mp4_sec_0014.jpg,2,215.9856,219.1046,224.2356
M_444_3,M_444_3.mp4_sec_0014.jpg,3,215.9825,219.1239,224.1946
M_444_3,M_444_3.mp4_sec_0014.jpg,4,211.7345,216.2417,221.3265
M_444_3,M_444_3.mp4_sec_0014.jpg,5,214.8111,218.2311,223.0211
M_444_3,M_444_3.mp4_sec_0015.jpg,1,215.1868,218.2725,223.2297
M_444_3,M_444_3.mp4_sec_0015.jpg,2,215.3972,218.8267,224.1148
M_444_3,M_444_3.mp4_sec_0015.jpg,3,215.9781,219.0286,224.2983
M_444_3,M_444_3.mp4_sec_0015.jpg,4,215.1452,218.2414,223.1933
M_444_3,M_444_3.mp4_sec_0015.jpg,5,215.7651,219.01,224.0372
M_444_3,M_444_3.mp4_sec_0016.jpg,1,215.4863,218.7816,223.6337
M_444_3,M_444_3.mp4_sec_0016.jpg,2,216.0202,219.2413,224.3539
M_444_3,M_444_3.mp4_sec_0016.jpg,3,210.8241,214.9529,221.0505
M_444_3,M_444_3.mp4_sec_0016.jpg,4,215.9484,219.0841,224.0162
M_444_3,M_444_3.mp4_sec_0016.jpg,5,215.0188,218.5166,223.2648
M_444_3,M_444_3.mp4_sec_0017.jpg,1,215.6249,219.7658,224.0727
M_444_3,M_444_3.mp4_sec_0017.jpg,2,214.5428,218.5842,223.1962
M_444_3,M_444_3.mp4_sec_0017.jpg,3,215.7615,219.4666,224.1169
M_444_3,M_444_3.mp4_sec_0017.jpg,4,216.0039,219.0316,224.0178
M_444_3,M_444_3.mp4_sec_0017.jpg,5,214.6313,217.8648,222.9449
M_444_3,M_444_3.mp4_sec_0018.jpg,1,213.1992,219.7145,223.263
M_444_3,M_444_3.mp4_sec_0018.jpg,2,213.9245,220.3722,223.8564
M_444_3,M_444_3.mp4_sec_0018.jpg,3,212.6821,218.2829,222.5105
M_444_3,M_444_3.mp4_sec_0018.jpg,4,214.4568,219.9449,223.8497
M_444_3,M_444_3.mp4_sec_0018.jpg,5,214.3822,220.0631,223.8028
M_444_3,M_444_3.mp4_sec_0019.jpg,1,213.9683,220.6481,224.0323
M_444_3,M_444_3.mp4_sec_0019.jpg,2,214.8887,220.1506,224.1744
M_444_3,M_444_3.mp4_sec_0019.jpg,3,215.1329,219.4439,223.8003
M_444_3,M_444_3.mp4_sec_0019.jpg,4,212.2343,219.1903,222.7715
M_444_3,M_444_3.mp4_sec_0019.jpg,5,215.6288,218.6223,223.6223
M_444_3,M_444_3.mp4_sec_0020.jpg,1,215.6756,218.9547,223.8333
M_444_3,M_444_3.mp4_sec_0020.jpg,2,215.7592,218.9705,223.8765
M_444_3,M_444_3.mp4_sec_0020.jpg,3,214.5334,220.2775,224.1061
M_444_3,M_444_3.mp4_sec_0020.jpg,4,212.1361,215.7722,221.4517
M_444_3,M_444_3.mp4_sec_0020.jpg,5,210.3419,214.7306,220.9828
M_444_3,M_444_3.mp4_sec_0021.jpg,1,213.9856,219.1091,223.1344
M_444_3,M_444_3.mp4_sec_0021.jpg,2,214.381,220.4762,224.1429
M_444_3,M_444_3.mp4_sec_0021.jpg,3,213.0597,218.8117,221.3892
M_444_3,M_444_3.mp4_sec_0021.jpg,4,212.6154,218.0483,222.2507
M_444_3,M_444_3.mp4_sec_0021.jpg,5,213.9417,220.037,223.7036
M_444_3,M_444_3.mp4_sec_0022.jpg,1,215.5994,218.5994,223.5994
M_444_3,M_444_3.mp4_sec_0022.jpg,2,214.4722,220.3986,224.1488
M_444_3,M_444_3.mp4_sec_0022.jpg,3,214.563,220.4526,224.2161
M_444_3,M_444_3.mp4_sec_0022.jpg,4,215.2518,218.5698,223.4322
M_444_3,M_444_3.mp4_sec_0022.jpg,5,215.7897,218.7897,223.7897
M_444_3,M_444_3.mp4_sec_0023.jpg,1,215.842,218.8392,223.8392
M_444_3,M_444_3.mp4_sec_0023.jpg,2,214.3774,220.712,224.2836
M_444_3,M_444_3.mp4_sec_0023.jpg,3,215.9668,218.9455,223.9455
M_444_3,M_444_3.mp4_sec_0023.jpg,4,215.457,218.4755,223.4598
M_444_3,M_444_3.mp4_sec_0023.jpg,5,213.1208,216.4742,221.6942
M_444_3,M_444_3.mp4_sec_0024.jpg,1,214.1661,220.8289,224.2621
M_444_3,M_444_3.mp4_sec_0024.jpg,2,213.4696,217.0016,221.8445
M_444_3,M_444_3.mp4_sec_0024.jpg,3,211.2759,216.1734,221.3714
M_444_3,M_444_3.mp4_sec_0024.jpg,4,215.7207,218.7207,223.7207
M_444_3,M_444_3.mp4_sec_0024.jpg,5,213.9581,217.5121,222.2468
M_444_3,M_444_3.mp4_sec_0025.jpg,1,214.8838,220.1724,224.176
M_444_3,M_444_3.mp4_sec_0025.jpg,2,213.2668,216.4013,221.3579
M_444_3,M_444_3.mp4_sec_0025.jpg,3,214.0557,221.3079,224.4711
M_444_3,M_444_3.mp4_sec_0025.jpg,4,214.2927,221.0933,224.4625
M_444_3,M_444_3.mp4_sec_0025.jpg,5,212.3487,219.3853,222.6668
M_444_3,M_444_3.mp4_sec_0026.jpg,1,213.4154,221.1473,224.1119
M_444_3,M_444_3.mp4_sec_0026.jpg,2,215.9039,219.0421,223.9774
M_444_3,M_444_3.mp4_sec_0026.jpg,3,215.494,218.9328,223.6807
M_444_3,M_444_3.mp4_sec_0026.jpg,4,214.2335,220.979,224.3698
M_444_3,M_444_3.mp4_sec_0026.jpg,5,215.4826,219.0499,223.7713
M_444_3,M_444_3.mp4_sec_0027.jpg,1,215.2904,218.4809,223.3883
M_444_3,M_444_3.mp4_sec_0027.jpg,2,216.0031,219.0305,224.0168
M_444_3,M_444_3.mp4_sec_0027.jpg,3,214.7863,218.151,222.9621
M_444_3,M_444_3.mp4_sec_0027.jpg,4,214.4971,217.8506,222.6825
M_444_3,M_444_3.mp4_sec_0027.jpg,5,216.2181,219.7843,224.4955
M_444_3,M_444_3.mp4_sec_0028.jpg,1,215.3021,218.3656,223.3326
M_444_3,M_444_3.mp4_sec_0028.jpg,2,215.2877,219.5804,224.0242
M_444_3,M_444_3.mp4_sec_0028.jpg,3,212.9735,216.7547,222.0694
M_444_3,M_444_3.mp4_sec_0028.jpg,4,215.1683,218.2251,223.1874
M_444_3,M_444_3.mp4_sec_0028.jpg,5,212.4704,216.1095,221.7044
M_444_3,M_444_3.mp4_sec_0029.jpg,1,215.2484,219.0878,223.6634
M_444_3,M_444_3.mp4_sec_0029.jpg,2,214.785,220.2271,224.1584
M_444_3,M_444_3.mp4_sec_0029.jpg,3,215.5938,219.3086,223.9966
M_444_3,M_444_3.mp4_sec_0029.jpg,4,215.2675,219.0083,223.662
M_444_3,M_444_3.mp4_sec_0029.jpg,5,215.2462,219.7027,224.0557
M_444_3,M_444_3.mp4_sec_0030.jpg,1,215.9366,218.9366,223.9366
M_444_3,M_444_3.mp4_sec_0030.jpg,2,212.6683,219.8863,223.1622
M_444_3,M_444_3.mp4_sec_0030.jpg,3,215.4849,218.8998,223.7209
M_444_3,M_444_3.mp4_sec_0030.jpg,4,215.7209,218.7493,223.7294
M_444_3,M_444_3.mp4_sec_0030.jpg,5,215.2646,218.3401,223.3101
M_502_1,M_502_1.mp4_sec_0000.jpg,1,20.4704,23.4704,28.4704
M_502_1,M_502_1.mp4_sec_0000.jpg,2,16.4222,19.4222,24.4222
M_502_1,M_502_1.mp4_sec_0000.jpg,3,18.8827,22.0589,26.7201
M_502_1,M_502_1.mp4_sec_0000.jpg,4,17.1999,20.1999,25.1999
M_502_1,M_502_1.mp4_sec_0000.jpg,5,18.4865,21.4865,26.4865
M_502_1,M_502_1.mp4_sec_0001.jpg,1,27.3633,34.5889,36.6736
M_502_1,M_502_1.mp4_sec_0001.jpg,2,18.2738,21.2738,26.2738
M_502_1,M_502_1.mp4_sec_0001.jpg,3,22.5889,27.0856,30.3105
M_502_1,M_502_1.mp4_sec_0001.jpg,4,14.9192,17.9125,22.9296
M_502_1,M_502_1.mp4_sec_0001.jpg,5,16.7461,19.7461,24.7461
M_502_1,M_502_1.mp4_sec_0002.jpg,1,18.5708,21.5708,26.5708
M_502_1,M_502_1.mp4_sec_0002.jpg,2,21.4339,24.5288,29.3938
M_502_1,M_502_1.mp4_sec_0002.jpg,3,18.4292,21.508,26.3671
M_502_1,M_502_1.mp4_sec_0002.jpg,4,17.5608,20.8288,25.4589
M_502_1,M_502_1.mp4_sec_0002.jpg,5,20.5754,25.1351,28.7355
M_502_1,M_502_1.mp4_sec_0003.jpg,1,27.3021,30.7614,36.525
M_502_1,M_502_1.mp4_sec_0003.jpg,2,18.5838,21.5838,26.5838
M_502_1,M_502_1.mp4_sec_0003.jpg,3,18.4451,21.4451,26.4465
M_502_1,M_502_1.mp4_sec_0003.jpg,4,26.483,32.1298,35.3101
M_502_1,M_502_1.mp4_sec_0003.jpg,5,21.1378,26.6783,29.9535
M_502_1,M_502_1.mp4_sec_0004.jpg,1,19.9074,23.1002,27.8445
M_502_1,M_502_1.mp4_sec_0004.jpg,2,18.5115,21.5451,26.4779
M_502_1,M_502_1.mp4_sec_0004.jpg,3,22.0108,27.6042,30.4562
M_502_1,M_502_1.mp4_sec_0004.jpg,4,18.3992,21.9441,25.7097
M_502_1,M_502_1.mp4_sec_0004.jpg,5,22.1796,25.2882,31.2191
M_502_1,M_502_1.mp4_sec_0005.jpg,1,20.0207,23.0207,28.0281
M_502_1,M_502_1.mp4_sec_0005.jpg,2,17.0336,20.0589,25.1473
M_502_1,M_502_1.mp4_sec_0005.jpg,3,18.3577,21.3577,26.3577
M_502_1,M_502_1.mp4_sec_0005.jpg,4,18.6979,21.6979,26.6979
M_502_1,M_502_1.mp4_sec_0005.jpg,5,17.8707,20.8832,25.9924
M_502_1,M_502_1.mp4_sec_0006.jpg,1,27.5002,30.8149,36.8415
M_502_1,M_502_1.mp4_sec_0006.jpg,2,20.9023,23.9023,28.9023
M_502_1,M_502_1.mp4_sec_0006.jpg,3,19.8921,22.8921,27.8921
M_502_1,M_502_1.mp4_sec_0006.jpg,4,16.4053,19.4067,24.4038
M_502_1,M_502_1.mp4_sec_0006.jpg,5,19.9438,23.2222,27.4628
M_502_1,M_502_1.mp4_sec_0007.jpg,1,16.3511,19.3452,24.3452
M_502_1,M_502_1.mp4_sec_0007.jpg,2,24.3346,27.5057,33.8618
M_502_1,M_502_1.mp4_sec_0007.jpg,3,23.6951,28.6559,31.9706
M_502_1,M_502_1.mp4_sec_0007.jpg,4,29.1462,36.1717,38.6351
M_502_1,M_502_1.mp4_sec_0007.jpg,5,15.8683,18.781,23.781
M_502_1,M_502_1.mp4_sec_0008.jpg,1,18.1606,21.7879,26.0573
M_502_1,M_502_1.mp4_sec_0008.jpg,2,27.1962,30.4175,36.5978
M_502_1,M_502_1.mp4_sec_0008.jpg,3,22.0962,25.0962,30.0962
M_502_1,M_502_1.mp4_sec_0008.jpg,4,21.268,24.4916,30.163
M_502_1,M_502_1.mp4_sec_0008.jpg,5,19.9416,22.9416,27.9416
M_502_1,M_502_1.mp4_sec_0009.jpg,1,15.0471,18.0471,23.0471
M_502_1,M_502_1.mp4_sec_0009.jpg,2,20.1301,23.1301,28.1301
M_502_1,M_502_1.mp4_sec_0009.jpg,3,14.6574,17.6574,22.6578
M_502_1,M_502_1.mp4_sec_0009.jpg,4,16.5211,19.7419,25.369
M_502_1,M_502_1.mp4_sec_0009.jpg,5,25.0309,30.2716,33.748
M_502_1,M_502_1.mp4_sec_0010.jpg,1,24.5689,29.6785,33.4337
M_502_1,M_502_1.mp4_sec_0010.jpg,2,16.6402,19.658,24.8686
M_502_1,M_502_1.mp4_sec_0010.jpg,3,19.8211,22.8211,27.8211
M_502_1,M_502_1.mp4_sec_0010.jpg,4,14.7077,17.7077,22.7077
M_502_1,M_502_1.mp4_sec_0010.jpg,5,19.0613,22.0613,27.0613
M_502_1,M_502_1.mp4_sec_0011.jpg,1,20.3812,25.3695,28.6766
M_502_1,M_502_1.mp4_sec_0011.jpg,2,15.3561,18.3561,23.3561
M_502_1,M_502_1.mp4_sec_0011.jpg,3,18.7389,21.8562,26.7635
M_502_1,M_502_1.mp4_sec_0011.jpg,4,16.519,19.519,24.519
M_502_1,M_502_1.mp4_sec_0011.jpg,5,19.4004,22.4396,27.4562
M_502_1,M_502_1.mp4_sec_0012.jpg,1,18.2973,21.4248,26.0881
M_502_1,M_502_1.mp4_sec_0012.jpg,2,21.9616,26.9479,29.7956
M_502_1,M_502_1.mp4_sec_0012.jpg,3,19.4318,22.5841,27.2855
M_502_1,M_502_1.mp4_sec_0012.jpg,4,25.3505,28.5187,34.6901
M_502_1,M_502_1.mp4_sec_0012.jpg,5,18.8274,21.8274,26.8274
M_502_1,M_502_1.mp4_sec_0013.jpg,1,19.3306,24.5362,27.3666
M_502_1,M_502_1.mp4_sec_0013.jpg,2,16.2836,19.2836,24.2836
M_502_1,M_502_1.mp4_sec_0013.jpg,3,19.2284,23.4141,25.6925
M_502_1,M_502_1.mp4_sec_0013.jpg,4,16.7441,19.7448,24.7433
M_502_1,M_502_1.mp4_sec_0013.jpg,5,20.1519,23.1519,28.1519
M_502_1,M_502_1.mp4_sec_0014.jpg,1,16.7369,19.7362,24.7446
M_502_1,M_502_1.mp4_sec_0014.jpg,2,18.0024,21.0024,26.0024
M_502_1,M_502_1.mp4_sec_0014.jpg,3,22.1608,25.2452,30.0765
M_502_1,M_502_1.mp4_sec_0014.jpg,4,18.3317,22.7382,26.5181
M_502_1,M_502_1.mp4_sec_0014.jpg,5,19.4208,23.3403,26.8804
M_502_1,M_502_1.mp4_sec_0015.jpg,1,20.0486,23.0486,28.0486
M_502_1,M_502_1.mp4_sec_0015.jpg,2,19.1745,22.1774,27.1731
M_502_1,M_502_1.mp4_sec_0015.jpg,3,20.8479,23.8479,28.8479
M_502_1,M_502_1.mp4_sec_0015.jpg,4,15.0717,18.0717,23.0717
M_502_1,M_502_1.mp4_sec_0015.jpg,5,17.9425,21.4275,26.0252
M_502_1,M_502_1.mp4_sec_0016.jpg,1,18.1667,22.3154,25.3339
M_502_1,M_502_1.mp4_sec_0016.jpg,2,19.9301,22.9301,27.9301
M_502_1,M_502_1.mp4_sec_0016.jpg,3,19.1807,22.3943,27.0727
M_502_1,M_502_1.mp4_sec_0016.jpg,4,16.5422,19.598,24.4903
M_502_1,M_502_1.mp4_sec_0016.jpg,5,17.7505,21.2643,25.2302
M_502_1,M_502_1.mp4_sec_0017.jpg,1,21.8554,24.8905,29.8204
M_502_1,M_502_1.mp4_sec_0017.jpg,2,15.0345,18.1225,23.1681
M_502_1,M_502_1.mp4_sec_0017.jpg,3,20.0099,22.9281,27.9301
M_502_1,M_502_1.mp4_sec_0017.jpg,4,18.7092,21.6362,26.6382
M_502_1,M_502_1.mp4_sec_0017.jpg,5,21.5913,24.6121,29.5989
M_502_1,M_502_1.mp4_sec_0018.jpg,1,26.1805,32.5086,35.502
M_502_1,M_502_1.mp4_sec_0018.jpg,2,20.8697,23.8288,28.8244
M_502_1,M_502_1.mp4_sec_0018.jpg,3,17.7121,20.5409,25.4558
M_502_1,M_502_1.mp4_sec_0018.jpg,4,18.0878,21.3069,26.8928
M_502_1,M_502_1.mp4_sec_0018.jpg,5,26.6678,29.9029,35.8222
M_502_1,M_502_1.mp4_sec_0019.jpg,1,14.8447,17.7921,22.7921
M_502_1,M_502_1.mp4_sec_0019.jpg,2,15.5106,18.3835,23.3828
M_502_1,M_502_1.mp4_sec_0019.jpg,3,18.8939,21.9651,26.854
M_502_1,M_502_1.mp4_sec_0019.jpg,4,14.8399,17.837,22.8363
M_502_1,M_502_1.mp4_sec_0019.jpg,5,19.4003,22.3426,27.3412
M_502_1,M_502_1.mp4_sec_0020.jpg,1,16.877,19.877,24.877
M_502_1,M_502_1.mp4_sec_0020.jpg,2,24.7773,27.9164,33.8897
M_502_1,M_502_1.mp4_sec_0020.jpg,3,17.6982,20.699,25.7618
M_502_1,M_502_1.mp4_sec_0020.jpg,4,19.2267,23.1641,27.1402
M_502_1,M_502_1.mp4_sec_0020.jpg,5,19.4938,22.4938,27.4938
M_502_1,M_502_1.mp4_sec_0021.jpg,1,20.8524,23.8524,28.8524
M_502_1,M_502_1.mp4_sec_0021.jpg,2,24.611,27.7367,33.5105
M_502_1,M_502_1.mp4_sec_0021.jpg,3,21.893,24.893,29.9048
M_502_1,M_502_1.mp4_sec_0021.jpg,4,19.1275,23.3441,26.7402
M_502_1,M_502_1.mp4_sec_0021.jpg,5,17.9743,20.9691,26.0024
M_502_1,M_502_1.mp4_sec_0022.jpg,1,19.4071,22.6609,27.0495
M_502_1,M_502_1.mp4_sec_0022.jpg,2,15.2598,18.2598,23.279
M_502_1,M_502_1.mp4_sec_0022.jpg,3,14.7561,17.8027,22.8928
M_502_1,M_502_1.mp4_sec_0022.jpg,4,15.1037,18.1088,23.0985
M_502_1,M_502_1.mp4_sec_0022.jpg,5,18.6159,22.4254,26.5214
M_502_1,M_502_1.mp4_sec_0023.jpg,1,17.871,20.871,25.871
M_502_1,M_502_1.mp4_sec_0023.jpg,2,18.3829,21.3829,26.3829
M_502_1,M_502_1.mp4_sec_0023.jpg,3,21.0852,26.2132,29.6802
M_502_1,M_502_1.mp4_sec_0023.jpg,4,19.3309,23.388,27.4274
M_502_1,M_502_1.mp4_sec_0023.jpg,5,20.0353,23.0353,28.0353
M_502_1,M_502_1.mp4_sec_0024.jpg,1,19.9034,22.9034,27.9034
M_502_1,M_502_1.mp4_sec_0024.jpg,2,22.808,28.1953,30.9208
M_502_1,M_502_1.mp4_sec_0024.jpg,3,19.4091,22.4091,27.4091
M_502_1,M_502_1.mp4_sec_0024.jpg,4,14.4843,17.4142,22.4135
M_502_1,M_502_1.mp4_sec_0024.jpg,5,16.8604,19.9294,25.0666
M_502_1,M_502_1.mp4_sec_0025.jpg,1,16.9363,19.937,24.9429
M_502_1,M_502_1.mp4_sec_0025.jpg,2,25.3645,28.6597,34.852
M_502_1,M_502_1.mp4_sec_0025.jpg,3,27.9263,31.1124,37.0139
M_502_1,M_502_1.mp4_sec_0025.jpg,4,24.0108,28.2926,30.5604
M_502_1,M_502_1.mp4_sec_0025.jpg,5,20.9228,26.1086,28.9701
M_502_1,M_502_1.mp4_sec_0026.jpg,1,17.745,22.1183,25.0283
M_502_1,M_502_1.mp4_sec_0026.jpg,2,19.2943,23.1251,26.6068
M_502_1,M_502_1.mp4_sec_0026.jpg,3,15.1678,18.1744,23.3034
M_502_1,M_502_1.mp4_sec_0026.jpg,4,16.8577,19.939,24.8067
M_502_1,M_502_1.mp4_sec_0026.jpg,5,27.6432,30.9375,36.9211
M_502_1,M_502_1.mp4_sec_0027.jpg,1,18.621,21.5451,26.5451
M_502_1,M_502_1.mp4_sec_0027.jpg,2,16.9387,19.95,25.475
M_502_1,M_502_1.mp4_sec_0027.jpg,3,20.5358,23.5358,28.5358
M_502_1,M_502_1.mp4_sec_0027.jpg,4,20.511,23.5212,28.5161
M_502_1,M_502_1.mp4_sec_0027.jpg,5,22.0942,25.1805,31.155
M_502_1,M_502_1.mp4_sec_0028.jpg,1,17.8328,20.9152,25.7879
M_502_1,M_502_1.mp4_sec_0028.jpg,2,15.0091,18.0168,23.1159
M_502_1,M_502_1.mp4_sec_0028.jpg,3,18.2295,21.6613,26.1715
M_502_1,M_502_1.mp4_sec_0028.jpg,4,20.1083,23.2533,27.7834
M_502_1,M_502_1.mp4_sec_0028.jpg,5,17.3817,20.6005,26.0211
M_502_1,M_502_1.mp4_sec_0029.jpg,1,19.5531,22.5531,27.5531
M_502_1,M_502_1.mp4_sec_0029.jpg,2,24.8397,28.061,34.1099
M_502_1,M_502_1.mp4_sec_0029.jpg,3,28.4989,31.8237,37.7698
M_502_1,M_502_1.mp4_sec_0029.jpg,4,21.293,24.3877,30.1785
M_502_1,M_502_1.mp4_sec_0029.jpg,5,15.0458,18.0659,23.0272
M_502_1,M_502_1.mp4_sec_0030.jpg,1,25.2147,28.4505,34.2908
M_502_1,M_502_1.mp4_sec_0030.jpg,2,23.8017,26.9135,32.9889
M_502_1,M_502_1.mp4_sec_0030.jpg,3,19.1626,22.1626,27.1626
M_502_1,M_502_1.mp4_sec_0030.jpg,4,23.1181,26.5041,29.6508
M_502_1,M_502_1.mp4_sec_0030.jpg,5,14.7925,17.5142,22.5139
M_502_1,M_502_1.mp4_sec_0031.jpg,1,37.1073,42.9635,46.946
M_502_1,M_502_1.mp4_sec_0031.jpg,2,15.5276,18.4867,23.4188
M_502_1,M_502_1.mp4_sec_0031.jpg,3,16.5719,19.5993,24.5445
M_502_1,M_502_1.mp4_sec_0031.jpg,4,18.0991,21.1042,26.0999
M_502_1,M_502_1.mp4_sec_0031.jpg,5,17.6561,20.6561,25.6561
M_502_1,M_502_1.mp4_sec_0032.jpg,1,18.2589,21.2589,26.2589
M_502_1,M_502_1.mp4_sec_0032.jpg,2,19.4951,22.4951,27.4951
M_502_1,M_502_1.mp4_sec_0032.jpg,3,14.6566,17.5639,22.6537
M_502_1,M_502_1.mp4_sec_0032.jpg,4,31.9058,37.0245,41.3127
M_502_1,M_502_1.mp4_sec_0032.jpg,5,30.0549,34.6497,38.9816
M_502_1,M_502_1.mp4_sec_0033.jpg,1,18.5242,22.6763,25.9516
M_502_1,M_502_1.mp4_sec_0033.jpg,2,20.2049,23.3755,29.3627
M_502_1,M_502_1.mp4_sec_0033.jpg,3,31.5395,36.1983,40.2031
M_502_1,M_502_1.mp4_sec_0033.jpg,4,21.0,24.0,29.0
M_502_1,M_502_1.mp4_sec_0033.jpg,5,18.5297,21.5297,26.5297
M_502_1,M_502_1.mp4_sec_0034.jpg,1,19.0938,22.0938,27.0938
M_502_1,M_502_1.mp4_sec_0034.jpg,2,16.4361,19.4874,24.3848
M_502_1,M_502_1.mp4_sec_0034.jpg,3,18.7278,21.7289,26.8782
M_502_1,M_502_1.mp4_sec_0034.jpg,4,19.5506,22.5506,27.5506
M_502_1,M_502_1.mp4_sec_0034.jpg,5,18.437,21.437,26.437
M_502_1,M_502_1.mp4_sec_0035.jpg,1,22.8113,25.8232,30.7995
M_502_1,M_502_1.mp4_sec_0035.jpg,2,20.8134,23.8851,28.7748
M_502_1,M_502_1.mp4_sec_0035.jpg,3,19.111,23.7485,27.1299
M_502_1,M_502_1.mp4_sec_0035.jpg,4,18.9265,21.9265,26.9265
M_502_1,M_502_1.mp4_sec_0035.jpg,5,15.9466,18.9884,23.9059
M_502_1,M_502_1.mp4_sec_0036.jpg,1,21.611,26.0344,29.4865
M_502_1,M_502_1.mp4_sec_0036.jpg,2,18.1162,21.1173,26.1159
M_502_1,M_502_1.mp4_sec_0036.jpg,3,19.7688,22.7688,27.7688
M_502_1,M_502_1.mp4_sec_0036.jpg,4,23.8607,27.9314,31.0514
M_502_1,M_502_1.mp4_sec_0036.jpg,5,16.7044,19.7044,24.7044
M_502_1,M_502_1.mp4_sec_0037.jpg,1,16.6484,19.6613,24.8442
M_502_1,M_502_1.mp4_sec_0037.jpg,2,15.3886,18.3886,23.3886
M_502_1,M_502_1.mp4_sec_0037.jpg,3,24.2095,27.5686,33.4505
M_502_1,M_502_1.mp4_sec_0037.jpg,4,19.3647,22.5676,27.2166
M_502_1,M_502_1.mp4_sec_0037.jpg,5,25.5041,28.7576,34.4856
M_502_1,M_502_1.mp4_sec_0038.jpg,1,24.7844,29.1919,30.5984
M_502_1,M_502_1.mp4_sec_0038.jpg,2,25.4604,28.6637,34.6157
M_502_1,M_502_1.mp4_sec_0038.jpg,3,16.8666,19.8666,24.8666
M_502_1,M_502_1.mp4_sec_0038.jpg,4,19.3264,23.475,27.4655
M_502_1,M_502_1.mp4_sec_0038.jpg,5,18.0456,21.0456,26.0456
M_502_1,M_502_1.mp4_sec_0039.jpg,1,16.6274,19.7136,24.5734
M_502_1,M_502_1.mp4_sec_0039.jpg,2,18.5807,22.937,26.6586
M_502_1,M_502_1.mp4_sec_0039.jpg,3,19.6931,23.4584,26.975
M_502_1,M_502_1.mp4_sec_0039.jpg,4,19.7185,22.7185,27.7185
M_502_1,M_502_1.mp4_sec_0039.jpg,5,28.5947,31.9845,37.9263
M_502_1,M_502_1.mp4_sec_0040.jpg,1,18.4932,22.6364,26.5408
M_502_1,M_502_1.mp4_sec_0040.jpg,2,17.6624,20.752,25.6253
M_502_1,M_502_1.mp4_sec_0040.jpg,3,16.2871,19.4965,25.0691
M_502_1,M_502_1.mp4_sec_0040.jpg,4,20.3784,23.619,29.0807
M_502_1,M_502_1.mp4_sec_0040.jpg,5,24.1824,27.6478,33.3716
M_502_1,M_502_1.mp4_sec_0041.jpg,1,21.0044,24.005,29.0054
M_502_1,M_502_1.mp4_sec_0041.jpg,2,17.1737,20.1737,25.1737
M_502_1,M_502_1.mp4_sec_0041.jpg,3,17.7431,20.7587,25.7431
M_502_1,M_502_1.mp4_sec_0041.jpg,4,25.7707,29.1956,34.9346
M_502_1,M_502_1.mp4_sec_0041.jpg,5,16.4452,19.4475,24.443
M_502_1,M_502_1.mp4_sec_0042.jpg,1,15.0978,18.0982,23.1106
M_502_1,M_502_1.mp4_sec_0042.jpg,2,19.0909,21.9916,26.9887
M_502_1,M_502_1.mp4_sec_0042.jpg,3,26.5316,29.6773,35.0679
M_502_1,M_502_1.mp4_sec_0042.jpg,4,22.4173,25.7963,31.6139
M_502_1,M_502_1.mp4_sec_0042.jpg,5,15.1763,18.1763,23.1763
M_502_1,M_502_1.mp4_sec_0043.jpg,1,27.9648,31.2578,37.3457
M_502_1,M_502_1.mp4_sec_0043.jpg,2,17.3637,20.38,25.3429
M_502_1,M_502_1.mp4_sec_0043.jpg,3,17.9681,20.7264,25.7234
M_502_1,M_502_1.mp4_sec_0043.jpg,4,23.7939,29.9023,31.9627
M_502_1,M_502_1.mp4_sec_0043.jpg,5,14.8113,17.8113,22.8113
M_502_1,M_502_1.mp4_sec_0044.jpg,1,16.4199,19.3585,24.36
M_502_1,M_502_1.mp4_sec_0044.jpg,2,17.3193,20.3886,25.6767
M_502_1,M_502_1.mp4_sec_0044.jpg,3,16.9098,20.1159,24.7503
M_502_1,M_502_1.mp4_sec_0044.jpg,4,19.4691,22.4691,27.4691
M_502_1,M_502_1.mp4_sec_0044.jpg,5,17.8193,20.7536,25.755
M_502_1,M_502_1.mp4_sec_0045.jpg,1,23.8492,27.0628,33.3656
M_502_1,M_502_1.mp4_sec_0045.jpg,2,18.2631,21.3516,26.2567
M_502_1,M_502_1.mp4_sec_0045.jpg,3,18.8384,21.8384,26.8384
M_502_1,M_502_1.mp4_sec_0045.jpg,4,19.8983,24.8954,26.8808
M_502_1,M_502_1.mp4_sec_0045.jpg,5,19.9129,24.3523,27.7625
M_502_1,M_502_1.mp4_sec_0046.jpg,1,16.3978,19.3978,24.3978
M_502_1,M_502_1.mp4_sec_0046.jpg,2,15.0595,18.0595,23.0595
M_502_1,M_502_1.mp4_sec_0046.jpg,3,27.0113,33.8557,35.9453
M_502_1,M_502_1.mp4_sec_0046.jpg,4,17.2408,20.2408,25.2408
M_502_1,M_502_1.mp4_sec_0046.jpg,5,18.7661,21.7661,26.7661
M_502_1,M_502_1.mp4_sec_0047.jpg,1,16.6767,19.6769,24.8977
M_502_1,M_502_1.mp4_sec_0047.jpg,2,15.578,18.578,23.5818
M_502_1,M_502_1.mp4_sec_0047.jpg,3,18.1469,21.1469,26.1469
M_502_1,M_502_1.mp4_sec_0047.jpg,4,19.6075,23.5462,27.4659
M_502_1,M_502_1.mp4_sec_0047.jpg,5,23.76,27.4458,30.9165
M_502_2,M_502_2.mp4_sec_0000.jpg,1,16.1372,19.1372,24.152
M_502_2,M_502_2.mp4_sec_0000.jpg,2,17.207,20.2089,25.3034
M_502_2,M_502_2.mp4_sec_0000.jpg,3,21.293,24.293,29.293
M_502_2,M_502_2.mp4_sec_0000.jpg,4,16.8069,19.807,24.8078
M_502_2,M_502_2.mp4_sec_0000.jpg,5,16.7003,19.7003,24.7003
M_502_2,M_502_2.mp4_sec_0001.jpg,1,21.4023,25.2479,28.0832
M_502_2,M_502_2.mp4_sec_0001.jpg,2,29.6539,36.6636,38.0588
M_502_2,M_502_2.mp4_sec_0001.jpg,3,18.5465,21.5465,26.5465
M_502_2,M_502_2.mp4_sec_0001.jpg,4,19.6886,24.1083,27.494
M_502_2,M_502_2.mp4_sec_0001.jpg,5,15.8443,18.8527,24.0155
M_502_2,M_502_2.mp4_sec_0002.jpg,1,20.9432,23.9432,28.9432
M_502_2,M_502_2.mp4_sec_0002.jpg,2,16.0867,19.0407,24.0509
M_502_2,M_502_2.mp4_sec_0002.jpg,3,20.6992,23.6992,28.6992
M_502_2,M_502_2.mp4_sec_0002.jpg,4,20.6243,23.6316,28.6287
M_502_2,M_502_2.mp4_sec_0002.jpg,5,19.4576,23.2798,26.9766
M_502_2,M_502_2.mp4_sec_0003.jpg,1,18.6249,23.0546,26.7136
M_502_2,M_502_2.mp4_sec_0003.jpg,2,21.8841,27.741,29.609
M_502_2,M_502_2.mp4_sec_0003.jpg,3,14.5172,17.5172,22.5172
M_502_2,M_502_2.mp4_sec_0003.jpg,4,15.2552,18.2552,23.2552
M_502_2,M_502_2.mp4_sec_0003.jpg,5,17.9998,20.9998,25.9998
M_502_2,M_502_2.mp4_sec_0004.jpg,1,16.2662,19.2793,24.2559
M_502_2,M_502_2.mp4_sec_0004.jpg,2,25.9292,29.0745,34.9929
M_502_2,M_502_2.mp4_sec_0004.jpg,3,22.3742,25.9655,29.6327
M_502_2,M_502_2.mp4_sec_0004.jpg,4,20.1939,23.5106,27.7722
M_502_2,M_502_2.mp4_sec_0004.jpg,5,18.3151,21.7061,26.3014
M_502_2,M_502_2.mp4_sec_0005.jpg,1,21.4556,24.7342,30.6174
M_502_2,M_502_2.mp4_sec_0005.jpg,2,20.1605,23.2482,28.0706
M_502_2,M_502_2.mp4_sec_0005.jpg,3,17.8145,20.813,25.8219
M_502_2,M_502_2.mp4_sec_0005.jpg,4,15.4816,18.4816,23.4816
M_502_2,M_502_2.mp4_sec_0005.jpg,5,19.5642,22.5642,27.5642
M_502_2,M_502_2.mp4_sec_0006.jpg,1,17.8439,20.8296,25.9429
M_502_2,M_502_2.mp4_sec_0006.jpg,2,15.4331,18.4198,23.4198
M_502_2,M_502_2.mp4_sec_0006.jpg,3,20.0407,23.9669,27.0216
M_502_2,M_502_2.mp4_sec_0006.jpg,4,20.0185,24.8307,27.1493
M_502_2,M_502_2.mp4_sec_0006.jpg,5,19.6312,22.6312,27.6312
M_502_2,M_502_2.mp4_sec_0007.jpg,1,18.2315,21.2315,26.2315
M_502_2,M_502_2.mp4_sec_0007.jpg,2,32.767,40.2717,42.2799
M_502_2,M_502_2.mp4_sec_0007.jpg,3,16.8051,19.8051,24.8051
M_502_2,M_502_2.mp4_sec_0007.jpg,4,18.3163,21.3163,26.3163
M_502_2,M_502_2.mp4_sec_0007.jpg,5,25.7991,28.8565,34.9218
M_502_2,M_502_2.mp4_sec_0008.jpg,1,21.023,24.023,29.023
M_502_2,M_502_2.mp4_sec_0008.jpg,2,15.6567,18.6256,23.5307
M_502_2,M_502_2.mp4_sec_0008.jpg,3,17.5707,20.5707,25.5707
M_502_2,M_502_2.mp4_sec_0008.jpg,4,21.4632,26.0821,28.5201
M_502_2,M_502_2.mp4_sec_0008.jpg,5,14.9057,17.7974,22.7952
M_502_2,M_502_2.mp4_sec_0009.jpg,1,15.6371,18.3859,23.3852
M_502_2,M_502_2.mp4_sec_0009.jpg,2,17.2397,20.2893,25.2048
M_502_2,M_502_2.mp4_sec_0009.jpg,3,18.7081,21.6738,26.6734
M_502_2,M_502_2.mp4_sec_0009.jpg,4,22.3622,25.3622,30.3622
M_502_2,M_502_2.mp4_sec_0009.jpg,5,15.5685,18.4399,23.4399
M_502_2,M_502_2.mp4_sec_0010.jpg,1,17.8282,21.0557,25.6453
M_502_2,M_502_2.mp4_sec_0010.jpg,2,18.4799,21.8618,26.2756
M_502_2,M_502_2.mp4_sec_0010.jpg,3,19.3288,22.3288,27.3288
M_502_2,M_502_2.mp4_sec_0010.jpg,4,16.5274,19.5274,24.5274
M_502_2,M_502_2.mp4_sec_0010.jpg,5,24.8656,28.2432,34.238
M_502_2,M_502_2.mp4_sec_0011.jpg,1,15.5613,18.5613,23.5613
M_502_2,M_502_2.mp4_sec_0011.jpg,2,14.7965,17.7138,22.8397
M_502_2,M_502_2.mp4_sec_0011.jpg,3,19.2782,22.2782,27.2782
M_502_2,M_502_2.mp4_sec_0011.jpg,4,26.6044,29.7943,35.3296
M_502_2,M_502_2.mp4_sec_0011.jpg,5,19.7726,22.7726,27.7726
M_502_2,M_502_2.mp4_sec_0012.jpg,1,14.8897,17.9244,23.253
M_502_2,M_502_2.mp4_sec_0012.jpg,2,22.9486,26.3814,32.2988
M_502_2,M_502_2.mp4_sec_0012.jpg,3,21.5881,25.7044,29.2251
M_502_2,M_502_2.mp4_sec_0012.jpg,4,18.3267,21.5007,26.3152
M_502_2,M_502_2.mp4_sec_0012.jpg,5,26.0519,32.3487,34.3721
M_502_2,M_502_2.mp4_sec_0013.jpg,1,22.0873,27.4713,30.8056
M_502_2,M_502_2.mp4_sec_0013.jpg,2,20.6931,23.6931,28.6931
M_502_2,M_502_2.mp4_sec_0013.jpg,3,16.1477,19.1785,24.1219
M_502_2,M_502_2.mp4_sec_0013.jpg,4,21.0666,24.0666,29.0666
M_502_2,M_502_2.mp4_sec_0013.jpg,5,22.1497,25.157,30.1533
M_502_2,M_502_2.mp4_sec_0014.jpg,1,17.1768,20.1839,25.4545
M_502_2,M_502_2.mp4_sec_0014.jpg,2,15.2816,18.3383,23.2263
M_502_2,M_502_2.mp4_sec_0014.jpg,3,19.5554,24.2426,27.2822
M_502_2,M_502_2.mp4_sec_0014.jpg,4,19.4215,24.0366,27.0142
M_502_2,M_502_2.mp4_sec_0014.jpg,5,18.3396,21.3396,26.3396
M_502_2,M_502_2.mp4_sec_0015.jpg,1,18.3585,21.4695,27.0887
M_502_2,M_502_2.mp4_sec_0015.jpg,2,15.4205,18.4442,23.3999
M_502_2,M_502_2.mp4_sec_0015.jpg,3,19.5765,22.7681,28.6369
M_502_2,M_502_2.mp4_sec_0015.jpg,4,16.6613,19.6657,24.6569
M_502_2,M_502_2.mp4_sec_0015.jpg,5,17.5061,20.342,25.3389
M_502_2,M_502_2.mp4_sec_0016.jpg,1,17.0644,20.0644,25.0644
M_502_2,M_502_2.mp4_sec_0016.jpg,2,15.3631,18.3631,23.3631
M_502_2,M_502_2.mp4_sec_0016.jpg,3,18.0398,21.056,26.0035
M_502_2,M_502_2.mp4_sec_0016.jpg,4,23.4195,26.7136,32.5555
M_502_2,M_502_2.mp4_sec_0016.jpg,5,20.5078,23.824,29.1908
M_502_2,M_502_2.mp4_sec_0017.jpg,1,18.3897,21.546,26.3383
M_502_2,M_502_2.mp4_sec_0017.jpg,2,20.7236,23.7236,28.7236
M_502_2,M_502_2.mp4_sec_0017.jpg,3,18.1439,21.141,26.141
M_502_2,M_502_2.mp4_sec_0017.jpg,4,17.6807,20.6811,25.7439
M_502_2,M_502_2.mp4_sec_0017.jpg,5,20.1561,24.1678,26.5063
M_502_2,M_502_2.mp4_sec_0018.jpg,1,18.8516,21.8516,26.8516
M_502_2,M_502_2.mp4_sec_0018.jpg,2,20.2578,23.2578,28.2578
M_502_2,M_502_2.mp4_sec_0018.jpg,3,18.7202,21.7202,26.7202
M_502_2,M_502_2.mp4_sec_0018.jpg,4,18.7461,21.9777,26.7225
M_502_2,M_502_2.mp4_sec_0018.jpg,5,23.5106,27.0228,30.7928
M_502_2,M_502_2.mp4_sec_0019.jpg,1,18.7965,21.7965,26.7965
M_502_2,M_502_2.mp4_sec_0019.jpg,2,19.2719,24.3338,27.9633
M_502_2,M_502_2.mp4_sec_0019.jpg,3,19.6287,25.2295,27.6463
M_502_2,M_502_2.mp4_sec_0019.jpg,4,21.235,24.235,29.235
M_502_2,M_502_2.mp4_sec_0019.jpg,5,17.8499,20.8499,25.8499
M_502_2,M_502_2.mp4_sec_0020.jpg,1,22.059,25.4458,29.7041
M_502_2,M_502_2.mp4_sec_0020.jpg,2,15.3242,18.3461,23.3052
M_502_2,M_502_2.mp4_sec_0020.jpg,3,18.7735,21.7735,26.7735
M_502_2,M_502_2.mp4_sec_0020.jpg,4,16.8235,19.8235,24.8235
M_502_2,M_502_2.mp4_sec_0020.jpg,5,16.552,19.552,24.552
M_502_2,M_502_2.mp4_sec_0021.jpg,1,24.0568,27.1922,33.0865
M_502_2,M_502_2.mp4_sec_0021.jpg,2,19.4779,22.4779,27.4779
M_502_2,M_502_2.mp4_sec_0021.jpg,3,19.6355,22.6355,27.6355
M_502_2,M_502_2.mp4_sec_0021.jpg,4,21.7658,24.7658,29.7658
M_502_2,M_502_2.mp4_sec_0021.jpg,5,14.3279,17.3293,22.376
M_502_2,M_502_2.mp4_sec_0022.jpg,1,23.1232,26.5756,30.6391
M_502_2,M_502_2.mp4_sec_0022.jpg,2,18.3795,21.3795,26.3795
M_502_2,M_502_2.mp4_sec_0022.jpg,3,19.659,23.2822,27.1026
M_502_2,M_502_2.mp4_sec_0022.jpg,4,20.8572,23.8572,28.8572
M_502_2,M_502_2.mp4_sec_0022.jpg,5,19.7979,22.7979,27.7979
M_502_2,M_502_2.mp4_sec_0023.jpg,1,21.1172,26.4027,29.7932
M_502_2,M_502_2.mp4_sec_0023.jpg,2,21.2311,24.2311,29.2311
M_502_2,M_502_2.mp4_sec_0023.jpg,3,18.9109,21.9109,26.9109
M_502_2,M_502_2.mp4_sec_0023.jpg,4,16.9542,19.9848,24.933
M_502_2,M_502_2.mp4_sec_0023.jpg,5,15.7282,18.7282,23.7282
M_502_2,M_502_2.mp4_sec_0024.jpg,1,20.0595,23.0758,28.0432
M_502_2,M_502_2.mp4_sec_0024.jpg,2,21.1312,24.1312,29.1312
M_502_2,M_502_2.mp4_sec_0024.jpg,3,16.6582,19.6582,24.6582
M_502_2,M_502_2.mp4_sec_0024.jpg,4,19.1347,21.8745,26.8753
M_502_2,M_502_2.mp4_sec_0024.jpg,5,28.4982,34.6848,37.6465
M_502_2,M_502_2.mp4_sec_0025.jpg,1,16.2198,19.0624,24.1623
M_502_2,M_502_2.mp4_sec_0025.jpg,2,22.8275,26.0026,31.7253
M_502_2,M_502_2.mp4_sec_0025.jpg,3,17.7722,20.7722,25.7722
M_502_2,M_502_2.mp4_sec_0025.jpg,4,19.7727,22.7727,27.7727
M_502_2,M_502_2.mp4_sec_0025.jpg,5,15.9916,18.9916,23.9916
M_502_2,M_502_2.mp4_sec_0026.jpg,1,20.6665,23.6665,28.6665
M_502_2,M_502_2.mp4_sec_0026.jpg,2,19.7457,22.7457,27.7457
M_502_2,M_502_2.mp4_sec_0026.jpg,3,15.4637,18.4637,23.4637
M_502_2,M_502_2.mp4_sec_0026.jpg,4,16.6533,19.6533,24.6533
M_502_2,M_502_2.mp4_sec_0026.jpg,5,17.8823,21.2037,26.0358
M_502_2,M_502_2.mp4_sec_0027.jpg,1,16.8636,19.8636,24.8636
M_502_2,M_502_2.mp4_sec_0027.jpg,2,14.7544,17.7544,22.7544
M_502_2,M_502_2.mp4_sec_0027.jpg,3,18.6025,21.6025,26.6025
M_502_2,M_502_2.mp4_sec_0027.jpg,4,19.1255,22.1255,27.1255
M_502_2,M_502_2.mp4_sec_0027.jpg,5,17.9425,20.9425,25.9425
M_502_2,M_502_2.mp4_sec_0028.jpg,1,21.5069,24.8143,29.1979
M_502_2,M_502_2.mp4_sec_0028.jpg,2,18.2521,21.2185,26.2185
M_502_2,M_502_2.mp4_sec_0028.jpg,3,16.5581,19.5581,24.5581
M_502_2,M_502_2.mp4_sec_0028.jpg,4,19.3087,23.3722,27.1877
M_502_2,M_502_2.mp4_sec_0028.jpg,5,19.5606,23.3939,27.2733
M_502_2,M_502_2.mp4_sec_0029.jpg,1,16.6694,19.6415,24.6407
M_502_2,M_502_2.mp4_sec_0029.jpg,2,19.3541,22.3541,27.3541
M_502_2,M_502_2.mp4_sec_0029.jpg,3,23.6002,26.9785,32.4927
M_502_2,M_502_2.mp4_sec_0029.jpg,4,17.6369,21.4022,25.3036
M_502_2,M_502_2.mp4_sec_0029.jpg,5,19.6364,24.2667,28.1316
M_502_2,M_502_2.mp4_sec_0030.jpg,1,20.0546,24.0157,27.3813
M_502_2,M_502_2.mp4_sec_0030.jpg,2,21.862,25.31,29.7017
M_502_2,M_502_2.mp4_sec_0030.jpg,3,18.8414,21.8414,26.8414
M_502_2,M_502_2.mp4_sec_0030.jpg,4,19.9191,22.9191,27.9191
M_502_2,M_502_2.mp4_sec_0030.jpg,5,21.9054,25.5334,28.699
M_502_2,M_502_2.mp4_sec_0031.jpg,1,19.2284,22.3883,27.0758
M_502_2,M_502_2.mp4_sec_0031.jpg,2,16.2136,19.1457,24.1464
M_502_2,M_502_2.mp4_sec_0031.jpg,3,18.4848,21.648,27.0303
M_502_2,M_502_2.mp4_sec_0031.jpg,4,27.8967,31.2149,37.2446
M_502_2,M_502_2.mp4_sec_0031.jpg,5,14.7351,17.7384,22.8596
M_502_3,M_502_3.mp4_sec_0000.jpg,1,14.8695,17.7412,22.742
M_502_3,M_502_3.mp4_sec_0000.jpg,2,19.7527,22.7572,27.7483
M_502_3,M_502_3.mp4_sec_0000.jpg,3,19.088,22.6975,26.557
M_502_3,M_502_3.mp4_sec_0000.jpg,4,17.8534,20.9338,25.6328
M_502_3,M_502_3.mp4_sec_0000.jpg,5,17.7583,20.7583,25.7583
M_502_3,M_502_3.mp4_sec_0001.jpg,1,17.7711,20.7988,26.0376
M_502_3,M_502_3.mp4_sec_0001.jpg,2,18.2165,21.2165,26.2165
M_502_3,M_502_3.mp4_sec_0001.jpg,3,20.6267,23.6267,28.6267
M_502_3,M_502_3.mp4_sec_0001.jpg,4,16.2727,19.2727,24.2829
M_502_3,M_502_3.mp4_sec_0001.jpg,5,17.8784,20.8784,25.8784
M_502_3,M_502_3.mp4_sec_0002.jpg,1,17.2777,20.7901,24.4578
M_502_3,M_502_3.mp4_sec_0002.jpg,2,17.5077,20.6411,25.3607
M_502_3,M_502_3.mp4_sec_0002.jpg,3,37.9524,46.3629,48.7375
M_502_3,M_502_3.mp4_sec_0002.jpg,4,17.1902,20.1931,25.1909
M_502_3,M_502_3.mp4_sec_0002.jpg,5,18.6595,22.2665,25.3689
M_502_3,M_502_3.mp4_sec_0003.jpg,1,14.5926,17.5926,22.5926
M_502_3,M_502_3.mp4_sec_0003.jpg,2,17.6626,21.3139,25.5721
M_502_3,M_502_3.mp4_sec_0003.jpg,3,18.9738,21.9738,26.9738
M_502_3,M_502_3.mp4_sec_0003.jpg,4,17.0281,20.0379,25.0211
M_502_3,M_502_3.mp4_sec_0003.jpg,5,22.1426,27.578,30.4229
M_502_3,M_502_3.mp4_sec_0004.jpg,1,19.8399,22.8399,27.8399
M_502_3,M_502_3.mp4_sec_0004.jpg,2,23.5097,26.7401,32.4954
M_502_3,M_502_3.mp4_sec_0004.jpg,3,19.8844,22.7997,27.8158
M_502_3,M_502_3.mp4_sec_0004.jpg,4,17.2282,20.2282,25.2282
M_502_3,M_502_3.mp4_sec_0004.jpg,5,15.253,18.2205,23.1957
M_502_3,M_502_3.mp4_sec_0005.jpg,1,24.6265,27.7368,33.8547
M_502_3,M_502_3.mp4_sec_0005.jpg,2,16.542,19.542,24.542
M_502_3,M_502_3.mp4_sec_0005.jpg,3,18.6252,21.6252,26.6252
M_502_3,M_502_3.mp4_sec_0005.jpg,4,21.4434,24.4434,29.4434
M_502_3,M_502_3.mp4_sec_0005.jpg,5,19.4184,22.4184,27.4184
M_502_3,M_502_3.mp4_sec_0006.jpg,1,21.6287,24.6821,29.5813
M_502_3,M_502_3.mp4_sec_0006.jpg,2,19.6363,22.6923,28.0893
M_502_3,M_502_3.mp4_sec_0006.jpg,3,19.8354,22.8354,27.8354
M_502_3,M_502_3.mp4_sec_0006.jpg,4,21.407,25.6334,28.9622
M_502_3,M_502_3.mp4_sec_0006.jpg,5,19.2523,22.2523,27.2523
M_502_3,M_502_3.mp4_sec_0007.jpg,1,16.1614,19.1802,24.1461
M_502_3,M_502_3.mp4_sec_0007.jpg,2,18.9891,21.9891,26.9891
M_502_3,M_502_3.mp4_sec_0007.jpg,3,19.1286,22.1954,27.3904
M_502_3,M_502_3.mp4_sec_0007.jpg,4,21.6543,24.6543,29.6543
M_502_3,M_502_3.mp4_sec_0007.jpg,5,18.3021,22.1257,26.1928
M_502_3,M_502_3.mp4_sec_0008.jpg,1,18.5692,21.7375,26.4208
M_502_3,M_502_3.mp4_sec_0008.jpg,2,17.653,20.653,25.653
M_502_3,M_502_3.mp4_sec_0008.jpg,3,30.7495,37.807,39.8987
M_502_3,M_502_3.mp4_sec_0008.jpg,4,23.4591,29.4631,31.8731
M_502_3,M_502_3.mp4_sec_0008.jpg,5,18.2295,21.2295,26.2295
M_502_3,M_502_3.mp4_sec_0009.jpg,1,18.4756,22.7047,26.1367
M_502_3,M_502_3.mp4_sec_0009.jpg,2,17.4425,20.4425,25.4425
M_502_3,M_502_3.mp4_sec_0009.jpg,3,19.0366,22.0366,27.0366
M_502_3,M_502_3.mp4_sec_0009.jpg,4,18.2995,21.5994,26.2773
M_502_3,M_502_3.mp4_sec_0009.jpg,5,20.5081,23.5081,28.5081
M_502_3,M_502_3.mp4_sec_0010.jpg,1,14.6929,17.6929,22.6929
M_502_3,M_502_3.mp4_sec_0010.jpg,2,20.2408,23.2408,28.2408
M_502_3,M_502_3.mp4_sec_0010.jpg,3,17.901,21.0632,25.8224
M_502_3,M_502_3.mp4_sec_0010.jpg,4,17.5885,20.6624,25.5268
M_502_3,M_502_3.mp4_sec_0010.jpg,5,18.6988,21.7258,26.6792
M_502_3,M_502_3.mp4_sec_0011.jpg,1,22.5023,25.6223,30.3762
M_502_3,M_502_3.mp4_sec_0011.jpg,2,18.7289,23.2206,25.8278
M_502_3,M_502_3.mp4_sec_0011.jpg,3,16.2165,19.1129,24.1122
M_502_3,M_502_3.mp4_sec_0011.jpg,4,20.7546,23.7636,28.7456
M_502_3,M_502_3.mp4_sec_0011.jpg,5,19.7568,22.7568,27.7568
M_502_3,M_502_3.mp4_sec_0012.jpg,1,17.3751,20.3751,25.3751
M_502_3,M_502_3.mp4_sec_0012.jpg,2,18.6044,21.6044,26.6044
M_502_3,M_502_3.mp4_sec_0012.jpg,3,33.5254,41.2026,43.5911
M_502_3,M_502_3.mp4_sec_0012.jpg,4,17.4642,20.4642,25.4642
M_502_3,M_502_3.mp4_sec_0012.jpg,5,18.5732,21.8572,26.7216
M_502_3,M_502_3.mp4_sec_0013.jpg,1,23.3452,28.1123,31.5994
M_502_3,M_502_3.mp4_sec_0013.jpg,2,16.1051,19.1077,24.2851
M_502_3,M_502_3.mp4_sec_0013.jpg,3,19.5285,24.4527,26.5942
M_502_3,M_502_3.mp4_sec_0013.jpg,4,16.9978,20.1473,24.9603
M_502_3,M_502_3.mp4_sec_0013.jpg,5,21.8655,24.9231,29.8108
M_502_3,M_502_3.mp4_sec_0014.jpg,1,19.7079,22.7079,27.7079
M_502_3,M_502_3.mp4_sec_0014.jpg,2,17.807,20.807,25.807
M_502_3,M_502_3.mp4_sec_0014.jpg,3,15.4013,18.4013,23.4013
M_502_3,M_502_3.mp4_sec_0014.jpg,4,28.1322,31.6195,37.5946
M_502_3,M_502_3.mp4_sec_0014.jpg,5,19.6999,22.6999,27.6999
M_502_3,M_502_3.mp4_sec_0015.jpg,1,20.9901,23.9901,28.9901
M_502_3,M_502_3.mp4_sec_0015.jpg,2,30.9306,35.9586,40.3691
M_502_3,M_502_3.mp4_sec_0015.jpg,3,17.4991,20.6376,25.3914
M_502_3,M_502_3.mp4_sec_0015.jpg,4,26.184,29.2862,35.1267
M_502_3,M_502_3.mp4_sec_0015.jpg,5,16.3815,19.4144,24.356
M_502_3,M_502_3.mp4_sec_0016.jpg,1,34.8592,39.9954,43.7997
M_502_3,M_502_3.mp4_sec_0016.jpg,2,17.66,20.66,25.66
M_502_3,M_502_3.mp4_sec_0016.jpg,3,18.3557,21.3557,26.3557
M_502_3,M_502_3.mp4_sec_0016.jpg,4,18.7812,22.7587,26.7664
M_502_3,M_502_3.mp4_sec_0016.jpg,5,14.8511,17.8864,23.0124
M_502_3,M_502_3.mp4_sec_0017.jpg,1,18.0582,21.2079,26.1
M_502_3,M_502_3.mp4_sec_0017.jpg,2,18.6186,21.6186,26.6186
M_502_3,M_502_3.mp4_sec_0017.jpg,3,20.845,23.845,28.845
M_502_3,M_502_3.mp4_sec_0017.jpg,4,15.6968,18.5593,23.5527
M_502_3,M_502_3.mp4_sec_0017.jpg,5,16.1135,19.0336,24.0248
M_502_3,M_502_3.mp4_sec_0018.jpg,1,14.6739,17.6428,22.6414
M_502_3,M_502_3.mp4_sec_0018.jpg,2,15.9503,18.9505,23.9508
M_502_3,M_502_3.mp4_sec_0018.jpg,3,15.6759,18.6463,23.6449
M_502_3,M_502_3.mp4_sec_0018.jpg,4,18.7679,21.7679,26.7679
M_502_3,M_502_3.mp4_sec_0018.jpg,5,22.8204,26.1667,32.0833
M_502_3,M_502_3.mp4_sec_0019.jpg,1,22.3996,25.3996,30.3996
M_502_3,M_502_3.mp4_sec_0019.jpg,2,15.6114,18.5371,23.5326
M_502_3,M_502_3.mp4_sec_0019.jpg,3,24.6471,27.8023,33.7405
M_502_3,M_502_3.mp4_sec_0019.jpg,4,35.9814,43.2606,45.6863
M_502_3,M_502_3.mp4_sec_0019.jpg,5,18.6186,21.621,26.6901
M_502_3,M_502_3.mp4_sec_0020.jpg,1,25.7667,29.123,35.1798
M_502_3,M_502_3.mp4_sec_0020.jpg,2,15.146,18.146,23.146
M_502_3,M_502_3.mp4_sec_0020.jpg,3,14.4208,17.423,22.4682
M_502_3,M_502_3.mp4_sec_0020.jpg,4,18.6727,21.688,26.7304
M_502_3,M_502_3.mp4_sec_0020.jpg,5,22.1661,25.4164,29.9286
M_502_3,M_502_3.mp4_sec_0021.jpg,1,17.0552,19.9841,24.9855
M_502_3,M_502_3.mp4_sec_0021.jpg,2,20.5726,23.5726,28.5726
M_502_3,M_502_3.mp4_sec_0021.jpg,3,19.1227,22.1227,27.1227
M_502_3,M_502_3.mp4_sec_0021.jpg,4,15.1635,18.1665,23.1917
M_502_3,M_502_3.mp4_sec_0021.jpg,5,37.22,43.0995,47.1133
M_502_3,M_502_3.mp4_sec_0022.jpg,1,19.96,22.9437,27.9437
M_502_3,M_502_3.mp4_sec_0022.jpg,2,19.18,22.18,27.18
M_502_3,M_502_3.mp4_sec_0022.jpg,3,19.6576,22.6606,28.3957
M_502_3,M_502_3.mp4_sec_0022.jpg,4,19.8019,22.7455,27.747
M_502_3,M_502_3.mp4_sec_0022.jpg,5,23.9883,28.0009,30.6393
M_502_3,M_502_3.mp4_sec_0023.jpg,1,24.2171,30.1179,32.7225
M_502_3,M_502_3.mp4_sec_0023.jpg,2,42.282,46.7647,52.2884
M_502_3,M_502_3.mp4_sec_0023.jpg,3,19.2174,23.5964,27.2882
M_502_3,M_502_3.mp4_sec_0023.jpg,4,20.5591,23.7278,28.5363
M_502_3,M_502_3.mp4_sec_0023.jpg,5,18.3739,21.3739,26.3739
M_502_3,M_502_3.mp4_sec_0024.jpg,1,17.4609,20.4609,25.4609
M_502_3,M_502_3.mp4_sec_0024.jpg,2,18.1322,21.1599,26.5794
M_502_3,M_502_3.mp4_sec_0024.jpg,3,16.6028,19.5418,24.5272
M_502_3,M_502_3.mp4_sec_0024.jpg,4,16.7032,19.663,24.6367
M_502_3,M_502_3.mp4_sec_0024.jpg,5,35.8757,41.2851,45.2101
M_502_3,M_502_3.mp4_sec_0025.jpg,1,17.9523,20.9542,25.9512
M_502_3,M_502_3.mp4_sec_0025.jpg,2,17.1574,20.1574,25.1574
M_502_3,M_502_3.mp4_sec_0025.jpg,3,19.1462,22.1462,27.1462
M_502_3,M_502_3.mp4_sec_0025.jpg,4,20.5015,23.5015,28.5015
M_502_3,M_502_3.mp4_sec_0025.jpg,5,19.0488,22.0488,27.0488
M_502_3,M_502_3.mp4_sec_0026.jpg,1,21.5261,24.5571,29.4965
M_502_3,M_502_3.mp4_sec_0026.jpg,2,14.8799,17.9252,23.0633
M_502_3,M_502_3.mp4_sec_0026.jpg,3,15.7377,18.7377,23.7377
M_502_3,M_502_3.mp4_sec_0026.jpg,4,36.9509,44.3852,47.4173
M_502_3,M_502_3.mp4_sec_0026.jpg,5,16.6594,19.6769,24.6433
M_502_3,M_502_3.mp4_sec_0027.jpg,1,19.8739,22.8739,27.8739
M_502_3,M_502_3.mp4_sec_0027.jpg,2,16.3695,19.3848,24.3585
M_502_3,M_502_3.mp4_sec_0027.jpg,3,22.0622,25.0728,30.0509
M_502_3,M_502_3.mp4_sec_0027.jpg,4,20.7923,24.0447,28.4405
M_502_3,M_502_3.mp4_sec_0027.jpg,5,26.6435,30.0995,36.1822
M_502_3,M_502_3.mp4_sec_0028.jpg,1,19.0891,22.0891,27.0891
M_502_3,M_502_3.mp4_sec_0028.jpg,2,19.6426,23.5931,26.4456
M_502_3,M_502_3.mp4_sec_0028.jpg,3,19.171,22.5581,27.1639
M_502_3,M_502_3.mp4_sec_0028.jpg,4,22.1059,26.6827,30.1895
M_502_3,M_502_3.mp4_sec_0028.jpg,5,18.8447,21.8447,26.8447
M_502_3,M_502_3.mp4_sec_0029.jpg,1,17.8932,20.8932,25.8932
M_502_3,M_502_3.mp4_sec_0029.jpg,2,17.9551,20.9551,25.9551
M_502_3,M_502_3.mp4_sec_0029.jpg,3,18.6302,22.5464,26.0409
M_502_3,M_502_3.mp4_sec_0029.jpg,4,18.3275,21.4314,26.2176
M_502_3,M_502_3.mp4_sec_0029.jpg,5,19.9569,23.0982,28.5173
M_502_3,M_502_3.mp4_sec_0030.jpg,1,14.7194,17.7227,22.7216
M_502_3,M_502_3.mp4_sec_0030.jpg,2,16.2853,19.2853,24.2853
M_502_3,M_502_3.mp4_sec_0030.jpg,3,17.7603,20.8133,25.7563
M_502_3,M_502_3.mp4_sec_0030.jpg,4,16.0082,19.0082,24.0097
M_502_3,M_502_3.mp4_sec_0030.jpg,5,19.0232,22.3715,26.6446
M_504_1,M_504_1.mp4_sec_0000.jpg,1,158.5343,165.7585,177.212
M_504_1,M_504_1.mp4_sec_0000.jpg,2,158.5693,165.1955,176.7438
M_504_1,M_504_1.mp4_sec_0000.jpg,3,160.2553,170.1777,179.2534
M_504_1,M_504_1.mp4_sec_0000.jpg,4,160.2228,169.4453,179.538
M_504_1,M_504_1.mp4_sec_0000.jpg,5,158.8077,167.5245,177.7008
M_504_1,M_504_1.mp4_sec_0001.jpg,1,159.3606,167.6857,178.0328
M_504_1,M_504_1.mp4_sec_0001.jpg,2,158.9591,165.6678,177.444
M_504_1,M_504_1.mp4_sec_0001.jpg,3,158.7725,165.3988,176.9874
M_504_1,M_504_1.mp4_sec_0001.jpg,4,158.8476,165.6573,177.0097
M_504_1,M_504_1.mp4_sec_0001.jpg,5,158.8719,166.3937,178.7828
M_504_1,M_504_1.mp4_sec_0002.jpg,1,158.6292,166.2127,177.0999
M_504_1,M_504_1.mp4_sec_0002.jpg,2,158.7607,166.0368,177.2328
M_504_1,M_504_1.mp4_sec_0002.jpg,3,158.9677,166.7413,178.8428
M_504_1,M_504_1.mp4_sec_0002.jpg,4,159.2722,167.08,178.1007
M_504_1,M_504_1.mp4_sec_0002.jpg,5,158.737,167.1153,177.4117
M_504_1,M_504_1.mp4_sec_0003.jpg,1,158.5452,168.0637,177.5769
M_504_1,M_504_1.mp4_sec_0003.jpg,2,158.8187,165.5398,177.364
M_504_1,M_504_1.mp4_sec_0003.jpg,3,159.4555,167.7903,178.3057
M_504_1,M_504_1.mp4_sec_0003.jpg,4,158.134,165.3528,176.8304
M_504_1,M_504_1.mp4_sec_0003.jpg,5,157.8873,165.7367,177.4546
M_504_1,M_504_1.mp4_sec_0004.jpg,1,158.797,165.3485,176.9782
M_504_1,M_504_1.mp4_sec_0004.jpg,2,159.0415,166.3467,177.8741
M_504_1,M_504_1.mp4_sec_0004.jpg,3,158.283,166.1338,177.7366
M_504_1,M_504_1.mp4_sec_0004.jpg,4,158.3508,164.927,176.6891
M_504_1,M_504_1.mp4_sec_0004.jpg,5,158.6234,166.0169,177.0489
M_504_1,M_504_1.mp4_sec_0005.jpg,1,158.7028,166.6073,177.4073
M_504_1,M_504_1.mp4_sec_0005.jpg,2,159.7324,167.6524,178.3953
M_504_1,M_504_1.mp4_sec_0005.jpg,3,159.1262,166.1172,177.9131
M_504_1,M_504_1.mp4_sec_0005.jpg,4,158.7794,166.3863,178.1007
M_504_1,M_504_1.mp4_sec_0005.jpg,5,158.8858,166.2082,178.2654
M_504_1,M_504_1.mp4_sec_0006.jpg,1,159.2944,166.4348,179.0212
M_504_1,M_504_1.mp4_sec_0006.jpg,2,159.2133,166.0192,177.5465
M_504_1,M_504_1.mp4_sec_0006.jpg,3,158.8319,165.4454,177.3915
M_504_1,M_504_1.mp4_sec_0006.jpg,4,158.9247,165.5952,177.1444
M_504_1,M_504_1.mp4_sec_0006.jpg,5,159.2307,166.3359,178.8934
M_504_1,M_504_1.mp4_sec_0007.jpg,1,158.7256,165.1919,177.2395
M_504_1,M_504_1.mp4_sec_0007.jpg,2,158.5666,165.7887,177.2259
M_504_1,M_504_1.mp4_sec_0007.jpg,3,159.0156,166.1129,178.6664
M_504_1,M_504_1.mp4_sec_0007.jpg,4,160.9786,169.9432,179.7632
M_504_1,M_504_1.mp4_sec_0007.jpg,5,158.9495,166.2827,178.7999
M_504_1,M_504_1.mp4_sec_0008.jpg,1,158.9369,165.4265,177.4494
M_504_1,M_504_1.mp4_sec_0008.jpg,2,158.9083,165.0397,177.0352
M_504_1,M_504_1.mp4_sec_0008.jpg,3,158.5602,166.428,177.6299
M_504_1,M_504_1.mp4_sec_0008.jpg,4,160.0002,167.5659,178.6285
M_504_1,M_504_1.mp4_sec_0008.jpg,5,158.4273,166.1169,178.4165
M_504_1,M_504_1.mp4_sec_0009.jpg,1,158.8401,165.0622,177.1185
M_504_1,M_504_1.mp4_sec_0009.jpg,2,158.8633,166.0376,177.6698
M_504_1,M_504_1.mp4_sec_0009.jpg,3,158.964,165.2172,177.2647
M_504_1,M_504_1.mp4_sec_0009.jpg,4,157.7643,165.2262,176.8657
M_504_1,M_504_1.mp4_sec_0009.jpg,5,158.9335,165.2537,177.2305
M_504_1,M_504_1.mp4_sec_0010.jpg,1,159.1766,165.8692,177.7836
M_504_1,M_504_1.mp4_sec_0010.jpg,2,158.5444,165.2608,177.204
M_504_1,M_504_1.mp4_sec_0010.jpg,3,158.8028,166.3468,178.1164
M_504_1,M_504_1.mp4_sec_0010.jpg,4,159.1818,168.0519,178.2569
M_504_1,M_504_1.mp4_sec_0010.jpg,5,158.6313,166.0178,178.0421
M_504_1,M_504_1.mp4_sec_0011.jpg,1,158.8896,165.6483,177.4256
M_504_1,M_504_1.mp4_sec_0011.jpg,2,158.5718,167.5073,177.7803
M_504_1,M_504_1.mp4_sec_0011.jpg,3,158.5269,165.9482,178.4846
M_504_1,M_504_1.mp4_sec_0011.jpg,4,158.8822,165.2048,177.0604
M_504_1,M_504_1.mp4_sec_0011.jpg,5,158.8353,165.9991,177.3147
M_504_1,M_504_1.mp4_sec_0012.jpg,1,159.0525,165.879,178.2509
M_504_1,M_504_1.mp4_sec_0012.jpg,2,160.2931,169.5236,179.2739
M_504_1,M_504_1.mp4_sec_0012.jpg,3,159.1002,166.1921,177.9185
M_504_1,M_504_1.mp4_sec_0012.jpg,4,159.9124,167.6682,179.194
M_504_1,M_504_1.mp4_sec_0012.jpg,5,160.0029,167.5907,178.9155
M_504_1,M_504_1.mp4_sec_0013.jpg,1,158.8504,166.1915,178.0645
M_504_1,M_504_1.mp4_sec_0013.jpg,2,158.7678,165.8602,177.7841
M_504_1,M_504_1.mp4_sec_0013.jpg,3,160.4224,168.5828,179.2448
M_504_1,M_504_1.mp4_sec_0013.jpg,4,158.9391,167.0453,178.5958
M_504_1,M_504_1.mp4_sec_0013.jpg,5,158.659,165.3326,177.4721
M_504_1,M_504_1.mp4_sec_0014.jpg,1,158.5085,166.7313,178.2687
M_504_1,M_504_1.mp4_sec_0014.jpg,2,158.8784,165.9189,177.7439
M_504_1,M_504_1.mp4_sec_0014.jpg,3,158.8376,166.0153,177.9784
M_504_1,M_504_1.mp4_sec_0014.jpg,4,159.2715,167.4461,178.3079
M_504_1,M_504_1.mp4_sec_0014.jpg,5,158.4069,164.7991,176.6306
M_504_1,M_504_1.mp4_sec_0015.jpg,1,159.2758,168.3469,178.2616
M_504_1,M_504_1.mp4_sec_0015.jpg,2,158.9737,167.8396,178.1356
M_504_1,M_504_1.mp4_sec_0015.jpg,3,158.9381,166.0448,178.0354
M_504_1,M_504_1.mp4_sec_0015.jpg,4,158.7862,165.5747,177.1883
M_504_1,M_504_1.mp4_sec_0015.jpg,5,158.2543,165.5711,177.7369
M_504_1,M_504_1.mp4_sec_0016.jpg,1,159.9543,168.1521,178.9167
M_504_1,M_504_1.mp4_sec_0016.jpg,2,158.7829,166.6409,178.9167
M_504_1,M_504_1.mp4_sec_0016.jpg,3,158.4538,165.9435,177.6185
M_504_1,M_504_1.mp4_sec_0016.jpg,4,159.7658,168.9119,178.6618
M_504_1,M_504_1.mp4_sec_0016.jpg,5,158.7514,165.5436,177.1567
M_504_1,M_504_1.mp4_sec_0017.jpg,1,158.6482,165.5559,177.2108
M_504_1,M_504_1.mp4_sec_0017.jpg,2,158.1676,166.356,177.3518
M_504_1,M_504_1.mp4_sec_0017.jpg,3,158.5518,166.0641,177.4261
M_504_1,M_504_1.mp4_sec_0017.jpg,4,158.9011,165.7004,177.3981
M_504_1,M_504_1.mp4_sec_0017.jpg,5,158.5947,165.3837,177.4031
M_504_1,M_504_1.mp4_sec_0018.jpg,1,159.1557,167.5801,178.3532
M_504_1,M_504_1.mp4_sec_0018.jpg,2,158.6925,165.3327,176.9739
M_504_1,M_504_1.mp4_sec_0018.jpg,3,158.677,165.9978,177.6393
M_504_1,M_504_1.mp4_sec_0018.jpg,4,158.5465,165.5494,177.4629
M_504_1,M_504_1.mp4_sec_0018.jpg,5,158.1645,165.3944,176.9342
M_504_1,M_504_1.mp4_sec_0019.jpg,1,158.9658,165.9874,177.8223
M_504_1,M_504_1.mp4_sec_0019.jpg,2,158.6837,166.4355,178.7522
M_504_1,M_504_1.mp4_sec_0019.jpg,3,158.6643,165.5995,177.2163
M_504_1,M_504_1.mp4_sec_0019.jpg,4,158.2974,166.1169,177.6033
M_504_1,M_504_1.mp4_sec_0019.jpg,5,158.6031,166.068,177.5145
M_504_1,M_504_1.mp4_sec_0020.jpg,1,158.4998,165.4518,177.8338
M_504_1,M_504_1.mp4_sec_0020.jpg,2,159.6044,168.1963,178.5154
M_504_1,M_504_1.mp4_sec_0020.jpg,3,158.8726,165.8483,177.6435
M_504_1,M_504_1.mp4_sec_0020.jpg,4,159.1205,166.6648,178.509
M_504_1,M_504_1.mp4_sec_0020.jpg,5,158.8398,165.9784,178.2284
M_504_1,M_504_1.mp4_sec_0021.jpg,1,158.3701,165.4568,177.6622
M_504_1,M_504_1.mp4_sec_0021.jpg,2,158.2011,165.3559,177.2267
M_504_1,M_504_1.mp4_sec_0021.jpg,3,158.2345,165.8197,177.9847
M_504_1,M_504_1.mp4_sec_0021.jpg,4,158.5876,165.2548,177.2416
M_504_1,M_504_1.mp4_sec_0021.jpg,5,158.8842,166.7066,177.583
M_504_1,M_504_1.mp4_sec_0022.jpg,1,158.5983,166.4474,178.0466
M_504_1,M_504_1.mp4_sec_0022.jpg,2,158.849,166.0789,177.634
M_504_1,M_504_1.mp4_sec_0022.jpg,3,158.5352,164.9646,176.7834
M_504_1,M_504_1.mp4_sec_0022.jpg,4,157.7564,165.7688,176.9714
M_504_1,M_504_1.mp4_sec_0022.jpg,5,158.3824,166.2358,177.7042
M_504_1,M_504_1.mp4_sec_0023.jpg,1,158.6327,165.0375,176.8699
M_504_1,M_504_1.mp4_sec_0023.jpg,2,158.398,166.1125,178.1235
M_504_1,M_504_1.mp4_sec_0023.jpg,3,158.355,165.2324,176.8555
M_504_1,M_504_1.mp4_sec_0023.jpg,4,158.8619,166.17,177.559
M_504_1,M_504_1.mp4_sec_0023.jpg,5,158.0617,165.6039,177.4717
M_504_1,M_504_1.mp4_sec_0024.jpg,1,158.4775,164.7693,176.7985
M_504_1,M_504_1.mp4_sec_0024.jpg,2,158.9972,165.8186,178.2218
M_504_1,M_504_1.mp4_sec_0024.jpg,3,158.8567,166.1242,177.6648
M_504_1,M_504_1.mp4_sec_0024.jpg,4,158.9477,165.4616,177.7007
M_504_1,M_504_1.mp4_sec_0024.jpg,5,158.6114,165.3524,177.2908
M_504_1,M_504_1.mp4_sec_0025.jpg,1,157.979,166.4302,176.8372
M_504_1,M_504_1.mp4_sec_0025.jpg,2,158.7477,165.6318,177.7303
M_504_1,M_504_1.mp4_sec_0025.jpg,3,158.7587,165.5448,177.2253
M_504_1,M_504_1.mp4_sec_0025.jpg,4,158.5943,165.76,177.3488
M_504_1,M_504_1.mp4_sec_0025.jpg,5,158.6306,167.686,177.6398
M_504_1,M_504_1.mp4_sec_0026.jpg,1,158.9389,165.7763,177.8076
M_504_1,M_504_1.mp4_sec_0026.jpg,2,158.3647,165.7035,177.6231
M_504_1,M_504_1.mp4_sec_0026.jpg,3,158.9664,165.9011,177.8373
M_504_1,M_504_1.mp4_sec_0026.jpg,4,160.4693,167.5332,179.0252
M_504_1,M_504_1.mp4_sec_0026.jpg,5,159.0998,166.0914,177.6121
M_504_1,M_504_1.mp4_sec_0027.jpg,1,158.6869,165.6903,177.6303
M_504_1,M_504_1.mp4_sec_0027.jpg,2,158.6229,165.9239,177.4393
M_504_1,M_504_1.mp4_sec_0027.jpg,3,158.7644,167.1791,177.9707
M_504_1,M_504_1.mp4_sec_0027.jpg,4,158.6409,166.357,177.9229
M_504_1,M_504_1.mp4_sec_0027.jpg,5,158.1194,165.4684,177.169
M_504_1,M_504_1.mp4_sec_0028.jpg,1,158.6598,165.6738,177.3151
M_504_1,M_504_1.mp4_sec_0028.jpg,2,157.6049,165.1273,176.3757
M_504_1,M_504_1.mp4_sec_0028.jpg,3,158.2478,165.6454,177.1243
M_504_1,M_504_1.mp4_sec_0028.jpg,4,158.6092,166.0874,177.431
M_504_1,M_504_1.mp4_sec_0028.jpg,5,158.0806,165.2969,177.3722
M_504_1,M_504_1.mp4_sec_0029.jpg,1,158.6035,165.0034,176.8754
M_504_1,M_504_1.mp4_sec_0029.jpg,2,158.1324,165.3411,177.6483
M_504_1,M_504_1.mp4_sec_0029.jpg,3,158.9667,165.4282,177.3489
M_504_1,M_504_1.mp4_sec_0029.jpg,4,158.6779,166.1525,177.2771
M_504_1,M_504_1.mp4_sec_0029.jpg,5,158.2082,165.4323,177.6346
M_504_1,M_504_1.mp4_sec_0030.jpg,1,159.342,167.1655,178.1733
M_504_1,M_504_1.mp4_sec_0030.jpg,2,158.5089,165.053,177.0858
M_504_1,M_504_1.mp4_sec_0030.jpg,3,159.0144,167.8097,177.9093
M_504_1,M_504_1.mp4_sec_0030.jpg,4,158.1134,165.8703,177.7498
M_504_1,M_504_1.mp4_sec_0030.jpg,5,158.8901,165.9842,177.8629
M_504_2,M_504_2.mp4_sec_0000.jpg,1,158.5346,165.3797,177.7489
M_504_2,M_504_2.mp4_sec_0000.jpg,2,158.5066,166.3014,177.0871
M_504_2,M_504_2.mp4_sec_0000.jpg,3,158.6158,165.5949,177.656
M_504_2,M_504_2.mp4_sec_0000.jpg,4,158.7973,166.4382,177.8706
M_504_2,M_504_2.mp4_sec_0000.jpg,5,158.6347,167.1955,177.7452
M_504_2,M_504_2.mp4_sec_0001.jpg,1,158.8572,165.9412,177.7006
M_504_2,M_504_2.mp4_sec_0001.jpg,2,158.3992,167.6098,177.3534
M_504_2,M_504_2.mp4_sec_0001.jpg,3,158.8874,166.5513,177.5508
M_504_2,M_504_2.mp4_sec_0001.jpg,4,158.793,165.7848,177.6542
M_504_2,M_504_2.mp4_sec_0001.jpg,5,159.289,166.8934,179.2239
M_504_2,M_504_2.mp4_sec_0002.jpg,1,158.8355,166.2776,177.5272
M_504_2,M_504_2.mp4_sec_0002.jpg,2,158.9919,165.2553,177.3068
M_504_2,M_504_2.mp4_sec_0002.jpg,3,158.7939,165.7711,178.0281
M_504_2,M_504_2.mp4_sec_0002.jpg,4,159.9417,167.335,178.7148
M_504_2,M_504_2.mp4_sec_0002.jpg,5,159.0507,166.3061,178.4219
M_504_2,M_504_2.mp4_sec_0003.jpg,1,158.6504,166.0773,177.4035
M_504_2,M_504_2.mp4_sec_0003.jpg,2,158.8094,166.0931,177.9797
M_504_2,M_504_2.mp4_sec_0003.jpg,3,158.7168,166.8533,177.9052
M_504_2,M_504_2.mp4_sec_0003.jpg,4,158.7587,166.6653,178.217
M_504_2,M_504_2.mp4_sec_0003.jpg,5,158.7402,166.0394,177.5375
M_504_2,M_504_2.mp4_sec_0004.jpg,1,158.6648,166.513,178.3791
M_504_2,M_504_2.mp4_sec_0004.jpg,2,158.1829,165.8732,177.4568
M_504_2,M_504_2.mp4_sec_0004.jpg,3,158.1617,165.5407,177.2388
M_504_2,M_504_2.mp4_sec_0004.jpg,4,158.7137,165.7333,177.7497
M_504_2,M_504_2.mp4_sec_0004.jpg,5,158.7357,166.005,177.2983
M_504_2,M_504_2.mp4_sec_0005.jpg,1,158.8912,167.0788,178.5098
M_504_2,M_504_2.mp4_sec_0005.jpg,2,158.4611,165.6119,177.5037
M_504_2,M_504_2.mp4_sec_0005.jpg,3,158.9288,165.2953,177.1352
M_504_2,M_504_2.mp4_sec_0005.jpg,4,159.7218,166.6591,178.1491
M_504_2,M_504_2.mp4_sec_0005.jpg,5,161.7425,170.1498,180.3165
M_504_2,M_504_2.mp4_sec_0006.jpg,1,158.6004,165.9758,177.9822
M_504_2,M_504_2.mp4_sec_0006.jpg,2,158.3006,166.4478,177.4069
M_504_2,M_504_2.mp4_sec_0006.jpg,3,158.5201,165.8412,177.1946
M_504_2,M_504_2.mp4_sec_0006.jpg,4,158.8726,165.9801,178.3342
M_504_2,M_504_2.mp4_sec_0006.jpg,5,158.9869,165.2752,177.3264
M_504_2,M_504_2.mp4_sec_0007.jpg,1,158.949,166.4881,178.6646
M_504_2,M_504_2.mp4_sec_0007.jpg,2,159.0039,165.6279,177.9258
M_504_2,M_504_2.mp4_sec_0007.jpg,3,158.8136,165.9681,177.2936
M_504_2,M_504_2.mp4_sec_0007.jpg,4,158.4881,167.2078,177.4741
M_504_2,M_504_2.mp4_sec_0007.jpg,5,158.918,166.2635,177.5253
M_504_2,M_504_2.mp4_sec_0008.jpg,1,158.6805,165.5521,176.9457
M_504_2,M_504_2.mp4_sec_0008.jpg,2,158.6943,165.8479,177.2706
M_504_2,M_504_2.mp4_sec_0008.jpg,3,159.6781,166.0378,177.8427
M_504_2,M_504_2.mp4_sec_0008.jpg,4,158.6375,165.9221,177.7919
M_504_2,M_504_2.mp4_sec_0008.jpg,5,158.8153,166.8353,178.4199
M_504_2,M_504_2.mp4_sec_0009.jpg,1,159.3921,166.2096,178.2247
M_504_2,M_504_2.mp4_sec_0009.jpg,2,158.8799,166.1396,177.5015
M_504_2,M_504_2.mp4_sec_0009.jpg,3,158.4452,165.6738,177.1975
M_504_2,M_504_2.mp4_sec_0009.jpg,4,158.2415,165.5559,176.8806
M_504_2,M_504_2.mp4_sec_0009.jpg,5,158.644,165.1271,177.0108
M_504_2,M_504_2.mp4_sec_0010.jpg,1,158.2888,165.5107,177.135
M_504_2,M_504_2.mp4_sec_0010.jpg,2,158.3023,165.7081,176.9842
M_504_2,M_504_2.mp4_sec_0010.jpg,3,158.6164,165.7849,177.6907
M_504_2,M_504_2.mp4_sec_0010.jpg,4,157.8624,165.4409,176.5958
M_504_2,M_504_2.mp4_sec_0010.jpg,5,161.3683,169.0313,180.387
M_504_2,M_504_2.mp4_sec_0011.jpg,1,158.788,166.2534,177.6511
M_504_2,M_504_2.mp4_sec_0011.jpg,2,158.9475,165.6823,177.2685
M_504_2,M_504_2.mp4_sec_0011.jpg,3,158.7716,166.2863,178.0491
M_504_2,M_504_2.mp4_sec_0011.jpg,4,159.2241,166.4379,178.8817
M_504_2,M_504_2.mp4_sec_0011.jpg,5,159.282,166.0126,177.8396
M_504_2,M_504_2.mp4_sec_0012.jpg,1,158.9693,166.1483,177.6629
M_504_2,M_504_2.mp4_sec_0012.jpg,2,158.0303,165.3438,176.7569
M_504_2,M_504_2.mp4_sec_0012.jpg,3,159.961,166.6715,178.2457
M_504_2,M_504_2.mp4_sec_0012.jpg,4,159.4253,167.1566,178.6093
M_504_2,M_504_2.mp4_sec_0012.jpg,5,158.9778,165.3891,177.1849
M_504_2,M_504_2.mp4_sec_0013.jpg,1,159.9067,169.2216,178.699
M_504_2,M_504_2.mp4_sec_0013.jpg,2,158.431,166.0511,177.9693
M_504_2,M_504_2.mp4_sec_0013.jpg,3,158.4894,165.5531,177.1154
M_504_2,M_504_2.mp4_sec_0013.jpg,4,158.3324,166.3468,177.5918
M_504_2,M_504_2.mp4_sec_0013.jpg,5,158.9299,165.6751,177.7514
M_504_2,M_504_2.mp4_sec_0014.jpg,1,158.6267,167.9045,177.5617
M_504_2,M_504_2.mp4_sec_0014.jpg,2,158.5745,166.2322,177.8014
M_504_2,M_504_2.mp4_sec_0014.jpg,3,159.5842,166.2406,177.8286
M_504_2,M_504_2.mp4_sec_0014.jpg,4,158.8554,166.3295,178.4918
M_504_2,M_504_2.mp4_sec_0014.jpg,5,158.8724,165.2247,177.0383
M_504_2,M_504_2.mp4_sec_0015.jpg,1,159.0058,165.831,177.8135
M_504_2,M_504_2.mp4_sec_0015.jpg,2,158.8324,166.7669,178.0473
M_504_2,M_504_2.mp4_sec_0015.jpg,3,158.7144,166.0851,177.877
M_504_2,M_504_2.mp4_sec_0015.jpg,4,159.1947,168.5585,178.1726
M_504_2,M_504_2.mp4_sec_0015.jpg,5,158.7204,166.7438,177.4005
M_504_2,M_504_2.mp4_sec_0016.jpg,1,158.7698,166.1883,178.0572
M_504_2,M_504_2.mp4_sec_0016.jpg,2,158.8482,165.8585,177.2117
M_504_2,M_504_2.mp4_sec_0016.jpg,3,158.4375,167.2776,177.2841
M_504_2,M_504_2.mp4_sec_0016.jpg,4,157.7186,165.4798,176.3997
M_504_2,M_504_2.mp4_sec_0016.jpg,5,159.0502,166.2117,178.6736
M_504_2,M_504_2.mp4_sec_0017.jpg,1,158.9741,166.5156,177.6368
M_504_2,M_504_2.mp4_sec_0017.jpg,2,158.7944,166.277,177.2214
M_504_2,M_504_2.mp4_sec_0017.jpg,3,158.9389,165.8854,177.6557
M_504_2,M_504_2.mp4_sec_0017.jpg,4,159.0005,165.419,177.0304
M_504_2,M_504_2.mp4_sec_0017.jpg,5,159.1873,166.2587,177.7383
M_504_2,M_504_2.mp4_sec_0018.jpg,1,159.8027,167.0602,178.7247
M_504_2,M_504_2.mp4_sec_0018.jpg,2,158.8977,166.25,177.5602
M_504_2,M_504_2.mp4_sec_0018.jpg,3,158.2091,165.7677,177.4197
M_504_2,M_504_2.mp4_sec_0018.jpg,4,158.9164,166.2491,178.0809
M_504_2,M_504_2.mp4_sec_0018.jpg,5,158.7761,165.0676,176.8396
M_504_2,M_504_2.mp4_sec_0019.jpg,1,159.2483,166.0372,177.5781
M_504_2,M_504_2.mp4_sec_0019.jpg,2,158.6429,165.1451,177.0622
M_504_2,M_504_2.mp4_sec_0019.jpg,3,158.2521,165.7162,178.0158
M_504_2,M_504_2.mp4_sec_0019.jpg,4,158.6466,166.4235,178.1746
M_504_2,M_504_2.mp4_sec_0019.jpg,5,158.8258,166.5364,178.2372
M_504_2,M_504_2.mp4_sec_0020.jpg,1,159.2187,165.7632,177.4936
M_504_2,M_504_2.mp4_sec_0020.jpg,2,158.8385,165.7536,177.4222
M_504_2,M_504_2.mp4_sec_0020.jpg,3,159.3632,166.0967,177.6022
M_504_2,M_504_2.mp4_sec_0020.jpg,4,160.6639,168.1744,179.0365
M_504_2,M_504_2.mp4_sec_0020.jpg,5,158.8283,165.3309,176.9725
M_504_2,M_504_2.mp4_sec_0021.jpg,1,158.6862,165.9162,177.8026
M_504_2,M_504_2.mp4_sec_0021.jpg,2,158.749,165.7632,177.6842
M_504_2,M_504_2.mp4_sec_0021.jpg,3,158.784,166.0482,177.3764
M_504_2,M_504_2.mp4_sec_0021.jpg,4,159.2642,166.0016,177.6497
M_504_2,M_504_2.mp4_sec_0021.jpg,5,159.0881,165.2093,177.2241
M_504_2,M_504_2.mp4_sec_0022.jpg,1,158.8511,166.5132,178.021
M_504_2,M_504_2.mp4_sec_0022.jpg,2,159.0475,166.3454,178.1714
M_504_2,M_504_2.mp4_sec_0022.jpg,3,159.6551,168.1502,178.4416
M_504_2,M_504_2.mp4_sec_0022.jpg,4,158.9723,165.0656,176.9906
M_504_2,M_504_2.mp4_sec_0022.jpg,5,158.6909,165.4102,177.1831
M_504_2,M_504_2.mp4_sec_0023.jpg,1,158.7528,166.0868,177.1827
M_504_2,M_504_2.mp4_sec_0023.jpg,2,158.6343,165.9594,177.2792
M_504_2,M_504_2.mp4_sec_0023.jpg,3,158.7414,165.4772,177.0854
M_504_2,M_504_2.mp4_sec_0023.jpg,4,158.9563,166.7159,177.9696
M_504_2,M_504_2.mp4_sec_0023.jpg,5,158.7195,165.6096,177.2665
M_504_2,M_504_2.mp4_sec_0024.jpg,1,158.5482,166.1216,177.8801
M_504_2,M_504_2.mp4_sec_0024.jpg,2,158.9558,165.169,177.2746
M_504_2,M_504_2.mp4_sec_0024.jpg,3,159.1533,166.2004,177.8242
M_504_2,M_504_2.mp4_sec_0024.jpg,4,158.9876,166.0821,178.3447
M_504_2,M_504_2.mp4_sec_0024.jpg,5,158.8527,165.6132,177.1174
M_504_2,M_504_2.mp4_sec_0025.jpg,1,158.4638,165.8995,178.32
M_504_2,M_504_2.mp4_sec_0025.jpg,2,158.8085,165.7603,177.0368
M_504_2,M_504_2.mp4_sec_0025.jpg,3,159.8844,169.4117,178.7869
M_504_2,M_504_2.mp4_sec_0025.jpg,4,158.9858,166.5681,178.2863
M_504_2,M_504_2.mp4_sec_0025.jpg,5,159.5162,166.9661,178.6855
M_504_2,M_504_2.mp4_sec_0026.jpg,1,158.7545,165.7876,177.7836
M_504_2,M_504_2.mp4_sec_0026.jpg,2,159.2978,165.7537,177.684
M_504_2,M_504_2.mp4_sec_0026.jpg,3,158.8298,165.6503,177.0481
M_504_2,M_504_2.mp4_sec_0026.jpg,4,158.9208,165.2452,177.0284
M_504_2,M_504_2.mp4_sec_0026.jpg,5,158.9911,165.3993,177.1392
M_504_2,M_504_2.mp4_sec_0027.jpg,1,159.8122,167.5099,178.9103
M_504_2,M_504_2.mp4_sec_0027.jpg,2,158.924,166.4484,177.8444
M_504_2,M_504_2.mp4_sec_0027.jpg,3,158.3728,165.9545,177.1522
M_504_2,M_504_2.mp4_sec_0027.jpg,4,157.9252,165.3762,176.7991
M_504_2,M_504_2.mp4_sec_0027.jpg,5,158.7445,165.9545,177.4288
M_504_2,M_504_2.mp4_sec_0028.jpg,1,159.8177,166.8274,178.6403
M_504_2,M_504_2.mp4_sec_0028.jpg,2,159.239,166.5174,178.1136
M_504_2,M_504_2.mp4_sec_0028.jpg,3,158.8703,165.6832,177.3839
M_504_2,M_504_2.mp4_sec_0028.jpg,4,158.2776,165.4252,177.0707
M_504_2,M_504_2.mp4_sec_0028.jpg,5,158.8221,166.7105,178.2835
M_504_2,M_504_2.mp4_sec_0029.jpg,1,158.5708,166.0896,177.6483
M_504_2,M_504_2.mp4_sec_0029.jpg,2,158.9621,165.749,178.1119
M_504_2,M_504_2.mp4_sec_0029.jpg,3,159.0417,165.7777,177.8097
M_504_2,M_504_2.mp4_sec_0029.jpg,4,158.4397,165.6927,177.2787
M_504_2,M_504_2.mp4_sec_0029.jpg,5,157.8871,165.2115,176.5409
M_504_2,M_504_2.mp4_sec_0030.jpg,1,158.9314,165.2068,177.0721
M_504_2,M_504_2.mp4_sec_0030.jpg,2,158.8176,166.3676,177.6749
M_504_2,M_504_2.mp4_sec_0030.jpg,3,158.9489,167.1215,178.1231
M_504_2,M_504_2.mp4_sec_0030.jpg,4,158.5011,165.7495,177.8736
M_504_2,M_504_2.mp4_sec_0030.jpg,5,158.6031,166.1604,177.5914
M_504_3,M_504_3.mp4_sec_0000.jpg,1,158.2342,166.6344,177.5705
M_504_3,M_504_3.mp4_sec_0000.jpg,2,158.7808,167.646,178.002
M_504_3,M_504_3.mp4_sec_0000.jpg,3,159.6002,169.0798,178.5033
M_504_3,M_504_3.mp4_sec_0000.jpg,4,158.2415,166.3167,177.2289
M_504_3,M_504_3.mp4_sec_0000.jpg,5,159.4149,165.6842,177.5807
M_504_3,M_504_3.mp4_sec_0001.jpg,1,158.6549,166.2577,177.1538
M_504_3,M_504_3.mp4_sec_0001.jpg,2,159.032,166.1341,177.8882
M_504_3,M_504_3.mp4_sec_0001.jpg,3,158.7452,166.2787,177.6704
M_504_3,M_504_3.mp4_sec_0001.jpg,4,158.5511,165.5215,177.3524
M_504_3,M_504_3.mp4_sec_0001.jpg,5,158.0126,165.7401,177.4317
M_504_3,M_504_3.mp4_sec_0002.jpg,1,158.7765,166.4474,177.6193
M_504_3,M_504_3.mp4_sec_0002.jpg,2,158.791,165.4652,177.3248
M_504_3,M_504_3.mp4_sec_0002.jpg,3,158.6155,165.2318,176.8892
M_504_3,M_504_3.mp4_sec_0002.jpg,4,159.0937,166.4898,178.0325
M_504_3,M_504_3.mp4_sec_0002.jpg,5,158.6475,167.2913,177.7874
M_504_3,M_504_3.mp4_sec_0003.jpg,1,159.7871,166.8626,178.5661
M_504_3,M_504_3.mp4_sec_0003.jpg,2,160.488,168.5468,179.0896
M_504_3,M_504_3.mp4_sec_0003.jpg,3,158.6707,165.2678,177.217
M_504_3,M_504_3.mp4_sec_0003.jpg,4,159.1872,165.7943,177.7144
M_504_3,M_504_3.mp4_sec_0003.jpg,5,159.0444,165.8666,178.0437
M_504_3,M_504_3.mp4_sec_0004.jpg,1,158.8304,166.1273,178.4309
M_504_3,M_504_3.mp4_sec_0004.jpg,2,158.8603,166.5672,177.7594
M_504_3,M_504_3.mp4_sec_0004.jpg,3,159.027,165.8027,177.5035
M_504_3,M_504_3.mp4_sec_0004.jpg,4,158.8819,166.087,178.4265
M_504_3,M_504_3.mp4_sec_0004.jpg,5,158.3703,165.9004,177.4834
M_504_3,M_504_3.mp4_sec_0005.jpg,1,158.5889,165.998,177.2985
M_504_3,M_504_3.mp4_sec_0005.jpg,2,158.6404,165.3471,177.1555
M_504_3,M_504_3.mp4_sec_0005.jpg,3,158.6792,165.4467,177.2298
M_504_3,M_504_3.mp4_sec_0005.jpg,4,158.7529,166.381,178.5522
M_504_3,M_504_3.mp4_sec_0005.jpg,5,158.8439,165.2546,177.4291
M_504_3,M_504_3.mp4_sec_0006.jpg,1,159.0004,165.6368,177.7706
M_504_3,M_504_3.mp4_sec_0006.jpg,2,158.5179,165.5483,177.1617
M_504_3,M_504_3.mp4_sec_0006.jpg,3,158.6375,166.9343,177.5451
M_504_3,M_504_3.mp4_sec_0006.jpg,4,157.7273,165.1249,176.8447
M_504_3,M_504_3.mp4_sec_0006.jpg,5,158.4158,165.8735,177.0819
M_504_3,M_504_3.mp4_sec_0007.jpg,1,158.4167,164.9244,176.7012
M_504_3,M_504_3.mp4_sec_0007.jpg,2,158.8643,165.437,177.2092
M_504_3,M_504_3.mp4_sec_0007.jpg,3,160.2729,166.9165,178.6481
M_504_3,M_504_3.mp4_sec_0007.jpg,4,158.5741,167.3634,177.5772
M_504_3,M_504_3.mp4_sec_0007.jpg,5,158.2082,165.4757,177.0086
M_504_3,M_504_3.mp4_sec_0008.jpg,1,158.4844,165.2377,176.8766
M_504_3,M_504_3.mp4_sec_0008.jpg,2,158.3163,165.567,177.5238
M_504_3,M_504_3.mp4_sec_0008.jpg,3,158.068,165.4541,177.0566
M_504_3,M_504_3.mp4_sec_0008.jpg,4,158.6974,165.2902,177.0628
M_504_3,M_504_3.mp4_sec_0008.jpg,5,158.9863,166.0901,178.1061
M_504_3,M_504_3.mp4_sec_0009.jpg,1,158.7321,165.6841,177.4789
M_504_3,M_504_3.mp4_sec_0009.jpg,2,158.2831,166.1665,178.2101
M_504_3,M_504_3.mp4_sec_0009.jpg,3,158.9614,165.6774,177.9965
M_504_3,M_504_3.mp4_sec_0009.jpg,4,158.5108,165.2225,177.0613
M_504_3,M_504_3.mp4_sec_0009.jpg,5,158.5994,165.7576,177.8056
M_504_3,M_504_3.mp4_sec_0010.jpg,1,158.7425,165.6592,177.2803
M_504_3,M_504_3.mp4_sec_0010.jpg,2,158.1687,165.1038,176.6837
M_504_3,M_504_3.mp4_sec_0010.jpg,3,160.4292,167.2534,179.1113
M_504_3,M_504_3.mp4_sec_0010.jpg,4,158.7848,165.6283,177.2895
M_504_3,M_504_3.mp4_sec_0010.jpg,5,158.6839,165.9205,177.8819
M_504_3,M_504_3.mp4_sec_0011.jpg,1,158.0753,165.3206,176.4956
M_504_3,M_504_3.mp4_sec_0011.jpg,2,158.829,165.1358,176.9185
M_504_3,M_504_3.mp4_sec_0011.jpg,3,158.3604,166.6799,177.5627
M_504_3,M_504_3.mp4_sec_0011.jpg,4,158.2275,165.688,177.0975
M_504_3,M_504_3.mp4_sec_0011.jpg,5,158.0735,165.2839,176.4059
M_504_3,M_504_3.mp4_sec_0012.jpg,1,158.929,165.124,177.0624
M_504_3,M_504_3.mp4_sec_0012.jpg,2,158.0434,165.7649,176.9001
M_504_3,M_504_3.mp4_sec_0012.jpg,3,158.8839,165.7899,177.2008
M_504_3,M_504_3.mp4_sec_0012.jpg,4,158.9682,166.7087,177.6241
M_504_3,M_504_3.mp4_sec_0012.jpg,5,158.8695,165.4633,177.1061
M_504_3,M_504_3.mp4_sec_0013.jpg,1,159.1325,166.1092,177.5251
M_504_3,M_504_3.mp4_sec_0013.jpg,2,158.8619,166.7233,177.7434
M_504_3,M_504_3.mp4_sec_0013.jpg,3,159.3188,167.0514,178.5348
M_504_3,M_504_3.mp4_sec_0013.jpg,4,159.2901,167.5787,178.1327
M_504_3,M_504_3.mp4_sec_0013.jpg,5,159.1275,165.8144,178.1552
M_504_3,M_504_3.mp4_sec_0014.jpg,1,159.6483,167.1293,178.287
M_504_3,M_504_3.mp4_sec_0014.jpg,2,158.8917,165.574,177.791
M_504_3,M_504_3.mp4_sec_0014.jpg,3,158.6368,166.0692,177.6436
M_504_3,M_504_3.mp4_sec_0014.jpg,4,158.4496,165.6582,177.2152
M_504_3,M_504_3.mp4_sec_0014.jpg,5,159.4483,166.6792,178.0013
M_504_3,M_504_3.mp4_sec_0015.jpg,1,158.961,165.9329,177.3426
M_504_3,M_504_3.mp4_sec_0015.jpg,2,160.7939,168.1653,179.4122
M_504_3,M_504_3.mp4_sec_0015.jpg,3,158.7932,166.6368,177.8008
M_504_3,M_504_3.mp4_sec_0015.jpg,4,158.5105,165.2584,177.2188
M_504_3,M_504_3.mp4_sec_0015.jpg,5,158.7948,168.1433,177.7333
M_504_3,M_504_3.mp4_sec_0016.jpg,1,158.8222,165.8917,177.2721
M_504_3,M_504_3.mp4_sec_0016.jpg,2,158.1257,165.3972,177.0428
M_504_3,M_504_3.mp4_sec_0016.jpg,3,158.8766,165.6154,177.2212
M_504_3,M_504_3.mp4_sec_0016.jpg,4,158.6839,165.645,177.4866
M_504_3,M_504_3.mp4_sec_0016.jpg,5,158.3066,165.9975,177.2152
M_504_3,M_504_3.mp4_sec_0017.jpg,1,159.7236,166.4042,178.1913
M_504_3,M_504_3.mp4_sec_0017.jpg,2,158.937,165.2291,177.239
M_504_3,M_504_3.mp4_sec_0017.jpg,3,158.9547,165.6776,177.4586
M_504_3,M_504_3.mp4_sec_0017.jpg,4,158.6413,165.7512,176.9688
M_504_3,M_504_3.mp4_sec_0017.jpg,5,158.9617,165.2808,177.2464
M_504_3,M_504_3.mp4_sec_0018.jpg,1,158.7973,167.3971,177.7475
M_504_3,M_504_3.mp4_sec_0018.jpg,2,158.8132,165.5209,177.3267
M_504_3,M_504_3.mp4_sec_0018.jpg,3,158.9051,165.9074,177.7484
M_504_3,M_504_3.mp4_sec_0018.jpg,4,159.0067,165.9405,177.8033
M_504_3,M_504_3.mp4_sec_0018.jpg,5,158.4911,165.2651,176.9362
M_504_3,M_504_3.mp4_sec_0019.jpg,1,158.8367,165.3888,177.6281
M_504_3,M_504_3.mp4_sec_0019.jpg,2,158.7693,165.7596,177.1892
M_504_3,M_504_3.mp4_sec_0019.jpg,3,158.9196,165.7741,177.7927
M_504_3,M_504_3.mp4_sec_0019.jpg,4,158.7869,165.4985,177.2014
M_504_3,M_504_3.mp4_sec_0019.jpg,5,158.5479,166.0151,177.3958
M_504_3,M_504_3.mp4_sec_0020.jpg,1,158.1237,165.8409,177.2877
M_504_3,M_504_3.mp4_sec_0020.jpg,2,158.8263,165.5686,177.6395
M_504_3,M_504_3.mp4_sec_0020.jpg,3,159.3222,169.1766,178.33
M_504_3,M_504_3.mp4_sec_0020.jpg,4,159.0406,165.1651,177.1849
M_504_3,M_504_3.mp4_sec_0020.jpg,5,158.7224,165.9896,177.3275
M_504_3,M_504_3.mp4_sec_0021.jpg,1,158.8432,165.6819,177.1591
M_504_3,M_504_3.mp4_sec_0021.jpg,2,158.5896,165.6824,177.4469
M_504_3,M_504_3.mp4_sec_0021.jpg,3,158.4269,166.8243,177.6724
M_504_3,M_504_3.mp4_sec_0021.jpg,4,159.0138,165.6848,177.1597
M_504_3,M_504_3.mp4_sec_0021.jpg,5,158.3329,165.5458,177.2138
M_504_3,M_504_3.mp4_sec_0022.jpg,1,158.1859,165.4713,176.5548
M_504_3,M_504_3.mp4_sec_0022.jpg,2,158.8049,165.8378,177.1787
M_504_3,M_504_3.mp4_sec_0022.jpg,3,158.3888,166.0027,176.8939
M_504_3,M_504_3.mp4_sec_0022.jpg,4,158.9921,165.5848,177.1716
M_504_3,M_504_3.mp4_sec_0022.jpg,5,159.2271,166.9678,179.2794
M_504_3,M_504_3.mp4_sec_0023.jpg,1,158.889,165.6733,177.4755
M_504_3,M_504_3.mp4_sec_0023.jpg,2,159.0577,166.1917,178.487
M_504_3,M_504_3.mp4_sec_0023.jpg,3,158.668,167.5006,177.6161
M_504_3,M_504_3.mp4_sec_0023.jpg,4,158.7907,167.0984,177.6245
M_504_3,M_504_3.mp4_sec_0023.jpg,5,158.1136,165.4578,176.8862
M_504_3,M_504_3.mp4_sec_0024.jpg,1,158.9034,166.4134,177.9805
M_504_3,M_504_3.mp4_sec_0024.jpg,2,158.7923,166.2326,177.1439
M_504_3,M_504_3.mp4_sec_0024.jpg,3,159.4043,166.3575,178.1432
M_504_3,M_504_3.mp4_sec_0024.jpg,4,160.1214,169.127,178.9692
M_504_3,M_504_3.mp4_sec_0024.jpg,5,158.7068,165.5934,177.4777
M_504_3,M_504_3.mp4_sec_0025.jpg,1,158.4405,165.9645,178.4266
M_504_3,M_504_3.mp4_sec_0025.jpg,2,158.0778,166.758,177.2976
M_504_3,M_504_3.mp4_sec_0025.jpg,3,158.6299,165.2854,177.2246
M_504_3,M_504_3.mp4_sec_0025.jpg,4,158.4455,165.6487,177.0746
M_504_3,M_504_3.mp4_sec_0025.jpg,5,158.0233,166.8808,177.0364
M_504_3,M_504_3.mp4_sec_0026.jpg,1,158.9639,165.5338,177.1293
M_504_3,M_504_3.mp4_sec_0026.jpg,2,158.5728,165.4828,177.005
M_504_3,M_504_3.mp4_sec_0026.jpg,3,159.0691,166.9911,178.0928
M_504_3,M_504_3.mp4_sec_0026.jpg,4,158.7775,165.123,177.1696
M_504_3,M_504_3.mp4_sec_0026.jpg,5,158.2282,165.23,176.559
M_504_3,M_504_3.mp4_sec_0027.jpg,1,158.9425,165.6339,177.7909
M_504_3,M_504_3.mp4_sec_0027.jpg,2,158.9701,165.0493,177.0536
M_504_3,M_504_3.mp4_sec_0027.jpg,3,158.6114,165.5659,176.9074
M_504_3,M_504_3.mp4_sec_0027.jpg,4,158.6544,166.9288,177.8533
M_504_3,M_504_3.mp4_sec_0027.jpg,5,158.7328,166.2469,177.342
M_504_3,M_504_3.mp4_sec_0028.jpg,1,158.3811,165.2335,176.8818
M_504_3,M_504_3.mp4_sec_0028.jpg,2,158.4555,164.9059,176.6269
M_504_3,M_504_3.mp4_sec_0028.jpg,3,158.8418,165.8003,178.2764
M_504_3,M_504_3.mp4_sec_0028.jpg,4,158.1394,165.16,176.9414
M_504_3,M_504_3.mp4_sec_0028.jpg,5,157.8457,165.6956,176.9529
M_504_3,M_504_3.mp4_sec_0029.jpg,1,158.975,166.7433,177.5978
M_504_3,M_504_3.mp4_sec_0029.jpg,2,158.7581,166.1212,176.9929
M_504_3,M_504_3.mp4_sec_0029.jpg,3,158.8622,165.7163,176.9987
M_504_3,M_504_3.mp4_sec_0029.jpg,4,158.5164,167.2682,177.3213
M_504_3,M_504_3.mp4_sec_0029.jpg,5,159.1723,166.4104,177.8735
M_504_3,M_504_3.mp4_sec_0030.jpg,1,158.4197,165.5152,176.9649
M_504_3,M_504_3.mp4_sec_0030.jpg,2,158.9141,165.8336,177.3939
M_504_3,M_504_3.mp4_sec_0030.jpg,3,158.3825,165.9988,177.7319
M_504_3,M_504_3.mp4_sec_0030.jpg,4,159.3544,166.2745,177.9343
M_504_3,M_504_3.mp4_sec_0030.jpg,5,159.4181,166.1283,177.9646
M_801_1,M_801_1.mp4_sec_0000.jpg,1,212.9856,214.9856,203.9856
M_801_1,M_801_1.mp4_sec_0000.jpg,2,208.526,209.5904,201.6918
M_801_1,M_801_1.mp4_sec_0000.jpg,3,212.3672,214.3672,203.3672
M_801_1,M_801_1.mp4_sec_0000.jpg,4,210.7053,211.8053,203.5053
M_801_1,M_801_1.mp4_sec_0000.jpg,5,211.2285,213.1955,202.2945
M_801_1,M_801_1.mp4_sec_0001.jpg,1,212.7032,214.7032,203.7032
M_801_1,M_801_1.mp4_sec_0001.jpg,2,212.6583,214.6583,203.6583
M_801_1,M_801_1.mp4_sec_0001.jpg,3,211.2936,213.0363,202.8081
M_801_1,M_801_1.mp4_sec_0001.jpg,4,212.9756,214.9482,203.9949
M_801_1,M_801_1.mp4_sec_0001.jpg,5,210.3694,212.0388,202.0265
M_801_1,M_801_1.mp4_sec_0002.jpg,1,212.6365,214.6223,203.6651
M_801_1,M_801_1.mp4_sec_0002.jpg,2,212.9431,214.9431,203.9431
M_801_1,M_801_1.mp4_sec_0002.jpg,3,209.5945,210.5988,202.6358
M_801_1,M_801_1.mp4_sec_0002.jpg,4,213.4725,215.4725,204.4725
M_801_1,M_801_1.mp4_sec_0002.jpg,5,212.5554,214.5554,203.5554
M_801_1,M_801_1.mp4_sec_0003.jpg,1,212.4013,214.4013,203.4013
M_801_1,M_801_1.mp4_sec_0003.jpg,2,213.0004,215.0004,204.0004
M_801_1,M_801_1.mp4_sec_0003.jpg,3,213.3294,215.3294,204.3294
M_801_1,M_801_1.mp4_sec_0003.jpg,4,213.0007,215.0007,204.0007
M_801_1,M_801_1.mp4_sec_0003.jpg,5,208.9188,209.9217,202.3012
M_801_1,M_801_1.mp4_sec_0004.jpg,1,213.643,215.5995,204.6648
M_801_1,M_801_1.mp4_sec_0004.jpg,2,210.9391,211.6797,204.1027
M_801_1,M_801_1.mp4_sec_0004.jpg,3,213.414,215.3644,204.5025
M_801_1,M_801_1.mp4_sec_0004.jpg,4,213.8623,215.8188,204.8841
M_801_1,M_801_1.mp4_sec_0004.jpg,5,209.5819,210.6371,202.3363
M_801_1,M_801_1.mp4_sec_0005.jpg,1,210.0844,210.9562,203.1548
M_801_1,M_801_1.mp4_sec_0005.jpg,2,212.1665,214.1665,203.1665
M_801_1,M_801_1.mp4_sec_0005.jpg,3,212.2341,214.2341,203.2341
M_801_1,M_801_1.mp4_sec_0005.jpg,4,210.2422,211.02,203.2974
M_801_1,M_801_1.mp4_sec_0005.jpg,5,212.0691,214.0691,203.0691
M_801_1,M_801_1.mp4_sec_0006.jpg,1,212.2023,214.2023,203.2023
M_801_1,M_801_1.mp4_sec_0006.jpg,2,212.2864,214.2864,203.2864
M_801_1,M_801_1.mp4_sec_0006.jpg,3,209.6673,211.0119,201.9991
M_801_1,M_801_1.mp4_sec_0006.jpg,4,212.7533,214.7406,203.7533
M_801_1,M_801_1.mp4_sec_0006.jpg,5,209.3078,210.3691,202.1853
M_801_1,M_801_1.mp4_sec_0007.jpg,1,210.412,211.9141,202.5162
M_801_1,M_801_1.mp4_sec_0007.jpg,2,212.9886,214.9886,203.9886
M_801_1,M_801_1.mp4_sec_0007.jpg,3,213.2132,214.9181,204.3575
M_801_1,M_801_1.mp4_sec_0007.jpg,4,209.921,211.3178,202.1461
M_801_1,M_801_1.mp4_sec_0007.jpg,5,213.8999,215.7049,205.213
M_801_1,M_801_1.mp4_sec_0008.jpg,1,211.2207,213.215,202.2321
M_801_1,M_801_1.mp4_sec_0008.jpg,2,210.5961,211.4581,203.4316
M_801_1,M_801_1.mp4_sec_0008.jpg,3,211.1665,213.1665,202.1665
M_801_1,M_801_1.mp4_sec_0008.jpg,4,210.486,212.2472,201.9622
M_801_1,M_801_1.mp4_sec_0008.jpg,5,213.0817,215.0817,204.0817
M_801_1,M_801_1.mp4_sec_0009.jpg,1,213.0002,215.0002,204.0002
M_801_1,M_801_1.mp4_sec_0009.jpg,2,211.808,213.7624,202.8993
M_801_1,M_801_1.mp4_sec_0009.jpg,3,209.2545,210.3018,202.1626
M_801_1,M_801_1.mp4_sec_0009.jpg,4,209.3911,210.4544,202.0371
M_801_1,M_801_1.mp4_sec_0009.jpg,5,208.5508,209.5558,201.7961
M_801_1,M_801_1.mp4_sec_0010.jpg,1,209.878,211.4005,201.8746
M_801_1,M_801_1.mp4_sec_0010.jpg,2,209.7986,211.111,202.1805
M_801_1,M_801_1.mp4_sec_0010.jpg,3,212.6197,214.4307,203.8753
M_801_1,M_801_1.mp4_sec_0010.jpg,4,211.3148,213.3148,202.3148
M_801_1,M_801_1.mp4_sec_0010.jpg,5,213.1294,215.1252,204.1378
M_801_1,M_801_1.mp4_sec_0011.jpg,1,213.0634,215.0634,204.0634
M_801_1,M_801_1.mp4_sec_0011.jpg,2,213.1427,215.1427,204.1427
M_801_1,M_801_1.mp4_sec_0011.jpg,3,209.0503,210.1949,201.9092
M_801_1,M_801_1.mp4_sec_0011.jpg,4,208.1796,209.1796,201.7221
M_801_1,M_801_1.mp4_sec_0011.jpg,5,213.0467,215.0467,204.0467
M_801_1,M_801_1.mp4_sec_0012.jpg,1,210.3573,211.3862,203.2996
M_801_1,M_801_1.mp4_sec_0012.jpg,2,210.5732,211.6382,203.4419
M_801_1,M_801_1.mp4_sec_0012.jpg,3,212.6537,214.6537,203.6537
M_801_1,M_801_1.mp4_sec_0012.jpg,4,211.7062,213.7062,202.6975
M_801_1,M_801_1.mp4_sec_0012.jpg,5,212.7655,214.7655,203.7655
M_801_1,M_801_1.mp4_sec_0013.jpg,1,213.0,215.0,204.0
M_801_1,M_801_1.mp4_sec_0013.jpg,2,211.8891,213.8862,202.8876
M_801_1,M_801_1.mp4_sec_0013.jpg,3,213.7491,215.7491,204.7491
M_801_1,M_801_1.mp4_sec_0013.jpg,4,213.528,215.528,204.528
M_801_1,M_801_1.mp4_sec_0013.jpg,5,213.5045,215.5045,204.5045
M_801_1,M_801_1.mp4_sec_0014.jpg,1,211.8253,213.6713,203.083
M_801_1,M_801_1.mp4_sec_0014.jpg,2,208.5135,209.5149,201.8319
M_801_1,M_801_1.mp4_sec_0014.jpg,3,208.0865,209.0851,201.4655
M_801_1,M_801_1.mp4_sec_0014.jpg,4,211.0505,213.0505,202.0505
M_801_1,M_801_1.mp4_sec_0014.jpg,5,211.4634,213.2223,202.9678
M_801_1,M_801_1.mp4_sec_0015.jpg,1,211.908,213.7727,203.1108
M_801_1,M_801_1.mp4_sec_0015.jpg,2,212.2987,214.2987,203.2987
M_801_1,M_801_1.mp4_sec_0015.jpg,3,212.0339,214.0339,203.0339
M_801_1,M_801_1.mp4_sec_0015.jpg,4,213.0,215.0,204.0
M_801_1,M_801_1.mp4_sec_0015.jpg,5,213.0,215.0,204.0
M_801_1,M_801_1.mp4_sec_0016.jpg,1,208.7246,209.718,201.7763
M_801_1,M_801_1.mp4_sec_0016.jpg,2,213.2678,215.2678,204.2678
M_801_1,M_801_1.mp4_sec_0016.jpg,3,209.0601,210.0896,202.2225
M_801_1,M_801_1.mp4_sec_0016.jpg,4,213.4636,215.4636,204.4636
M_801_1,M_801_1.mp4_sec_0016.jpg,5,209.8253,212.3595,203.3657
M_801_1,M_801_1.mp4_sec_0017.jpg,1,210.9487,212.691,202.4657
M_801_1,M_801_1.mp4_sec_0017.jpg,2,209.4241,210.5361,202.1972
M_801_1,M_801_1.mp4_sec_0017.jpg,3,213.0371,215.0371,204.0371
M_801_1,M_801_1.mp4_sec_0017.jpg,4,212.9867,214.9867,203.9867
M_801_1,M_801_1.mp4_sec_0017.jpg,5,209.7308,211.1022,201.9853
M_801_1,M_801_1.mp4_sec_0018.jpg,1,209.0786,210.0576,202.0016
M_801_1,M_801_1.mp4_sec_0018.jpg,2,212.9984,214.9984,203.9984
M_801_1,M_801_1.mp4_sec_0018.jpg,3,210.1615,211.0062,203.3508
M_801_1,M_801_1.mp4_sec_0018.jpg,4,212.0439,214.0267,203.0781
M_801_1,M_801_1.mp4_sec_0018.jpg,5,211.9533,213.9533,202.9533
M_801_1,M_801_1.mp4_sec_0019.jpg,1,212.5636,214.5636,203.5636
M_801_1,M_801_1.mp4_sec_0019.jpg,2,212.9059,214.9059,203.9059
M_801_1,M_801_1.mp4_sec_0019.jpg,3,213.0,215.0,204.0
M_801_1,M_801_1.mp4_sec_0019.jpg,4,211.5308,213.5308,202.5308
M_801_1,M_801_1.mp4_sec_0019.jpg,5,212.6096,214.6096,203.6096
M_801_1,M_801_1.mp4_sec_0020.jpg,1,209.933,211.262,202.449
M_801_1,M_801_1.mp4_sec_0020.jpg,2,210.0,211.0,203.0
M_801_1,M_801_1.mp4_sec_0020.jpg,3,210.0,211.0,203.0
M_801_1,M_801_1.mp4_sec_0020.jpg,4,210.0,211.0,203.0
M_801_1,M_801_1.mp4_sec_0020.jpg,5,210.0002,211.0002,203.0002
M_801_1,M_801_1.mp4_sec_0021.jpg,1,212.5245,214.4262,203.7268
M_801_1,M_801_1.mp4_sec_0021.jpg,2,211.2537,213.2537,202.2537
M_801_1,M_801_1.mp4_sec_0021.jpg,3,212.8232,214.8232,203.8232
M_801_1,M_801_1.mp4_sec_0021.jpg,4,211.2881,213.2881,202.2881
M_801_1,M_801_1.mp4_sec_0021.jpg,5,213.0107,215.0072,204.0177
M_801_1,M_801_1.mp4_sec_0022.jpg,1,213.0,215.0,204.0
M_801_1,M_801_1.mp4_sec_0022.jpg,2,212.5406,214.5406,203.5406
M_801_1,M_801_1.mp4_sec_0022.jpg,3,212.879,214.8783,203.8804
M_801_1,M_801_1.mp4_sec_0022.jpg,4,209.4479,210.4801,202.3942
M_801_1,M_801_1.mp4_sec_0022.jpg,5,212.6014,214.6014,203.6014
M_801_1,M_801_1.mp4_sec_0023.jpg,1,212.9275,214.9275,203.9275
M_801_1,M_801_1.mp4_sec_0023.jpg,2,211.6395,213.6395,202.6395
M_801_1,M_801_1.mp4_sec_0023.jpg,3,213.0428,215.0428,204.0428
M_801_1,M_801_1.mp4_sec_0023.jpg,4,212.6362,214.6284,203.6432
M_801_1,M_801_1.mp4_sec_0023.jpg,5,213.2318,215.2318,204.2318
M_801_1,M_801_1.mp4_sec_0024.jpg,1,210.9252,212.2309,203.0295
M_801_1,M_801_1.mp4_sec_0024.jpg,2,209.0299,210.0313,202.2953
M_801_1,M_801_1.mp4_sec_0024.jpg,3,211.1124,213.1124,202.1124
M_801_1,M_801_1.mp4_sec_0024.jpg,4,210.8564,211.7027,203.5327
M_801_1,M_801_1.mp4_sec_0024.jpg,5,210.8653,211.7642,203.4367
M_801_1,M_801_1.mp4_sec_0025.jpg,1,212.9263,214.9263,203.9263
M_801_1,M_801_1.mp4_sec_0025.jpg,2,213.0,215.0,204.0
M_801_1,M_801_1.mp4_sec_0025.jpg,3,209.9792,210.6103,203.1208
M_801_1,M_801_1.mp4_sec_0025.jpg,4,208.9931,209.8385,202.0684
M_801_1,M_801_1.mp4_sec_0025.jpg,5,212.9629,214.9629,203.9629
M_801_1,M_801_1.mp4_sec_0026.jpg,1,211.5874,213.5007,202.7233
M_801_1,M_801_1.mp4_sec_0026.jpg,2,213.1123,215.1123,204.1123
M_801_1,M_801_1.mp4_sec_0026.jpg,3,210.8987,212.8207,202.0338
M_801_1,M_801_1.mp4_sec_0026.jpg,4,213.3186,215.3186,204.3186
M_801_1,M_801_1.mp4_sec_0026.jpg,5,213.0,215.0,204.0
M_801_1,M_801_1.mp4_sec_0027.jpg,1,212.9576,214.9576,203.9576
M_801_1,M_801_1.mp4_sec_0027.jpg,2,212.7515,214.7494,203.754
M_801_1,M_801_1.mp4_sec_0027.jpg,3,213.4774,215.4774,204.4774
M_801_1,M_801_1.mp4_sec_0027.jpg,4,212.2201,214.1592,203.3378
M_801_1,M_801_1.mp4_sec_0027.jpg,5,213.0,215.0,204.0
M_801_1,M_801_1.mp4_sec_0028.jpg,1,211.1449,212.3803,203.4056
M_801_1,M_801_1.mp4_sec_0028.jpg,2,212.3487,214.3487,203.3487
M_801_1,M_801_1.mp4_sec_0028.jpg,3,212.9558,214.9558,203.9558
M_801_1,M_801_1.mp4_sec_0028.jpg,4,213.1705,215.1705,204.1705
M_801_1,M_801_1.mp4_sec_0028.jpg,5,212.5552,214.5552,203.5552
M_801_1,M_801_1.mp4_sec_0029.jpg,1,211.643,213.9046,203.9145
M_801_1,M_801_1.mp4_sec_0029.jpg,2,211.019,213.019,202.019
M_801_1,M_801_1.mp4_sec_0029.jpg,3,208.2802,209.2802,201.7141
M_801_1,M_801_1.mp4_sec_0029.jpg,4,211.4183,212.838,203.2001
M_801_1,M_801_1.mp4_sec_0029.jpg,5,210.7615,212.527,202.1949
M_801_1,M_801_1.mp4_sec_0030.jpg,1,213.0118,215.0118,204.0118
M_801_1,M_801_1.mp4_sec_0030.jpg,2,209.0435,209.8363,202.1412
M_801_1,M_801_1.mp4_sec_0030.jpg,3,211.5647,213.6476,204.0557
M_801_1,M_801_1.mp4_sec_0030.jpg,4,211.0114,212.9686,202.0971
M_801_1,M_801_1.mp4_sec_0030.jpg,5,213.2205,215.2205,204.2205
M_801_1,M_801_1.mp4_sec_0031.jpg,1,212.5162,214.5162,203.5162
M_801_1,M_801_1.mp4_sec_0031.jpg,2,210.5059,211.6478,203.2313
M_801_1,M_801_1.mp4_sec_0031.jpg,3,211.9454,213.9447,202.9468
M_801_1,M_801_1.mp4_sec_0031.jpg,4,212.85,214.8458,203.85
M_801_1,M_801_1.mp4_sec_0031.jpg,5,209.1637,210.2873,202.0888
M_801_2,M_801_2.mp4_sec_0000.jpg,1,210.9971,212.9913,202.0032
M_801_2,M_801_2.mp4_sec_0000.jpg,2,210.8271,212.2162,202.7918
M_801_2,M_801_2.mp4_sec_0000.jpg,3,213.0303,215.0303,204.0303
M_801_2,M_801_2.mp4_sec_0000.jpg,4,211.175,212.9875,202.5501
M_801_2,M_801_2.mp4_sec_0000.jpg,5,213.0376,215.0376,204.0376
M_801_2,M_801_2.mp4_sec_0001.jpg,1,212.7752,214.7752,203.7752
M_801_2,M_801_2.mp4_sec_0001.jpg,2,212.8847,214.8847,203.8847
M_801_2,M_801_2.mp4_sec_0001.jpg,3,208.472,209.4763,201.8239
M_801_2,M_801_2.mp4_sec_0001.jpg,4,212.9745,214.9745,203.9745
M_801_2,M_801_2.mp4_sec_0001.jpg,5,210.8339,212.0162,203.2627
M_801_2,M_801_2.mp4_sec_0002.jpg,1,210.9996,212.9996,201.9996
M_801_2,M_801_2.mp4_sec_0002.jpg,2,212.5733,214.5733,203.5733
M_801_2,M_801_2.mp4_sec_0002.jpg,3,211.2333,213.0643,202.582
M_801_2,M_801_2.mp4_sec_0002.jpg,4,211.2387,213.0439,202.793
M_801_2,M_801_2.mp4_sec_0002.jpg,5,210.6758,211.4592,203.2959
M_801_2,M_801_2.mp4_sec_0003.jpg,1,209.3045,210.3701,202.0601
M_801_2,M_801_2.mp4_sec_0003.jpg,2,211.0954,213.0954,202.0954
M_801_2,M_801_2.mp4_sec_0003.jpg,3,212.8558,214.8558,203.8558
M_801_2,M_801_2.mp4_sec_0003.jpg,4,211.0,213.0,202.0
M_801_2,M_801_2.mp4_sec_0003.jpg,5,209.7046,210.4913,202.403
M_801_2,M_801_2.mp4_sec_0004.jpg,1,213.0752,215.0752,204.0752
M_801_2,M_801_2.mp4_sec_0004.jpg,2,212.9865,214.9865,203.9865
M_801_2,M_801_2.mp4_sec_0004.jpg,3,209.0139,210.1914,201.7636
M_801_2,M_801_2.mp4_sec_0004.jpg,4,212.9196,214.9248,204.0545
M_801_2,M_801_2.mp4_sec_0004.jpg,5,209.1061,210.2715,201.7898
M_801_2,M_801_2.mp4_sec_0005.jpg,1,212.9169,214.9169,203.9169
M_801_2,M_801_2.mp4_sec_0005.jpg,2,212.9374,214.9146,203.926
M_801_2,M_801_2.mp4_sec_0005.jpg,3,211.549,213.3303,202.9585
M_801_2,M_801_2.mp4_sec_0005.jpg,4,212.9991,214.9991,203.9991
M_801_2,M_801_2.mp4_sec_0005.jpg,5,211.0,213.0,201.9886
M_801_2,M_801_2.mp4_sec_0006.jpg,1,211.0943,213.0895,202.1041
M_801_2,M_801_2.mp4_sec_0006.jpg,2,211.0363,212.9944,202.1199
M_801_2,M_801_2.mp4_sec_0006.jpg,3,208.7114,209.7879,201.7249
M_801_2,M_801_2.mp4_sec_0006.jpg,4,208.744,209.7444,201.9113
M_801_2,M_801_2.mp4_sec_0006.jpg,5,212.8463,214.8463,203.8463
M_801_2,M_801_2.mp4_sec_0007.jpg,1,210.7763,211.853,203.2561
M_801_2,M_801_2.mp4_sec_0007.jpg,2,211.0009,213.0009,202.0009
M_801_2,M_801_2.mp4_sec_0007.jpg,3,210.3395,211.5541,202.8146
M_801_2,M_801_2.mp4_sec_0007.jpg,4,209.6986,210.6905,202.6344
M_801_2,M_801_2.mp4_sec_0007.jpg,5,209.1207,210.1836,202.2433
M_801_2,M_801_2.mp4_sec_0008.jpg,1,211.8747,213.8634,202.869
M_801_2,M_801_2.mp4_sec_0008.jpg,2,211.3619,212.5617,203.2992
M_801_2,M_801_2.mp4_sec_0008.jpg,3,212.1288,214.0023,203.4028
M_801_2,M_801_2.mp4_sec_0008.jpg,4,211.0489,213.0027,202.1242
M_801_2,M_801_2.mp4_sec_0008.jpg,5,210.3634,212.9181,203.5163
M_801_2,M_801_2.mp4_sec_0009.jpg,1,212.5693,214.5693,203.5693
M_801_2,M_801_2.mp4_sec_0009.jpg,2,210.9628,212.9233,202.0418
M_801_2,M_801_2.mp4_sec_0009.jpg,3,209.7219,210.8864,202.3956
M_801_2,M_801_2.mp4_sec_0009.jpg,4,211.0665,213.0665,202.0665
M_801_2,M_801_2.mp4_sec_0009.jpg,5,211.5104,213.2778,203.0418
M_801_2,M_801_2.mp4_sec_0010.jpg,1,209.4713,210.8227,201.7992
M_801_2,M_801_2.mp4_sec_0010.jpg,2,210.778,212.2758,202.3499
M_801_2,M_801_2.mp4_sec_0010.jpg,3,211.3295,213.1677,202.4912
M_801_2,M_801_2.mp4_sec_0010.jpg,4,212.8065,214.7891,203.7978
M_801_2,M_801_2.mp4_sec_0010.jpg,5,211.5283,213.5283,202.5283
M_801_2,M_801_2.mp4_sec_0011.jpg,1,208.9798,209.9561,201.8665
M_801_2,M_801_2.mp4_sec_0011.jpg,2,211.0,213.0,202.0
M_801_2,M_801_2.mp4_sec_0011.jpg,3,209.9847,211.3737,202.0734
M_801_2,M_801_2.mp4_sec_0011.jpg,4,212.1124,214.1124,203.1124
M_801_2,M_801_2.mp4_sec_0011.jpg,5,211.308,213.308,202.308
M_801_2,M_801_2.mp4_sec_0012.jpg,1,208.2087,209.2098,201.6546
M_801_2,M_801_2.mp4_sec_0012.jpg,2,212.851,214.8048,203.8279
M_801_2,M_801_2.mp4_sec_0012.jpg,3,212.9946,214.9946,203.9946
M_801_2,M_801_2.mp4_sec_0012.jpg,4,212.8149,214.8077,203.8189
M_801_2,M_801_2.mp4_sec_0012.jpg,5,209.3241,210.5316,201.9387
M_801_2,M_801_2.mp4_sec_0013.jpg,1,212.8892,214.885,203.8871
M_801_2,M_801_2.mp4_sec_0013.jpg,2,213.0,215.0,204.0
M_801_2,M_801_2.mp4_sec_0013.jpg,3,208.9138,209.9138,201.9138
M_801_2,M_801_2.mp4_sec_0013.jpg,4,213.0009,215.0009,204.0009
M_801_2,M_801_2.mp4_sec_0013.jpg,5,211.0204,212.9691,202.1187
M_801_2,M_801_2.mp4_sec_0014.jpg,1,209.2195,210.3303,201.9266
M_801_2,M_801_2.mp4_sec_0014.jpg,2,211.3701,213.3701,202.3701
M_801_2,M_801_2.mp4_sec_0014.jpg,3,212.6165,214.6165,203.6165
M_801_2,M_801_2.mp4_sec_0014.jpg,4,213.0,215.0,204.0
M_801_2,M_801_2.mp4_sec_0014.jpg,5,212.911,214.911,203.911
M_801_2,M_801_2.mp4_sec_0015.jpg,1,210.8625,212.935,202.3847
M_801_2,M_801_2.mp4_sec_0015.jpg,2,211.0929,213.0929,202.0929
M_801_2,M_801_2.mp4_sec_0015.jpg,3,212.5731,214.5724,203.5745
M_801_2,M_801_2.mp4_sec_0015.jpg,4,210.3001,211.8458,202.2262
M_801_2,M_801_2.mp4_sec_0015.jpg,5,212.3394,214.3821,203.5761
M_801_2,M_801_2.mp4_sec_0016.jpg,1,212.7021,214.5781,203.8989
M_801_2,M_801_2.mp4_sec_0016.jpg,2,212.6898,214.6898,203.6898
M_801_2,M_801_2.mp4_sec_0016.jpg,3,213.0574,215.0317,204.0702
M_801_2,M_801_2.mp4_sec_0016.jpg,4,212.9567,214.9567,203.9567
M_801_2,M_801_2.mp4_sec_0016.jpg,5,211.2627,213.0793,202.564
M_801_2,M_801_2.mp4_sec_0017.jpg,1,212.344,214.344,203.344
M_801_2,M_801_2.mp4_sec_0017.jpg,2,211.2285,213.2128,202.2599
M_801_2,M_801_2.mp4_sec_0017.jpg,3,210.8754,212.7777,202.0811
M_801_2,M_801_2.mp4_sec_0017.jpg,4,212.1278,214.0105,203.3656
M_801_2,M_801_2.mp4_sec_0017.jpg,5,212.9157,214.9157,203.9157
M_801_2,M_801_2.mp4_sec_0018.jpg,1,209.4058,210.499,202.0636
M_801_2,M_801_2.mp4_sec_0018.jpg,2,211.1579,212.4569,203.2218
M_801_2,M_801_2.mp4_sec_0018.jpg,3,212.9837,214.9837,203.9837
M_801_2,M_801_2.mp4_sec_0018.jpg,4,212.0825,214.0664,203.1064
M_801_2,M_801_2.mp4_sec_0018.jpg,5,213.0507,215.0507,204.0507
M_801_2,M_801_2.mp4_sec_0019.jpg,1,213.0381,215.0381,204.0381
M_801_2,M_801_2.mp4_sec_0019.jpg,2,213.0,215.0,204.0
M_801_2,M_801_2.mp4_sec_0019.jpg,3,212.7684,214.7684,203.7684
M_801_2,M_801_2.mp4_sec_0019.jpg,4,212.9048,214.8936,203.8992
M_801_2,M_801_2.mp4_sec_0019.jpg,5,212.1547,214.1547,203.1547
M_801_2,M_801_2.mp4_sec_0020.jpg,1,209.2676,210.2693,202.3168
M_801_2,M_801_2.mp4_sec_0020.jpg,2,210.9053,212.0984,203.2176
M_801_2,M_801_2.mp4_sec_0020.jpg,3,210.3321,211.9073,201.9982
M_801_2,M_801_2.mp4_sec_0020.jpg,4,213.0,215.0,204.0
M_801_2,M_801_2.mp4_sec_0020.jpg,5,213.0,215.0,204.0
M_801_2,M_801_2.mp4_sec_0021.jpg,1,210.7287,212.7943,202.8392
M_801_2,M_801_2.mp4_sec_0021.jpg,2,213.1881,215.1881,204.1881
M_801_2,M_801_2.mp4_sec_0021.jpg,3,211.2098,213.2098,202.2098
M_801_2,M_801_2.mp4_sec_0021.jpg,4,208.4606,209.5127,201.4941
M_801_2,M_801_2.mp4_sec_0021.jpg,5,211.0137,213.0137,202.0064
M_801_2,M_801_2.mp4_sec_0022.jpg,1,212.997,214.997,203.997
M_801_2,M_801_2.mp4_sec_0022.jpg,2,212.9929,214.9929,203.9929
M_801_2,M_801_2.mp4_sec_0022.jpg,3,209.9998,211.4948,202.0184
M_801_2,M_801_2.mp4_sec_0022.jpg,4,208.5191,209.5478,201.9708
M_801_2,M_801_2.mp4_sec_0022.jpg,5,212.4654,214.4654,203.4654
M_801_2,M_801_2.mp4_sec_0023.jpg,1,210.2073,211.7754,202.1406
M_801_2,M_801_2.mp4_sec_0023.jpg,2,212.9947,214.9947,203.9947
M_801_2,M_801_2.mp4_sec_0023.jpg,3,208.538,209.5387,201.8332
M_801_2,M_801_2.mp4_sec_0023.jpg,4,212.9847,214.9847,203.9847
M_801_2,M_801_2.mp4_sec_0023.jpg,5,208.9856,210.0062,202.1155
M_801_2,M_801_2.mp4_sec_0024.jpg,1,212.9244,214.8346,204.0043
M_801_2,M_801_2.mp4_sec_0024.jpg,2,211.0,213.0,202.0
M_801_2,M_801_2.mp4_sec_0024.jpg,3,211.0157,213.0139,202.0193
M_801_2,M_801_2.mp4_sec_0024.jpg,4,212.7775,214.7775,203.7775
M_801_2,M_801_2.mp4_sec_0024.jpg,5,209.4622,210.4622,202.4822
M_801_2,M_801_2.mp4_sec_0025.jpg,1,211.5267,213.5205,202.5378
M_801_2,M_801_2.mp4_sec_0025.jpg,2,212.7292,214.7207,203.7264
M_801_2,M_801_2.mp4_sec_0025.jpg,3,210.2389,211.4193,202.8781
M_801_2,M_801_2.mp4_sec_0025.jpg,4,211.4879,213.4879,202.4879
M_801_2,M_801_2.mp4_sec_0025.jpg,5,211.3809,213.3809,202.3809
M_801_2,M_801_2.mp4_sec_0026.jpg,1,210.4465,212.1886,201.9531
M_801_2,M_801_2.mp4_sec_0026.jpg,2,211.202,212.7804,202.8686
M_801_2,M_801_2.mp4_sec_0026.jpg,3,213.0362,215.0362,204.0362
M_801_2,M_801_2.mp4_sec_0026.jpg,4,212.603,214.602,203.6011
M_801_2,M_801_2.mp4_sec_0026.jpg,5,213.0,215.0,204.0
M_801_2,M_801_2.mp4_sec_0027.jpg,1,211.0,213.0,202.0
M_801_2,M_801_2.mp4_sec_0027.jpg,2,213.0,215.0,204.0
M_801_2,M_801_2.mp4_sec_0027.jpg,3,211.0611,212.1147,203.5396
M_801_2,M_801_2.mp4_sec_0027.jpg,4,209.193,210.3845,201.8667
M_801_2,M_801_2.mp4_sec_0027.jpg,5,213.0,215.0,204.0
M_801_2,M_801_2.mp4_sec_0028.jpg,1,213.3731,215.2854,204.3955
M_801_2,M_801_2.mp4_sec_0028.jpg,2,211.8314,213.8314,202.8314
M_801_2,M_801_2.mp4_sec_0028.jpg,3,212.9558,214.9558,203.9558
M_801_2,M_801_2.mp4_sec_0028.jpg,4,208.4077,209.3998,201.5966
M_801_2,M_801_2.mp4_sec_0028.jpg,5,211.1087,212.8553,202.6255
M_801_2,M_801_2.mp4_sec_0029.jpg,1,212.9513,214.9285,203.9399
M_801_2,M_801_2.mp4_sec_0029.jpg,2,208.6062,209.6077,201.6868
M_801_2,M_801_2.mp4_sec_0029.jpg,3,212.9278,214.9093,203.9185
M_801_2,M_801_2.mp4_sec_0029.jpg,4,212.0057,214.0057,203.0057
M_801_2,M_801_2.mp4_sec_0029.jpg,5,210.6831,212.2292,202.5711
M_801_2,M_801_2.mp4_sec_0030.jpg,1,212.8783,214.8783,203.8783
M_801_2,M_801_2.mp4_sec_0030.jpg,2,212.6661,214.6661,203.6661
M_801_2,M_801_2.mp4_sec_0030.jpg,3,210.5938,212.3455,202.2544
M_801_2,M_801_2.mp4_sec_0030.jpg,4,211.085,213.085,202.085
M_801_2,M_801_2.mp4_sec_0030.jpg,5,211.2328,213.2328,202.2328
M_801_3,M_801_3.mp4_sec_0000.jpg,1,212.8298,214.8298,203.8298
M_801_3,M_801_3.mp4_sec_0000.jpg,2,208.7631,209.803,201.684
M_801_3,M_801_3.mp4_sec_0000.jpg,3,212.4604,214.4604,203.4604
M_801_3,M_801_3.mp4_sec_0000.jpg,4,210.7187,212.5711,202.0153
M_801_3,M_801_3.mp4_sec_0000.jpg,5,211.28,213.28,202.28
M_801_3,M_801_3.mp4_sec_0001.jpg,1,212.9332,214.9332,203.9332
M_801_3,M_801_3.mp4_sec_0001.jpg,2,212.8542,214.8542,203.8542
M_801_3,M_801_3.mp4_sec_0001.jpg,3,211.9734,213.9734,202.9734
M_801_3,M_801_3.mp4_sec_0001.jpg,4,209.857,212.5982,203.7504
M_801_3,M_801_3.mp4_sec_0001.jpg,5,208.8756,209.9027,201.8578
M_801_3,M_801_3.mp4_sec_0002.jpg,1,211.0,212.9993,202.0014
M_801_3,M_801_3.mp4_sec_0002.jpg,2,212.0313,214.0291,203.0355
M_801_3,M_801_3.mp4_sec_0002.jpg,3,208.2351,209.2351,201.7598
M_801_3,M_801_3.mp4_sec_0002.jpg,4,212.8214,214.813,203.8172
M_801_3,M_801_3.mp4_sec_0002.jpg,5,208.0365,209.0372,201.7831
M_801_3,M_801_3.mp4_sec_0003.jpg,1,210.159,211.7039,201.9934
M_801_3,M_801_3.mp4_sec_0003.jpg,2,211.9758,213.4882,203.5979
M_801_3,M_801_3.mp4_sec_0003.jpg,3,211.8943,213.8943,202.8943
M_801_3,M_801_3.mp4_sec_0003.jpg,4,211.0061,212.9761,202.0595
M_801_3,M_801_3.mp4_sec_0003.jpg,5,207.8656,208.867,201.6727
M_801_3,M_801_3.mp4_sec_0004.jpg,1,212.994,214.994,203.9322
M_801_3,M_801_3.mp4_sec_0004.jpg,2,211.5591,213.5591,202.5591
M_801_3,M_801_3.mp4_sec_0004.jpg,3,213.0469,215.0469,204.0469
M_801_3,M_801_3.mp4_sec_0004.jpg,4,212.9788,214.9788,203.9788
M_801_3,M_801_3.mp4_sec_0004.jpg,5,212.8241,214.8241,203.8241
M_801_3,M_801_3.mp4_sec_0005.jpg,1,209.9993,211.2139,202.4761
M_801_3,M_801_3.mp4_sec_0005.jpg,2,211.1865,213.1865,202.1865
M_801_3,M_801_3.mp4_sec_0005.jpg,3,211.0,213.0,202.0
M_801_3,M_801_3.mp4_sec_0005.jpg,4,211.0,213.0,202.0
M_801_3,M_801_3.mp4_sec_0005.jpg,5,211.5171,213.5171,202.5171
M_801_3,M_801_3.mp4_sec_0006.jpg,1,208.2723,209.2464,201.4957
M_801_3,M_801_3.mp4_sec_0006.jpg,2,210.394,211.9914,202.2211
M_801_3,M_801_3.mp4_sec_0006.jpg,3,212.9693,214.9693,203.9693
M_801_3,M_801_3.mp4_sec_0006.jpg,4,209.504,210.8256,201.8697
M_801_3,M_801_3.mp4_sec_0006.jpg,5,211.0293,213.014,202.0613
M_801_3,M_801_3.mp4_sec_0007.jpg,1,210.2212,211.3043,203.0465
M_801_3,M_801_3.mp4_sec_0007.jpg,2,212.9581,214.9581,203.9581
M_801_3,M_801_3.mp4_sec_0007.jpg,3,211.3023,213.3023,202.3023
M_801_3,M_801_3.mp4_sec_0007.jpg,4,212.2939,214.1827,203.3515
M_801_3,M_801_3.mp4_sec_0007.jpg,5,209.0016,209.9777,201.6989
M_801_3,M_801_3.mp4_sec_0008.jpg,1,212.9817,214.9817,203.9817
M_801_3,M_801_3.mp4_sec_0008.jpg,2,213.0395,215.0395,204.0395
M_801_3,M_801_3.mp4_sec_0008.jpg,3,212.4091,214.3357,203.4718
M_801_3,M_801_3.mp4_sec_0008.jpg,4,211.8446,213.2095,203.6009
M_801_3,M_801_3.mp4_sec_0008.jpg,5,210.4061,211.5503,203.0497
M_801_3,M_801_3.mp4_sec_0009.jpg,1,213.0,215.0,204.0
M_801_3,M_801_3.mp4_sec_0009.jpg,2,212.3545,214.3545,203.3545
M_801_3,M_801_3.mp4_sec_0009.jpg,3,211.0,212.9819,202.0366
M_801_3,M_801_3.mp4_sec_0009.jpg,4,208.2186,209.2214,201.7729
M_801_3,M_801_3.mp4_sec_0009.jpg,5,212.8833,214.8833,203.8833
M_801_3,M_801_3.mp4_sec_0010.jpg,1,208.8476,209.9075,201.7357
M_801_3,M_801_3.mp4_sec_0010.jpg,2,208.1,209.1071,201.716
M_801_3,M_801_3.mp4_sec_0010.jpg,3,211.8642,213.8642,202.8642
M_801_3,M_801_3.mp4_sec_0010.jpg,4,212.9674,214.9674,203.9674
M_801_3,M_801_3.mp4_sec_0010.jpg,5,212.9939,214.9939,203.9939
M_801_3,M_801_3.mp4_sec_0011.jpg,1,211.3923,213.381,202.3698
M_801_3,M_801_3.mp4_sec_0011.jpg,2,213.0147,215.0147,204.0147
M_801_3,M_801_3.mp4_sec_0011.jpg,3,211.2098,212.626,203.0479
M_801_3,M_801_3.mp4_sec_0011.jpg,4,211.2592,213.2544,202.2153
M_801_3,M_801_3.mp4_sec_0011.jpg,5,208.9493,210.0367,201.8488
M_801_3,M_801_3.mp4_sec_0012.jpg,1,211.0,213.0,202.0
M_801_3,M_801_3.mp4_sec_0012.jpg,2,211.0645,212.6428,202.7661
M_801_3,M_801_3.mp4_sec_0012.jpg,3,212.9219,214.9219,203.9219
M_801_3,M_801_3.mp4_sec_0012.jpg,4,212.6652,214.6631,203.5807
M_801_3,M_801_3.mp4_sec_0012.jpg,5,211.0185,212.9786,202.1005
M_801_3,M_801_3.mp4_sec_0013.jpg,1,213.0,215.0,204.0
M_801_3,M_801_3.mp4_sec_0013.jpg,2,212.569,214.569,203.569
M_801_3,M_801_3.mp4_sec_0013.jpg,3,213.0367,215.0367,204.0367
M_801_3,M_801_3.mp4_sec_0013.jpg,4,210.8394,212.6478,202.3513
M_801_3,M_801_3.mp4_sec_0013.jpg,5,209.2007,210.4989,201.6913
M_801_3,M_801_3.mp4_sec_0014.jpg,1,211.161,212.728,202.6906
M_801_3,M_801_3.mp4_sec_0014.jpg,2,210.4653,211.57,203.1238
M_801_3,M_801_3.mp4_sec_0014.jpg,3,212.9793,214.9793,203.9793
M_801_3,M_801_3.mp4_sec_0014.jpg,4,213.01,215.01,204.01
M_801_3,M_801_3.mp4_sec_0014.jpg,5,211.0376,212.9912,202.1303
M_801_3,M_801_3.mp4_sec_0015.jpg,1,211.0032,213.0032,202.0032
M_801_3,M_801_3.mp4_sec_0015.jpg,2,212.9798,214.9798,203.9798
M_801_3,M_801_3.mp4_sec_0015.jpg,3,212.9802,214.9802,203.9802
M_801_3,M_801_3.mp4_sec_0015.jpg,4,209.4511,210.2871,202.6132
M_801_3,M_801_3.mp4_sec_0015.jpg,5,211.2644,213.2644,202.2644
M_801_3,M_801_3.mp4_sec_0016.jpg,1,211.0193,212.9715,202.1112
M_801_3,M_801_3.mp4_sec_0016.jpg,2,210.1071,211.6674,202.2127
M_801_3,M_801_3.mp4_sec_0016.jpg,3,212.0255,214.0255,203.0255
M_801_3,M_801_3.mp4_sec_0016.jpg,4,211.1923,213.1923,202.1923
M_801_3,M_801_3.mp4_sec_0016.jpg,5,209.8579,211.1036,202.4152
M_801_3,M_801_3.mp4_sec_0017.jpg,1,210.7406,212.7681,203.056
M_801_3,M_801_3.mp4_sec_0017.jpg,2,211.3759,213.3759,202.3652
M_801_3,M_801_3.mp4_sec_0017.jpg,3,211.0777,212.1469,203.4046
M_801_3,M_801_3.mp4_sec_0017.jpg,4,211.121,213.121,202.121
M_801_3,M_801_3.mp4_sec_0017.jpg,5,210.9223,212.892,201.9743
M_801_3,M_801_3.mp4_sec_0018.jpg,1,210.3454,211.9144,202.1031
M_801_3,M_801_3.mp4_sec_0018.jpg,2,210.6642,211.5816,203.2683
M_801_3,M_801_3.mp4_sec_0018.jpg,3,212.8584,214.8584,203.8584
M_801_3,M_801_3.mp4_sec_0018.jpg,4,212.955,214.955,203.955
M_801_3,M_801_3.mp4_sec_0018.jpg,5,211.5577,212.8468,203.4549
M_801_3,M_801_3.mp4_sec_0019.jpg,1,210.7947,212.6283,202.1401
M_801_3,M_801_3.mp4_sec_0019.jpg,2,211.0,213.0,202.0
M_801_3,M_801_3.mp4_sec_0019.jpg,3,211.0,213.0,202.0
M_801_3,M_801_3.mp4_sec_0019.jpg,4,212.1884,214.1884,203.1884
M_801_3,M_801_3.mp4_sec_0019.jpg,5,211.0,213.0,202.0
M_801_3,M_801_3.mp4_sec_0020.jpg,1,211.3594,213.3594,202.3419
M_801_3,M_801_3.mp4_sec_0020.jpg,2,212.9521,214.9521,203.9521
M_801_3,M_801_3.mp4_sec_0020.jpg,3,212.5884,214.5884,203.5884
M_801_3,M_801_3.mp4_sec_0020.jpg,4,208.9241,209.8128,201.9378
M_801_3,M_801_3.mp4_sec_0020.jpg,5,213.0,215.0,204.0
M_801_3,M_801_3.mp4_sec_0021.jpg,1,213.1497,215.1497,204.1497
M_801_3,M_801_3.mp4_sec_0021.jpg,2,207.916,208.9232,201.6954
M_801_3,M_801_3.mp4_sec_0021.jpg,3,213.0,215.0,204.0
M_801_3,M_801_3.mp4_sec_0021.jpg,4,211.0447,213.0447,202.0447
M_801_3,M_801_3.mp4_sec_0021.jpg,5,213.1337,215.1337,204.1337
M_801_3,M_801_3.mp4_sec_0022.jpg,1,212.8725,214.861,203.8957
M_801_3,M_801_3.mp4_sec_0022.jpg,2,213.0,215.0,204.0
M_801_3,M_801_3.mp4_sec_0022.jpg,3,211.1435,213.1435,202.1435
M_801_3,M_801_3.mp4_sec_0022.jpg,4,211.974,213.974,202.974
M_801_3,M_801_3.mp4_sec_0022.jpg,5,211.0913,213.0913,202.0913
M_801_3,M_801_3.mp4_sec_0023.jpg,1,210.8515,212.6494,202.2515
M_801_3,M_801_3.mp4_sec_0023.jpg,2,211.0016,213.0016,201.998
M_801_3,M_801_3.mp4_sec_0023.jpg,3,210.315,211.2178,203.3319
M_801_3,M_801_3.mp4_sec_0023.jpg,4,209.9554,210.7342,203.2993
M_801_3,M_801_3.mp4_sec_0023.jpg,5,210.0071,211.0114,202.9986
M_801_3,M_801_3.mp4_sec_0024.jpg,1,210.2713,211.3458,203.1209
M_801_3,M_801_3.mp4_sec_0024.jpg,2,212.9854,214.9854,203.9854
M_801_3,M_801_3.mp4_sec_0024.jpg,3,211.0004,213.0004,201.9989
M_801_3,M_801_3.mp4_sec_0024.jpg,4,207.838,208.8248,201.5073
M_801_3,M_801_3.mp4_sec_0024.jpg,5,210.895,212.8512,201.9963
M_801_3,M_801_3.mp4_sec_0025.jpg,1,209.1526,210.2055,202.1052
M_801_3,M_801_3.mp4_sec_0025.jpg,2,209.9627,211.4922,201.9039
M_801_3,M_801_3.mp4_sec_0025.jpg,3,212.6845,214.6845,203.6845
M_801_3,M_801_3.mp4_sec_0025.jpg,4,210.2642,211.9702,201.852
M_801_3,M_801_3.mp4_sec_0025.jpg,5,211.8531,213.8531,202.8531
M_801_3,M_801_3.mp4_sec_0026.jpg,1,211.0795,213.0795,202.0795
M_801_3,M_801_3.mp4_sec_0026.jpg,2,208.3568,209.3593,201.7041
M_801_3,M_801_3.mp4_sec_0026.jpg,3,210.2846,211.488,202.8822
M_801_3,M_801_3.mp4_sec_0026.jpg,4,210.3224,211.5731,202.809
M_801_3,M_801_3.mp4_sec_0026.jpg,5,210.3845,211.9359,202.2755
M_801_3,M_801_3.mp4_sec_0027.jpg,1,212.1587,213.8218,203.4407
M_801_3,M_801_3.mp4_sec_0027.jpg,2,210.391,211.3742,202.9784
M_801_3,M_801_3.mp4_sec_0027.jpg,3,213.0,215.0,204.0
M_801_3,M_801_3.mp4_sec_0027.jpg,4,210.9786,212.968,201.9996
M_801_3,M_801_3.mp4_sec_0027.jpg,5,211.0,213.0,202.0
M_801_3,M_801_3.mp4_sec_0028.jpg,1,212.078,214.0723,203.0808
M_801_3,M_801_3.mp4_sec_0028.jpg,2,209.9666,210.8479,202.7703
M_801_3,M_801_3.mp4_sec_0028.jpg,3,210.6225,212.2458,202.3751
M_801_3,M_801_3.mp4_sec_0028.jpg,4,212.9793,214.9793,203.9793
M_801_3,M_801_3.mp4_sec_0028.jpg,5,211.4476,212.9264,203.2007
M_801_3,M_801_3.mp4_sec_0029.jpg,1,212.6521,214.5078,203.8232
M_801_3,M_801_3.mp4_sec_0029.jpg,2,209.7345,210.7652,202.6811
M_801_3,M_801_3.mp4_sec_0029.jpg,3,211.0,213.0,202.0
M_801_3,M_801_3.mp4_sec_0029.jpg,4,210.8164,212.6858,202.0776
M_801_3,M_801_3.mp4_sec_0029.jpg,5,210.7231,212.5334,202.1026
M_801_3,M_801_3.mp4_sec_0030.jpg,1,212.9822,214.9822,203.9822
M_801_3,M_801_3.mp4_sec_0030.jpg,2,212.9895,214.9895,203.9895
M_801_3,M_801_3.mp4_sec_0030.jpg,3,212.9745,214.9745,203.9745
M_801_3,M_801_3.mp4_sec_0030.jpg,4,208.1895,209.1909,201.7884
M_801_3,M_801_3.mp4_sec_0030.jpg,5,213.0,215.0,204.0
M_814_1,M_814_1.mp4_sec_0000.jpg,1,43.3383,31.4538,35.5628
M_814_1,M_814_1.mp4_sec_0000.jpg,2,40.9386,29.4027,31.8526
M_814_1,M_814_1.mp4_sec_0000.jpg,3,41.5903,30.0119,33.1647
M_814_1,M_814_1.mp4_sec_0000.jpg,4,41.4832,31.1405,32.7145
M_814_1,M_814_1.mp4_sec_0000.jpg,5,44.0883,32.2509,36.9031
M_814_1,M_814_1.mp4_sec_0001.jpg,1,42.0828,31.8947,33.0588
M_814_1,M_814_1.mp4_sec_0001.jpg,2,42.6555,30.8815,35.106
M_814_1,M_814_1.mp4_sec_0001.jpg,3,42.8126,32.5672,32.7892
M_814_1,M_814_1.mp4_sec_0001.jpg,4,42.9606,32.8462,33.4604
M_814_1,M_814_1.mp4_sec_0001.jpg,5,42.711,32.5451,32.7853
M_814_1,M_814_1.mp4_sec_0002.jpg,1,41.4202,30.1426,34.3666
M_814_1,M_814_1.mp4_sec_0002.jpg,2,46.5716,36.4542,37.8733
M_814_1,M_814_1.mp4_sec_0002.jpg,3,42.0566,31.814,33.0843
M_814_1,M_814_1.mp4_sec_0002.jpg,4,45.3868,34.7753,40.6867
M_814_1,M_814_1.mp4_sec_0002.jpg,5,40.3306,28.9082,32.1009
M_814_1,M_814_1.mp4_sec_0003.jpg,1,47.5016,36.7808,40.2351
M_814_1,M_814_1.mp4_sec_0003.jpg,2,42.272,30.5155,33.7828
M_814_1,M_814_1.mp4_sec_0003.jpg,3,41.2019,30.0214,32.2749
M_814_1,M_814_1.mp4_sec_0003.jpg,4,40.9701,29.7183,33.4701
M_814_1,M_814_1.mp4_sec_0003.jpg,5,40.375,29.048,31.0208
M_814_1,M_814_1.mp4_sec_0004.jpg,1,42.5566,32.8074,33.3149
M_814_1,M_814_1.mp4_sec_0004.jpg,2,42.6693,31.4849,36.4497
M_814_1,M_814_1.mp4_sec_0004.jpg,3,43.2697,32.1021,34.7407
M_814_1,M_814_1.mp4_sec_0004.jpg,4,42.6106,32.4778,34.1646
M_814_1,M_814_1.mp4_sec_0004.jpg,5,41.7807,31.5323,32.5068
M_814_1,M_814_1.mp4_sec_0005.jpg,1,42.377,31.17,33.5894
M_814_1,M_814_1.mp4_sec_0005.jpg,2,43.2483,32.5559,35.2043
M_814_1,M_814_1.mp4_sec_0005.jpg,3,43.6386,33.2722,34.9582
M_814_1,M_814_1.mp4_sec_0005.jpg,4,41.3273,30.8388,33.0046
M_814_1,M_814_1.mp4_sec_0005.jpg,5,43.5765,31.4127,36.5055
M_814_1,M_814_1.mp4_sec_0006.jpg,1,42.7421,30.914,35.8465
M_814_1,M_814_1.mp4_sec_0006.jpg,2,42.6042,32.3766,33.803
M_814_1,M_814_1.mp4_sec_0006.jpg,3,41.6422,30.31,33.9149
M_814_1,M_814_1.mp4_sec_0006.jpg,4,45.8094,34.548,37.7981
M_814_1,M_814_1.mp4_sec_0006.jpg,5,43.9885,33.6402,34.7985
M_814_1,M_814_1.mp4_sec_0007.jpg,1,42.0962,31.9107,32.8852
M_814_1,M_814_1.mp4_sec_0007.jpg,2,41.6077,31.7621,32.3666
M_814_1,M_814_1.mp4_sec_0007.jpg,3,45.4788,34.5809,40.3039
M_814_1,M_814_1.mp4_sec_0007.jpg,4,45.8976,34.9608,40.9275
M_814_1,M_814_1.mp4_sec_0007.jpg,5,40.4527,29.3479,32.109
M_814_1,M_814_1.mp4_sec_0008.jpg,1,43.0721,31.5525,35.3238
M_814_1,M_814_1.mp4_sec_0008.jpg,2,40.7362,30.3142,32.0584
M_814_1,M_814_1.mp4_sec_0008.jpg,3,42.2782,31.0473,34.2667
M_814_1,M_814_1.mp4_sec_0008.jpg,4,40.1533,29.4673,31.3661
M_814_1,M_814_1.mp4_sec_0008.jpg,5,41.6337,31.2545,32.2267
M_814_1,M_814_1.mp4_sec_0009.jpg,1,40.2892,28.8167,31.3175
M_814_1,M_814_1.mp4_sec_0009.jpg,2,41.7201,31.2703,32.7561
M_814_1,M_814_1.mp4_sec_0009.jpg,3,40.818,29.2245,32.0982
M_814_1,M_814_1.mp4_sec_0009.jpg,4,54.5294,45.3887,49.4945
M_814_1,M_814_1.mp4_sec_0009.jpg,5,44.4456,33.8823,35.9462
M_814_1,M_814_1.mp4_sec_0010.jpg,1,42.2689,30.6371,34.4467
M_814_1,M_814_1.mp4_sec_0010.jpg,2,60.182,52.8092,56.8779
M_814_1,M_814_1.mp4_sec_0010.jpg,3,41.9814,30.7561,33.3949
M_814_1,M_814_1.mp4_sec_0010.jpg,4,44.029,31.8337,37.2194
M_814_1,M_814_1.mp4_sec_0010.jpg,5,61.7532,55.4805,58.5591
M_814_1,M_814_1.mp4_sec_0011.jpg,1,48.374,37.261,40.5469
M_814_1,M_814_1.mp4_sec_0011.jpg,2,57.5015,48.4982,52.979
M_814_1,M_814_1.mp4_sec_0011.jpg,3,41.1028,29.9759,33.0069
M_814_1,M_814_1.mp4_sec_0011.jpg,4,42.2317,31.0141,33.1497
M_814_1,M_814_1.mp4_sec_0011.jpg,5,40.9567,29.3505,33.4958
M_814_1,M_814_1.mp4_sec_0012.jpg,1,41.7955,30.2203,33.7727
M_814_1,M_814_1.mp4_sec_0012.jpg,2,43.8481,34.1979,34.5783
M_814_1,M_814_1.mp4_sec_0012.jpg,3,45.73,36.176,37.2432
M_814_1,M_814_1.mp4_sec_0012.jpg,4,42.9566,32.465,34.7598
M_814_1,M_814_1.mp4_sec_0012.jpg,5,40.8653,29.3008,31.8635
M_814_1,M_814_1.mp4_sec_0013.jpg,1,45.5181,33.6163,40.1437
M_814_1,M_814_1.mp4_sec_0013.jpg,2,43.0436,33.0816,33.1515
M_814_1,M_814_1.mp4_sec_0013.jpg,3,55.4978,46.0867,50.9586
M_814_1,M_814_1.mp4_sec_0013.jpg,4,42.4273,32.4281,33.2959
M_814_1,M_814_1.mp4_sec_0013.jpg,5,43.7116,33.9208,34.8927
M_814_1,M_814_1.mp4_sec_0014.jpg,1,43.4701,33.5005,34.2406
M_814_1,M_814_1.mp4_sec_0014.jpg,2,42.4523,31.9351,34.7149
M_814_1,M_814_1.mp4_sec_0014.jpg,3,41.9494,32.2584,33.8773
M_814_1,M_814_1.mp4_sec_0014.jpg,4,41.1446,31.0044,32.2462
M_814_1,M_814_1.mp4_sec_0014.jpg,5,39.9789,28.4421,30.6602
M_814_1,M_814_1.mp4_sec_0015.jpg,1,41.4905,31.4084,32.3939
M_814_1,M_814_1.mp4_sec_0015.jpg,2,42.2516,31.876,33.0696
M_814_1,M_814_1.mp4_sec_0015.jpg,3,43.289,30.8377,37.1066
M_814_1,M_814_1.mp4_sec_0015.jpg,4,61.9741,55.044,59.5836
M_814_1,M_814_1.mp4_sec_0015.jpg,5,57.6601,49.272,53.5635
M_814_1,M_814_1.mp4_sec_0016.jpg,1,60.8628,54.6095,57.6612
M_814_1,M_814_1.mp4_sec_0016.jpg,2,40.5352,29.7,32.119
M_814_1,M_814_1.mp4_sec_0016.jpg,3,56.7141,48.9489,51.8337
M_814_1,M_814_1.mp4_sec_0016.jpg,4,39.8269,28.1317,30.5652
M_814_1,M_814_1.mp4_sec_0016.jpg,5,42.6474,31.4432,33.996
M_814_1,M_814_1.mp4_sec_0017.jpg,1,40.4405,28.8003,31.5922
M_814_1,M_814_1.mp4_sec_0017.jpg,2,43.1376,33.2413,33.7242
M_814_1,M_814_1.mp4_sec_0017.jpg,3,41.9297,30.4816,33.4766
M_814_1,M_814_1.mp4_sec_0017.jpg,4,41.6099,31.3467,32.6851
M_814_1,M_814_1.mp4_sec_0017.jpg,5,41.335,30.0321,34.3005
M_814_1,M_814_1.mp4_sec_0018.jpg,1,40.8237,30.5031,32.142
M_814_1,M_814_1.mp4_sec_0018.jpg,2,41.4257,31.2786,32.9284
M_814_1,M_814_1.mp4_sec_0018.jpg,3,41.5601,31.4741,33.163
M_814_1,M_814_1.mp4_sec_0018.jpg,4,44.4022,31.7789,38.8246
M_814_1,M_814_1.mp4_sec_0018.jpg,5,42.2401,32.308,34.295
M_814_1,M_814_1.mp4_sec_0019.jpg,1,42.0834,30.293,35.0069
M_814_1,M_814_1.mp4_sec_0019.jpg,2,42.054,30.4646,33.4525
M_814_1,M_814_1.mp4_sec_0019.jpg,3,43.4527,33.6104,33.6407
M_814_1,M_814_1.mp4_sec_0019.jpg,4,43.1696,31.2596,35.7986
M_814_1,M_814_1.mp4_sec_0019.jpg,5,43.1886,31.2959,36.511
M_814_1,M_814_1.mp4_sec_0020.jpg,1,41.9728,31.9626,32.8715
M_814_1,M_814_1.mp4_sec_0020.jpg,2,40.063,28.8045,30.655
M_814_1,M_814_1.mp4_sec_0020.jpg,3,42.3463,30.9578,34.324
M_814_1,M_814_1.mp4_sec_0020.jpg,4,40.4292,29.548,32.0294
M_814_1,M_814_1.mp4_sec_0020.jpg,5,42.3448,32.3165,32.5015
M_814_1,M_814_1.mp4_sec_0021.jpg,1,42.0562,32.335,33.2024
M_814_1,M_814_1.mp4_sec_0021.jpg,2,41.6526,31.5084,32.5476
M_814_1,M_814_1.mp4_sec_0021.jpg,3,43.726,32.1212,37.2691
M_814_1,M_814_1.mp4_sec_0021.jpg,4,41.3877,30.7857,32.6356
M_814_1,M_814_1.mp4_sec_0021.jpg,5,40.6747,29.1479,32.6561
M_814_1,M_814_1.mp4_sec_0022.jpg,1,45.3038,33.5566,41.0573
M_814_1,M_814_1.mp4_sec_0022.jpg,2,44.5955,34.1387,35.638
M_814_1,M_814_1.mp4_sec_0022.jpg,3,41.7698,30.8069,32.8633
M_814_1,M_814_1.mp4_sec_0022.jpg,4,40.8594,30.0986,32.0307
M_814_1,M_814_1.mp4_sec_0022.jpg,5,43.0736,32.7963,34.0734
M_814_1,M_814_1.mp4_sec_0023.jpg,1,44.73,34.0845,39.7647
M_814_1,M_814_1.mp4_sec_0023.jpg,2,58.2265,49.6742,54.3514
M_814_1,M_814_1.mp4_sec_0023.jpg,3,40.9482,29.3549,32.4135
M_814_1,M_814_1.mp4_sec_0023.jpg,4,41.224,30.7194,32.8423
M_814_1,M_814_1.mp4_sec_0023.jpg,5,41.7468,30.2455,34.3447
M_814_1,M_814_1.mp4_sec_0024.jpg,1,41.1133,29.9444,33.8819
M_814_1,M_814_1.mp4_sec_0024.jpg,2,41.2973,29.8816,33.858
M_814_1,M_814_1.mp4_sec_0024.jpg,3,42.8758,32.6712,34.0035
M_814_1,M_814_1.mp4_sec_0024.jpg,4,42.1741,32.079,33.1183
M_814_1,M_814_1.mp4_sec_0024.jpg,5,51.7887,41.9099,45.312
M_814_1,M_814_1.mp4_sec_0025.jpg,1,42.8339,32.7601,33.835
M_814_1,M_814_1.mp4_sec_0025.jpg,2,43.8406,33.663,34.7702
M_814_1,M_814_1.mp4_sec_0025.jpg,3,42.6684,32.4171,32.9103
M_814_1,M_814_1.mp4_sec_0025.jpg,4,51.0801,41.742,44.0793
M_814_1,M_814_1.mp4_sec_0025.jpg,5,39.2395,27.9702,30.4011
M_814_1,M_814_1.mp4_sec_0026.jpg,1,42.605,30.8888,34.8222
M_814_1,M_814_1.mp4_sec_0026.jpg,2,56.1647,46.9843,51.0579
M_814_1,M_814_1.mp4_sec_0026.jpg,3,42.8927,33.0382,32.8072
M_814_1,M_814_1.mp4_sec_0026.jpg,4,42.3319,31.188,33.8428
M_814_1,M_814_1.mp4_sec_0026.jpg,5,41.5641,31.4699,32.4733
M_814_1,M_814_1.mp4_sec_0027.jpg,1,42.4275,31.4513,33.3373
M_814_1,M_814_1.mp4_sec_0027.jpg,2,43.7256,33.6059,34.1402
M_814_1,M_814_1.mp4_sec_0027.jpg,3,43.0336,32.5619,34.2223
M_814_1,M_814_1.mp4_sec_0027.jpg,4,50.3996,40.705,43.487
M_814_1,M_814_1.mp4_sec_0027.jpg,5,43.9611,32.2685,36.0696
M_814_1,M_814_1.mp4_sec_0028.jpg,1,43.7337,32.052,37.09
M_814_1,M_814_1.mp4_sec_0028.jpg,2,42.7652,32.8377,32.3876
M_814_1,M_814_1.mp4_sec_0028.jpg,3,39.9701,28.5785,30.7879
M_814_1,M_814_1.mp4_sec_0028.jpg,4,42.3085,32.1473,33.3242
M_814_1,M_814_1.mp4_sec_0028.jpg,5,42.6683,32.3709,35.0385
M_814_1,M_814_1.mp4_sec_0029.jpg,1,49.5075,38.8249,42.2337
M_814_1,M_814_1.mp4_sec_0029.jpg,2,50.4465,40.9432,43.3381
M_814_1,M_814_1.mp4_sec_0029.jpg,3,42.4898,30.8536,34.4631
M_814_1,M_814_1.mp4_sec_0029.jpg,4,42.4062,32.1046,33.2804
M_814_1,M_814_1.mp4_sec_0029.jpg,5,42.1804,31.9945,32.8116
M_814_1,M_814_1.mp4_sec_0030.jpg,1,42.4723,31.9872,33.728
M_814_1,M_814_1.mp4_sec_0030.jpg,2,42.4932,32.4247,33.4046
M_814_1,M_814_1.mp4_sec_0030.jpg,3,42.0919,30.6267,34.7685
M_814_1,M_814_1.mp4_sec_0030.jpg,4,40.8048,30.4319,31.6522
M_814_1,M_814_1.mp4_sec_0030.jpg,5,52.7258,42.7848,46.2903
M_814_2,M_814_2.mp4_sec_0000.jpg,1,41.4502,30.1243,34.5988
M_814_2,M_814_2.mp4_sec_0000.jpg,2,43.2217,32.1762,35.9183
M_814_2,M_814_2.mp4_sec_0000.jpg,3,41.8718,31.2437,33.7206
M_814_2,M_814_2.mp4_sec_0000.jpg,4,41.0155,29.9513,33.2305
M_814_2,M_814_2.mp4_sec_0000.jpg,5,42.0631,31.3586,33.267
M_814_2,M_814_2.mp4_sec_0001.jpg,1,42.4619,30.5301,35.6551
M_814_2,M_814_2.mp4_sec_0001.jpg,2,40.3963,29.2765,31.6353
M_814_2,M_814_2.mp4_sec_0001.jpg,3,42.1508,31.9545,33.2372
M_814_2,M_814_2.mp4_sec_0001.jpg,4,40.1017,29.654,31.0141
M_814_2,M_814_2.mp4_sec_0001.jpg,5,41.7956,30.7695,33.0319
M_814_2,M_814_2.mp4_sec_0002.jpg,1,41.5498,31.3826,32.6405
M_814_2,M_814_2.mp4_sec_0002.jpg,2,55.8146,47.0833,50.8947
M_814_2,M_814_2.mp4_sec_0002.jpg,3,40.5299,29.9288,33.0851
M_814_2,M_814_2.mp4_sec_0002.jpg,4,42.2518,31.7404,33.6641
M_814_2,M_814_2.mp4_sec_0002.jpg,5,45.0657,34.518,40.4655
M_814_2,M_814_2.mp4_sec_0003.jpg,1,41.6942,30.1254,34.5131
M_814_2,M_814_2.mp4_sec_0003.jpg,2,59.2176,51.6371,55.5283
M_814_2,M_814_2.mp4_sec_0003.jpg,3,50.8649,41.2534,44.2399
M_814_2,M_814_2.mp4_sec_0003.jpg,4,42.1995,30.954,34.2302
M_814_2,M_814_2.mp4_sec_0003.jpg,5,40.0989,28.63,30.9095
M_814_2,M_814_2.mp4_sec_0004.jpg,1,40.1539,28.8874,31.8251
M_814_2,M_814_2.mp4_sec_0004.jpg,2,42.7537,32.8447,33.8003
M_814_2,M_814_2.mp4_sec_0004.jpg,3,42.7519,32.073,37.0239
M_814_2,M_814_2.mp4_sec_0004.jpg,4,42.182,30.8928,34.1959
M_814_2,M_814_2.mp4_sec_0004.jpg,5,40.7169,30.1585,32.3406
M_814_2,M_814_2.mp4_sec_0005.jpg,1,43.5859,32.7945,34.4434
M_814_2,M_814_2.mp4_sec_0005.jpg,2,42.0734,32.5716,32.6346
M_814_2,M_814_2.mp4_sec_0005.jpg,3,42.2194,32.1407,36.2899
M_814_2,M_814_2.mp4_sec_0005.jpg,4,41.9784,30.6011,33.7813
M_814_2,M_814_2.mp4_sec_0005.jpg,5,42.4967,31.1813,34.2364
M_814_2,M_814_2.mp4_sec_0006.jpg,1,58.6337,50.4208,55.031
M_814_2,M_814_2.mp4_sec_0006.jpg,2,41.4111,30.2423,33.4994
M_814_2,M_814_2.mp4_sec_0006.jpg,3,42.5753,32.2523,33.6082
M_814_2,M_814_2.mp4_sec_0006.jpg,4,40.4704,29.3333,32.1813
M_814_2,M_814_2.mp4_sec_0006.jpg,5,41.4918,30.4812,32.7424
M_814_2,M_814_2.mp4_sec_0007.jpg,1,54.9996,46.0497,49.5874
M_814_2,M_814_2.mp4_sec_0007.jpg,2,42.6522,32.5608,33.8315
M_814_2,M_814_2.mp4_sec_0007.jpg,3,42.1765,32.1873,33.1535
M_814_2,M_814_2.mp4_sec_0007.jpg,4,41.6177,30.2767,34.638
M_814_2,M_814_2.mp4_sec_0007.jpg,5,41.0942,29.7567,32.8038
M_814_2,M_814_2.mp4_sec_0008.jpg,1,42.1052,31.5924,33.0803
M_814_2,M_814_2.mp4_sec_0008.jpg,2,41.0673,29.8139,32.2009
M_814_2,M_814_2.mp4_sec_0008.jpg,3,41.3544,29.9356,34.7594
M_814_2,M_814_2.mp4_sec_0008.jpg,4,40.599,29.8292,32.1807
M_814_2,M_814_2.mp4_sec_0008.jpg,5,43.0595,32.8653,34.0581
M_814_2,M_814_2.mp4_sec_0009.jpg,1,42.5004,32.5121,32.8641
M_814_2,M_814_2.mp4_sec_0009.jpg,2,40.5736,29.9267,32.0103
M_814_2,M_814_2.mp4_sec_0009.jpg,3,52.7059,43.02,46.6346
M_814_2,M_814_2.mp4_sec_0009.jpg,4,42.8397,32.6062,34.0665
M_814_2,M_814_2.mp4_sec_0009.jpg,5,46.0306,35.1251,42.1081
M_814_2,M_814_2.mp4_sec_0010.jpg,1,40.4828,29.1815,32.1577
M_814_2,M_814_2.mp4_sec_0010.jpg,2,42.6296,32.3804,34.0217
M_814_2,M_814_2.mp4_sec_0010.jpg,3,60.4682,53.3947,57.6568
M_814_2,M_814_2.mp4_sec_0010.jpg,4,41.8658,31.4796,33.6546
M_814_2,M_814_2.mp4_sec_0010.jpg,5,43.0277,33.4874,33.6106
M_814_2,M_814_2.mp4_sec_0011.jpg,1,42.8711,32.1701,34.3762
M_814_2,M_814_2.mp4_sec_0011.jpg,2,42.7233,30.7813,35.6884
M_814_2,M_814_2.mp4_sec_0011.jpg,3,42.7939,32.615,33.7979
M_814_2,M_814_2.mp4_sec_0011.jpg,4,41.293,30.0812,32.7088
M_814_2,M_814_2.mp4_sec_0011.jpg,5,43.615,33.6183,34.6062
M_814_2,M_814_2.mp4_sec_0012.jpg,1,41.9441,30.3773,34.0181
M_814_2,M_814_2.mp4_sec_0012.jpg,2,42.4662,31.822,33.8434
M_814_2,M_814_2.mp4_sec_0012.jpg,3,40.1491,29.3311,31.3655
M_814_2,M_814_2.mp4_sec_0012.jpg,4,42.757,32.8907,33.3134
M_814_2,M_814_2.mp4_sec_0012.jpg,5,41.5131,29.647,33.6546
M_814_2,M_814_2.mp4_sec_0013.jpg,1,40.8545,30.4432,32.0482
M_814_2,M_814_2.mp4_sec_0013.jpg,2,43.0376,30.5434,37.356
M_814_2,M_814_2.mp4_sec_0013.jpg,3,41.5891,29.7118,34.5047
M_814_2,M_814_2.mp4_sec_0013.jpg,4,40.5237,28.9965,31.5889
M_814_2,M_814_2.mp4_sec_0013.jpg,5,40.6886,29.0489,32.6964
M_814_2,M_814_2.mp4_sec_0014.jpg,1,43.0476,31.1639,36.2145
M_814_2,M_814_2.mp4_sec_0014.jpg,2,42.6068,31.1889,35.3591
M_814_2,M_814_2.mp4_sec_0014.jpg,3,45.5529,35.7311,36.7375
M_814_2,M_814_2.mp4_sec_0014.jpg,4,41.1429,29.7254,34.3091
M_814_2,M_814_2.mp4_sec_0014.jpg,5,40.5803,29.2762,31.8459
M_814_2,M_814_2.mp4_sec_0015.jpg,1,39.8283,29.0866,31.0842
M_814_2,M_814_2.mp4_sec_0015.jpg,2,41.9062,31.7058,35.575
M_814_2,M_814_2.mp4_sec_0015.jpg,3,40.3377,29.6425,32.0709
M_814_2,M_814_2.mp4_sec_0015.jpg,4,42.4903,32.1847,34.193
M_814_2,M_814_2.mp4_sec_0015.jpg,5,46.9683,35.4398,43.4022
M_814_2,M_814_2.mp4_sec_0016.jpg,1,42.6037,32.6906,33.1955
M_814_2,M_814_2.mp4_sec_0016.jpg,2,41.6477,31.1176,32.7508
M_814_2,M_814_2.mp4_sec_0016.jpg,3,40.6367,30.126,31.7362
M_814_2,M_814_2.mp4_sec_0016.jpg,4,41.9768,31.9848,32.4847
M_814_2,M_814_2.mp4_sec_0016.jpg,5,50.9965,41.2733,45.0261
M_814_2,M_814_2.mp4_sec_0017.jpg,1,53.4995,43.6079,47.9608
M_814_2,M_814_2.mp4_sec_0017.jpg,2,42.8346,31.466,34.3394
M_814_2,M_814_2.mp4_sec_0017.jpg,3,42.9746,32.4854,33.3005
M_814_2,M_814_2.mp4_sec_0017.jpg,4,42.7045,31.9591,34.1422
M_814_2,M_814_2.mp4_sec_0017.jpg,5,41.4889,30.377,33.046
M_814_2,M_814_2.mp4_sec_0018.jpg,1,47.2523,36.2756,43.6787
M_814_2,M_814_2.mp4_sec_0018.jpg,2,42.3653,32.2081,33.3691
M_814_2,M_814_2.mp4_sec_0018.jpg,3,41.6528,31.0624,32.6062
M_814_2,M_814_2.mp4_sec_0018.jpg,4,42.6734,32.7276,33.1422
M_814_2,M_814_2.mp4_sec_0018.jpg,5,43.2223,33.5679,34.6504
M_814_2,M_814_2.mp4_sec_0019.jpg,1,42.3063,31.4786,33.4144
M_814_2,M_814_2.mp4_sec_0019.jpg,2,42.2183,31.4885,33.2725
M_814_2,M_814_2.mp4_sec_0019.jpg,3,41.2631,29.9166,32.4337
M_814_2,M_814_2.mp4_sec_0019.jpg,4,40.5232,30.0334,31.6449
M_814_2,M_814_2.mp4_sec_0019.jpg,5,41.5732,31.3001,32.5772
M_814_2,M_814_2.mp4_sec_0020.jpg,1,42.6499,30.9629,34.5997
M_814_2,M_814_2.mp4_sec_0020.jpg,2,43.1234,30.6159,36.9394
M_814_2,M_814_2.mp4_sec_0020.jpg,3,40.3465,29.2481,31.5106
M_814_2,M_814_2.mp4_sec_0020.jpg,4,42.3474,32.0517,33.4655
M_814_2,M_814_2.mp4_sec_0020.jpg,5,42.8008,32.8478,33.0303
M_814_2,M_814_2.mp4_sec_0021.jpg,1,43.8171,31.54,37.2309
M_814_2,M_814_2.mp4_sec_0021.jpg,2,41.0555,30.3114,32.5257
M_814_2,M_814_2.mp4_sec_0021.jpg,3,42.9763,32.9806,33.5407
M_814_2,M_814_2.mp4_sec_0021.jpg,4,40.8375,30.4911,31.7725
M_814_2,M_814_2.mp4_sec_0021.jpg,5,42.228,30.7163,33.7775
M_814_2,M_814_2.mp4_sec_0022.jpg,1,43.5478,31.5009,36.3377
M_814_2,M_814_2.mp4_sec_0022.jpg,2,41.3578,29.8388,33.0851
M_814_2,M_814_2.mp4_sec_0022.jpg,3,47.0904,34.8478,43.4949
M_814_2,M_814_2.mp4_sec_0022.jpg,4,42.3658,32.0497,33.8098
M_814_2,M_814_2.mp4_sec_0022.jpg,5,42.9171,30.8488,36.3576
M_814_2,M_814_2.mp4_sec_0023.jpg,1,44.3399,34.4743,35.5719
M_814_2,M_814_2.mp4_sec_0023.jpg,2,42.8065,32.7809,33.2275
M_814_2,M_814_2.mp4_sec_0023.jpg,3,42.7335,32.3859,34.1179
M_814_2,M_814_2.mp4_sec_0023.jpg,4,40.2724,29.1541,31.8487
M_814_2,M_814_2.mp4_sec_0023.jpg,5,42.9009,33.0706,33.7784
M_814_2,M_814_2.mp4_sec_0024.jpg,1,41.3412,30.1813,32.613
M_814_2,M_814_2.mp4_sec_0024.jpg,2,42.0546,31.4268,33.7808
M_814_2,M_814_2.mp4_sec_0024.jpg,3,52.7766,42.9047,46.891
M_814_2,M_814_2.mp4_sec_0024.jpg,4,42.7711,30.6783,35.5131
M_814_2,M_814_2.mp4_sec_0024.jpg,5,41.6627,31.5425,33.0471
M_814_2,M_814_2.mp4_sec_0025.jpg,1,43.3916,31.2121,37.8465
M_814_2,M_814_2.mp4_sec_0025.jpg,2,43.9571,34.2038,34.9495
M_814_2,M_814_2.mp4_sec_0025.jpg,3,42.3348,32.5152,32.024
M_814_2,M_814_2.mp4_sec_0025.jpg,4,41.7935,31.792,32.5041
M_814_2,M_814_2.mp4_sec_0025.jpg,5,42.3326,30.7556,35.8272
M_814_2,M_814_2.mp4_sec_0026.jpg,1,41.0292,30.0597,33.4648
M_814_2,M_814_2.mp4_sec_0026.jpg,2,43.3432,33.0811,34.1336
M_814_2,M_814_2.mp4_sec_0026.jpg,3,42.91,30.7256,35.6384
M_814_2,M_814_2.mp4_sec_0026.jpg,4,42.1108,30.2083,35.2041
M_814_2,M_814_2.mp4_sec_0026.jpg,5,42.5595,32.0396,34.1373
M_814_2,M_814_2.mp4_sec_0027.jpg,1,58.5712,50.8078,55.2061
M_814_2,M_814_2.mp4_sec_0027.jpg,2,54.151,44.8956,47.9556
M_814_2,M_814_2.mp4_sec_0027.jpg,3,43.2422,33.2028,33.7302
M_814_2,M_814_2.mp4_sec_0027.jpg,4,43.2888,30.9869,36.8936
M_814_2,M_814_2.mp4_sec_0027.jpg,5,43.3509,31.1687,36.4294
M_814_2,M_814_2.mp4_sec_0028.jpg,1,42.6625,32.6835,32.4089
M_814_2,M_814_2.mp4_sec_0028.jpg,2,42.3961,32.3764,33.3238
M_814_2,M_814_2.mp4_sec_0028.jpg,3,40.3897,29.1229,32.0688
M_814_2,M_814_2.mp4_sec_0028.jpg,4,46.1287,36.0038,37.565
M_814_2,M_814_2.mp4_sec_0028.jpg,5,41.1064,30.7136,32.2475
M_814_2,M_814_2.mp4_sec_0029.jpg,1,43.3746,32.6482,35.4118
M_814_2,M_814_2.mp4_sec_0029.jpg,2,40.7422,30.0223,31.8991
M_814_2,M_814_2.mp4_sec_0029.jpg,3,42.5756,32.1645,33.1156
M_814_2,M_814_2.mp4_sec_0029.jpg,4,43.2767,31.1853,35.6796
M_814_2,M_814_2.mp4_sec_0029.jpg,5,41.2939,31.3403,32.2492
M_814_2,M_814_2.mp4_sec_0030.jpg,1,40.9038,29.4995,32.2495
M_814_2,M_814_2.mp4_sec_0030.jpg,2,62.3383,55.736,60.1911
M_814_2,M_814_2.mp4_sec_0030.jpg,3,42.6358,32.8425,34.5057
M_814_2,M_814_2.mp4_sec_0030.jpg,4,43.9726,33.5184,38.8498
M_814_2,M_814_2.mp4_sec_0030.jpg,5,42.5555,31.4569,34.4569
M_814_3,M_814_3.mp4_sec_0000.jpg,1,40.9773,29.6187,32.9971
M_814_3,M_814_3.mp4_sec_0000.jpg,2,41.6793,31.55,33.424
M_814_3,M_814_3.mp4_sec_0000.jpg,3,41.6168,29.7643,33.8192
M_814_3,M_814_3.mp4_sec_0000.jpg,4,42.407,31.8192,33.5896
M_814_3,M_814_3.mp4_sec_0000.jpg,5,43.9117,31.3921,38.3601
M_814_3,M_814_3.mp4_sec_0001.jpg,1,42.0526,32.0099,34.4998
M_814_3,M_814_3.mp4_sec_0001.jpg,2,41.4421,30.8101,32.5257
M_814_3,M_814_3.mp4_sec_0001.jpg,3,39.6904,28.5248,31.4549
M_814_3,M_814_3.mp4_sec_0001.jpg,4,40.5787,29.7985,32.3472
M_814_3,M_814_3.mp4_sec_0001.jpg,5,42.5106,32.2579,33.2335
M_814_3,M_814_3.mp4_sec_0002.jpg,1,42.4722,32.4012,33.4488
M_814_3,M_814_3.mp4_sec_0002.jpg,2,42.2729,32.0036,33.1863
M_814_3,M_814_3.mp4_sec_0002.jpg,3,44.7915,33.6461,39.5218
M_814_3,M_814_3.mp4_sec_0002.jpg,4,52.1952,42.6263,45.6542
M_814_3,M_814_3.mp4_sec_0002.jpg,5,40.3791,29.5532,32.2884
M_814_3,M_814_3.mp4_sec_0003.jpg,1,40.6003,28.9726,31.8019
M_814_3,M_814_3.mp4_sec_0003.jpg,2,41.5543,30.8644,33.0595
M_814_3,M_814_3.mp4_sec_0003.jpg,3,42.2576,31.4058,33.5664
M_814_3,M_814_3.mp4_sec_0003.jpg,4,51.1275,41.2321,44.6071
M_814_3,M_814_3.mp4_sec_0003.jpg,5,44.8045,34.311,35.9674
M_814_3,M_814_3.mp4_sec_0004.jpg,1,50.8068,41.0438,44.393
M_814_3,M_814_3.mp4_sec_0004.jpg,2,42.3057,31.3643,33.1077
M_814_3,M_814_3.mp4_sec_0004.jpg,3,43.0824,32.4848,33.8647
M_814_3,M_814_3.mp4_sec_0004.jpg,4,45.7,34.7489,41.2905
M_814_3,M_814_3.mp4_sec_0004.jpg,5,40.5709,29.057,31.5929
M_814_3,M_814_3.mp4_sec_0005.jpg,1,44.5805,34.7251,36.3981
M_814_3,M_814_3.mp4_sec_0005.jpg,2,42.3558,32.1736,33.5865
M_814_3,M_814_3.mp4_sec_0005.jpg,3,41.3049,29.7691,34.5927
M_814_3,M_814_3.mp4_sec_0005.jpg,4,41.8237,30.1342,34.5124
M_814_3,M_814_3.mp4_sec_0005.jpg,5,41.2373,29.3786,34.6491
M_814_3,M_814_3.mp4_sec_0006.jpg,1,43.4379,34.0259,34.5549
M_814_3,M_814_3.mp4_sec_0006.jpg,2,44.8742,35.4447,36.1294
M_814_3,M_814_3.mp4_sec_0006.jpg,3,40.431,29.2645,31.6906
M_814_3,M_814_3.mp4_sec_0006.jpg,4,42.4633,32.2141,33.6161
M_814_3,M_814_3.mp4_sec_0006.jpg,5,41.2921,30.519,32.9129
M_814_3,M_814_3.mp4_sec_0007.jpg,1,40.42,29.2353,31.8224
M_814_3,M_814_3.mp4_sec_0007.jpg,2,41.1564,29.7817,32.3483
M_814_3,M_814_3.mp4_sec_0007.jpg,3,42.1955,31.7317,33.7295
M_814_3,M_814_3.mp4_sec_0007.jpg,4,40.0982,28.5016,31.402
M_814_3,M_814_3.mp4_sec_0007.jpg,5,45.3386,34.8313,36.9036
M_814_3,M_814_3.mp4_sec_0008.jpg,1,41.2857,31.0425,32.0677
M_814_3,M_814_3.mp4_sec_0008.jpg,2,42.2236,30.3165,35.2189
M_814_3,M_814_3.mp4_sec_0008.jpg,3,61.5173,53.9175,58.8949
M_814_3,M_814_3.mp4_sec_0008.jpg,4,45.9438,35.0999,42.5831
M_814_3,M_814_3.mp4_sec_0008.jpg,5,45.513,34.946,41.7145
M_814_3,M_814_3.mp4_sec_0009.jpg,1,41.8397,31.7798,32.5239
M_814_3,M_814_3.mp4_sec_0009.jpg,2,42.943,32.7802,33.483
M_814_3,M_814_3.mp4_sec_0009.jpg,3,42.7924,32.1944,34.132
M_814_3,M_814_3.mp4_sec_0009.jpg,4,41.9443,31.2634,33.182
M_814_3,M_814_3.mp4_sec_0009.jpg,5,43.2041,32.4628,34.4306
M_814_3,M_814_3.mp4_sec_0010.jpg,1,49.8596,40.0579,43.1238
M_814_3,M_814_3.mp4_sec_0010.jpg,2,39.6917,27.9253,30.6594
M_814_3,M_814_3.mp4_sec_0010.jpg,3,41.147,29.7643,33.2744
M_814_3,M_814_3.mp4_sec_0010.jpg,4,59.1013,50.9569,55.5135
M_814_3,M_814_3.mp4_sec_0010.jpg,5,41.1092,30.967,32.18
M_814_3,M_814_3.mp4_sec_0011.jpg,1,40.2676,29.4839,31.2534
M_814_3,M_814_3.mp4_sec_0011.jpg,2,41.4376,29.7756,33.8569
M_814_3,M_814_3.mp4_sec_0011.jpg,3,42.1922,30.6265,35.3399
M_814_3,M_814_3.mp4_sec_0011.jpg,4,54.1665,44.6647,48.9328
M_814_3,M_814_3.mp4_sec_0011.jpg,5,41.5179,30.9056,32.8636
M_814_3,M_814_3.mp4_sec_0012.jpg,1,42.7793,32.2167,34.4387
M_814_3,M_814_3.mp4_sec_0012.jpg,2,41.6223,30.4164,33.9566
M_814_3,M_814_3.mp4_sec_0012.jpg,3,42.9901,32.4571,34.3879
M_814_3,M_814_3.mp4_sec_0012.jpg,4,39.9361,28.3005,31.0551
M_814_3,M_814_3.mp4_sec_0012.jpg,5,42.7333,31.5595,36.4839
M_814_3,M_814_3.mp4_sec_0013.jpg,1,40.4275,29.4702,32.5004
M_814_3,M_814_3.mp4_sec_0013.jpg,2,40.9454,30.4323,32.3645
M_814_3,M_814_3.mp4_sec_0013.jpg,3,40.5217,29.7125,32.653
M_814_3,M_814_3.mp4_sec_0013.jpg,4,42.0606,30.2408,34.3251
M_814_3,M_814_3.mp4_sec_0013.jpg,5,41.1674,30.8527,32.1544
M_814_3,M_814_3.mp4_sec_0014.jpg,1,41.1326,30.1329,32.6156
M_814_3,M_814_3.mp4_sec_0014.jpg,2,46.2621,36.3819,38.0411
M_814_3,M_814_3.mp4_sec_0014.jpg,3,41.4426,29.987,33.6349
M_814_3,M_814_3.mp4_sec_0014.jpg,4,40.4913,29.5337,31.6959
M_814_3,M_814_3.mp4_sec_0014.jpg,5,42.1838,32.2255,33.2841
M_814_3,M_814_3.mp4_sec_0015.jpg,1,39.9365,29.6867,31.0591
M_814_3,M_814_3.mp4_sec_0015.jpg,2,44.0674,34.2196,35.1269
M_814_3,M_814_3.mp4_sec_0015.jpg,3,41.5621,30.6501,32.3269
M_814_3,M_814_3.mp4_sec_0015.jpg,4,43.398,33.138,38.0701
M_814_3,M_814_3.mp4_sec_0015.jpg,5,40.6904,30.1625,32.1115
M_814_3,M_814_3.mp4_sec_0016.jpg,1,45.153,34.7107,40.6581
M_814_3,M_814_3.mp4_sec_0016.jpg,2,41.1521,31.192,32.297
M_814_3,M_814_3.mp4_sec_0016.jpg,3,42.4617,30.5699,34.6338
M_814_3,M_814_3.mp4_sec_0016.jpg,4,42.2813,31.9635,33.5204
M_814_3,M_814_3.mp4_sec_0016.jpg,5,43.5894,31.0743,37.4206
M_814_3,M_814_3.mp4_sec_0017.jpg,1,42.7979,32.0838,35.0743
M_814_3,M_814_3.mp4_sec_0017.jpg,2,51.9735,41.983,45.605
M_814_3,M_814_3.mp4_sec_0017.jpg,3,47.8028,38.0513,39.7001
M_814_3,M_814_3.mp4_sec_0017.jpg,4,42.4783,32.3202,33.5371
M_814_3,M_814_3.mp4_sec_0017.jpg,5,43.1634,31.1462,36.5016
M_814_3,M_814_3.mp4_sec_0018.jpg,1,42.4445,32.785,33.3253
M_814_3,M_814_3.mp4_sec_0018.jpg,2,43.2632,32.944,35.4491
M_814_3,M_814_3.mp4_sec_0018.jpg,3,40.3731,28.9699,31.2373
M_814_3,M_814_3.mp4_sec_0018.jpg,4,42.1979,32.1187,33.2855
M_814_3,M_814_3.mp4_sec_0018.jpg,5,40.3908,28.9403,31.3299
M_814_3,M_814_3.mp4_sec_0019.jpg,1,54.8153,45.958,49.4493
M_814_3,M_814_3.mp4_sec_0019.jpg,2,42.9931,32.8868,33.7844
M_814_3,M_814_3.mp4_sec_0019.jpg,3,41.2185,30.8516,32.1311
M_814_3,M_814_3.mp4_sec_0019.jpg,4,42.3322,32.2335,33.3881
M_814_3,M_814_3.mp4_sec_0019.jpg,5,45.8877,36.0305,37.8315
M_814_3,M_814_3.mp4_sec_0020.jpg,1,42.651,31.2786,34.9794
M_814_3,M_814_3.mp4_sec_0020.jpg,2,41.3708,30.2917,33.025
M_814_3,M_814_3.mp4_sec_0020.jpg,3,45.8863,36.343,38.1174
M_814_3,M_814_3.mp4_sec_0020.jpg,4,39.4,27.5358,30.588
M_814_3,M_814_3.mp4_sec_0020.jpg,5,46.33,35.1356,42.7497
M_814_3,M_814_3.mp4_sec_0021.jpg,1,43.0809,31.1643,35.4036
M_814_3,M_814_3.mp4_sec_0021.jpg,2,53.9856,44.6807,48.7483
M_814_3,M_814_3.mp4_sec_0021.jpg,3,42.3854,32.3153,33.67
M_814_3,M_814_3.mp4_sec_0021.jpg,4,42.5701,30.9704,34.8824
M_814_3,M_814_3.mp4_sec_0021.jpg,5,42.3373,31.8744,33.766
M_814_3,M_814_3.mp4_sec_0022.jpg,1,42.9962,33.1598,34.187
M_814_3,M_814_3.mp4_sec_0022.jpg,2,42.5817,31.1012,34.5583
M_814_3,M_814_3.mp4_sec_0022.jpg,3,42.7065,30.763,35.4022
M_814_3,M_814_3.mp4_sec_0022.jpg,4,41.5718,30.1654,33.5272
M_814_3,M_814_3.mp4_sec_0022.jpg,5,43.0981,33.0372,34.0184
M_814_3,M_814_3.mp4_sec_0023.jpg,1,42.8253,32.5252,33.9524
M_814_3,M_814_3.mp4_sec_0023.jpg,2,40.6008,28.8713,32.0
M_814_3,M_814_3.mp4_sec_0023.jpg,3,40.6712,29.1544,33.5215
M_814_3,M_814_3.mp4_sec_0023.jpg,4,42.3098,32.1988,33.0455
M_814_3,M_814_3.mp4_sec_0023.jpg,5,46.6515,34.3392,43.0172
M_814_3,M_814_3.mp4_sec_0024.jpg,1,42.8525,32.1471,34.782
M_814_3,M_814_3.mp4_sec_0024.jpg,2,44.6692,33.0557,39.1962
M_814_3,M_814_3.mp4_sec_0024.jpg,3,46.5363,35.6042,42.8607
M_814_3,M_814_3.mp4_sec_0024.jpg,4,40.615,29.648,33.2663
M_814_3,M_814_3.mp4_sec_0024.jpg,5,52.4965,42.4765,47.213
M_814_3,M_814_3.mp4_sec_0025.jpg,1,41.3018,30.8589,32.4996
M_814_3,M_814_3.mp4_sec_0025.jpg,2,40.4064,29.0539,32.3457
M_814_3,M_814_3.mp4_sec_0025.jpg,3,40.8072,29.8777,31.7844
M_814_3,M_814_3.mp4_sec_0025.jpg,4,48.1791,38.8998,39.9584
M_814_3,M_814_3.mp4_sec_0025.jpg,5,40.9754,29.9379,32.2882
M_814_3,M_814_3.mp4_sec_0026.jpg,1,41.5851,30.9721,32.6132
M_814_3,M_814_3.mp4_sec_0026.jpg,2,42.0517,30.6276,33.8414
M_814_3,M_814_3.mp4_sec_0026.jpg,3,41.6977,31.5369,32.7369
M_814_3,M_814_3.mp4_sec_0026.jpg,4,42.2105,31.6665,33.1221
M_814_3,M_814_3.mp4_sec_0026.jpg,5,41.9228,31.9602,32.5413
M_814_3,M_814_3.mp4_sec_0027.jpg,1,44.5515,32.3622,39.1327
M_814_3,M_814_3.mp4_sec_0027.jpg,2,52.5296,43.5038,46.7777
M_814_3,M_814_3.mp4_sec_0027.jpg,3,41.6316,30.6135,33.7256
M_814_3,M_814_3.mp4_sec_0027.jpg,4,49.2764,39.1824,41.8134
M_814_3,M_814_3.mp4_sec_0027.jpg,5,41.2287,31.059,31.9671
M_814_3,M_814_3.mp4_sec_0028.jpg,1,42.1318,32.1273,33.1236
M_814_3,M_814_3.mp4_sec_0028.jpg,2,41.7731,30.7976,33.4143
M_814_3,M_814_3.mp4_sec_0028.jpg,3,40.8547,29.8476,33.9626
M_814_3,M_814_3.mp4_sec_0028.jpg,4,45.932,35.2087,42.0997
M_814_3,M_814_3.mp4_sec_0028.jpg,5,40.9166,29.463,31.9027
M_814_3,M_814_3.mp4_sec_0029.jpg,1,42.5988,32.586,33.2211
M_814_3,M_814_3.mp4_sec_0029.jpg,2,42.5628,32.6365,33.557
M_814_3,M_814_3.mp4_sec_0029.jpg,3,43.0487,33.1221,33.8049
M_814_3,M_814_3.mp4_sec_0029.jpg,4,52.6767,43.9817,46.6532
M_814_3,M_814_3.mp4_sec_0029.jpg,5,41.8627,30.1997,34.4398
M_814_3,M_814_3.mp4_sec_0030.jpg,1,42.22,31.9096,33.056
M_814_3,M_814_3.mp4_sec_0030.jpg,2,42.0434,31.3635,34.2819
M_814_3,M_814_3.mp4_sec_0030.jpg,3,40.9639,29.2006,33.8118
M_814_3,M_814_3.mp4_sec_0030.jpg,4,41.3693,31.1442,32.3908
M_814_3,M_814_3.mp4_sec_0030.jpg,5,42.4341,31.812,34.676
M_835_1,M_835_1.mp4_sec_0000.jpg,1,67.9121,141.0881,215.9164
M_835_1,M_835_1.mp4_sec_0000.jpg,2,59.6029,137.1965,214.9978
M_835_1,M_835_1.mp4_sec_0000.jpg,3,56.9436,135.9649,215.0728
M_835_1,M_835_1.mp4_sec_0000.jpg,4,56.8109,136.3163,214.2152
M_835_1,M_835_1.mp4_sec_0000.jpg,5,59.8585,137.1285,214.2939
M_835_1,M_835_1.mp4_sec_0001.jpg,1,70.2119,141.2721,215.7462
M_835_1,M_835_1.mp4_sec_0001.jpg,2,55.6789,136.0678,215.2026
M_835_1,M_835_1.mp4_sec_0001.jpg,3,54.7519,136.2208,215.3827
M_835_1,M_835_1.mp4_sec_0001.jpg,4,54.9597,136.4754,215.6754
M_835_1,M_835_1.mp4_sec_0001.jpg,5,57.6874,136.0569,213.3753
M_835_1,M_835_1.mp4_sec_0002.jpg,1,68.1879,141.4595,215.6216
M_835_1,M_835_1.mp4_sec_0002.jpg,2,57.6083,136.314,213.7986
M_835_1,M_835_1.mp4_sec_0002.jpg,3,57.0197,136.454,214.209
M_835_1,M_835_1.mp4_sec_0002.jpg,4,66.8676,140.7235,215.4933
M_835_1,M_835_1.mp4_sec_0002.jpg,5,57.6751,136.983,214.7363
M_835_1,M_835_1.mp4_sec_0003.jpg,1,66.8813,141.0598,215.6165
M_835_1,M_835_1.mp4_sec_0003.jpg,2,58.1961,135.4461,214.2904
M_835_1,M_835_1.mp4_sec_0003.jpg,3,57.0761,136.0802,213.4848
M_835_1,M_835_1.mp4_sec_0003.jpg,4,56.4916,136.4588,215.243
M_835_1,M_835_1.mp4_sec_0003.jpg,5,59.8557,136.9307,214.1223
M_835_1,M_835_1.mp4_sec_0004.jpg,1,57.2604,136.1303,213.8726
M_835_1,M_835_1.mp4_sec_0004.jpg,2,58.5091,135.3702,213.6513
M_835_1,M_835_1.mp4_sec_0004.jpg,3,57.8541,136.6742,214.0378
M_835_1,M_835_1.mp4_sec_0004.jpg,4,63.2324,139.4224,215.1736
M_835_1,M_835_1.mp4_sec_0004.jpg,5,58.2929,136.6633,214.2042
M_835_1,M_835_1.mp4_sec_0005.jpg,1,58.0637,136.5133,214.1343
M_835_1,M_835_1.mp4_sec_0005.jpg,2,61.0919,137.6017,214.7521
M_835_1,M_835_1.mp4_sec_0005.jpg,3,55.7355,136.8607,215.7486
M_835_1,M_835_1.mp4_sec_0005.jpg,4,57.1284,135.8002,214.1697
M_835_1,M_835_1.mp4_sec_0005.jpg,5,58.5711,136.1888,213.742
M_835_1,M_835_1.mp4_sec_0006.jpg,1,56.8875,136.5478,214.6836
M_835_1,M_835_1.mp4_sec_0006.jpg,2,60.1825,137.796,214.0135
M_835_1,M_835_1.mp4_sec_0006.jpg,3,58.3055,135.977,213.6173
M_835_1,M_835_1.mp4_sec_0006.jpg,4,58.0171,135.058,213.1258
M_835_1,M_835_1.mp4_sec_0006.jpg,5,59.1301,136.8642,214.1081
M_835_1,M_835_1.mp4_sec_0007.jpg,1,57.0041,136.4909,214.5149
M_835_1,M_835_1.mp4_sec_0007.jpg,2,56.6428,136.5975,214.8268
M_835_1,M_835_1.mp4_sec_0007.jpg,3,59.6298,136.8846,215.4313
M_835_1,M_835_1.mp4_sec_0007.jpg,4,58.3305,135.9027,213.9162
M_835_1,M_835_1.mp4_sec_0007.jpg,5,57.6587,136.4366,214.1122
M_835_1,M_835_1.mp4_sec_0008.jpg,1,55.3945,136.3519,215.2593
M_835_1,M_835_1.mp4_sec_0008.jpg,2,57.8005,135.2631,213.4145
M_835_1,M_835_1.mp4_sec_0008.jpg,3,56.5022,136.3991,214.7479
M_835_1,M_835_1.mp4_sec_0008.jpg,4,55.1429,136.5851,215.8192
M_835_1,M_835_1.mp4_sec_0008.jpg,5,58.314,135.5915,214.2818
M_835_1,M_835_1.mp4_sec_0009.jpg,1,58.1495,136.4612,214.3138
M_835_1,M_835_1.mp4_sec_0009.jpg,2,57.8759,136.1366,213.6058
M_835_1,M_835_1.mp4_sec_0009.jpg,3,57.5241,136.2927,214.3155
M_835_1,M_835_1.mp4_sec_0009.jpg,4,64.5994,139.9077,215.3384
M_835_1,M_835_1.mp4_sec_0009.jpg,5,59.5475,137.5834,215.1424
M_835_1,M_835_1.mp4_sec_0010.jpg,1,61.1147,137.8836,214.8746
M_835_1,M_835_1.mp4_sec_0010.jpg,2,57.1154,135.9166,215.2246
M_835_1,M_835_1.mp4_sec_0010.jpg,3,56.9765,136.2936,214.1792
M_835_1,M_835_1.mp4_sec_0010.jpg,4,71.3564,142.3469,216.0879
M_835_1,M_835_1.mp4_sec_0010.jpg,5,59.4614,137.7014,214.9756
M_835_1,M_835_1.mp4_sec_0011.jpg,1,58.8156,136.323,213.8953
M_835_1,M_835_1.mp4_sec_0011.jpg,2,57.3829,136.7656,214.5441
M_835_1,M_835_1.mp4_sec_0011.jpg,3,57.608,136.8109,214.1327
M_835_1,M_835_1.mp4_sec_0011.jpg,4,57.2529,135.7574,213.292
M_835_1,M_835_1.mp4_sec_0011.jpg,5,55.2478,136.3152,215.3476
M_835_1,M_835_1.mp4_sec_0012.jpg,1,55.3263,136.6557,215.8069
M_835_1,M_835_1.mp4_sec_0012.jpg,2,56.9471,136.6467,214.5192
M_835_1,M_835_1.mp4_sec_0012.jpg,3,57.4114,136.974,214.4282
M_835_1,M_835_1.mp4_sec_0012.jpg,4,58.0915,136.1974,213.9862
M_835_1,M_835_1.mp4_sec_0012.jpg,5,69.9358,142.0934,215.8369
M_835_1,M_835_1.mp4_sec_0013.jpg,1,58.8741,136.3981,214.112
M_835_1,M_835_1.mp4_sec_0013.jpg,2,57.9747,134.9796,213.1622
M_835_1,M_835_1.mp4_sec_0013.jpg,3,56.0151,136.423,215.354
M_835_1,M_835_1.mp4_sec_0013.jpg,4,58.1854,136.0267,214.5814
M_835_1,M_835_1.mp4_sec_0013.jpg,5,57.75,135.5744,214.4978
M_835_1,M_835_1.mp4_sec_0014.jpg,1,58.4861,135.6014,214.7515
M_835_1,M_835_1.mp4_sec_0014.jpg,2,57.7156,135.5092,214.4769
M_835_1,M_835_1.mp4_sec_0014.jpg,3,70.3283,141.2428,215.519
M_835_1,M_835_1.mp4_sec_0014.jpg,4,68.2611,141.5718,215.5621
M_835_1,M_835_1.mp4_sec_0014.jpg,5,56.586,135.6556,215.1522
M_835_1,M_835_1.mp4_sec_0015.jpg,1,57.8567,135.6824,214.5026
M_835_1,M_835_1.mp4_sec_0015.jpg,2,56.2678,136.0886,214.8208
M_835_1,M_835_1.mp4_sec_0015.jpg,3,58.0057,136.2061,214.173
M_835_1,M_835_1.mp4_sec_0015.jpg,4,59.0128,137.3522,214.4221
M_835_1,M_835_1.mp4_sec_0015.jpg,5,67.9721,141.218,215.7176
M_835_1,M_835_1.mp4_sec_0016.jpg,1,56.0546,136.8483,215.1789
M_835_1,M_835_1.mp4_sec_0016.jpg,2,58.0651,135.4831,214.3027
M_835_1,M_835_1.mp4_sec_0016.jpg,3,57.5185,135.8553,213.4133
M_835_1,M_835_1.mp4_sec_0016.jpg,4,58.1867,136.4039,214.016
M_835_1,M_835_1.mp4_sec_0016.jpg,5,58.5895,135.4451,213.6393
M_835_1,M_835_1.mp4_sec_0017.jpg,1,57.0189,136.6258,214.1456
M_835_1,M_835_1.mp4_sec_0017.jpg,2,55.4677,136.096,214.8801
M_835_1,M_835_1.mp4_sec_0017.jpg,3,55.8679,136.083,214.5913
M_835_1,M_835_1.mp4_sec_0017.jpg,4,57.7822,135.5356,213.6755
M_835_1,M_835_1.mp4_sec_0017.jpg,5,57.2331,135.869,213.6642
M_835_1,M_835_1.mp4_sec_0018.jpg,1,57.5501,135.7698,213.5508
M_835_1,M_835_1.mp4_sec_0018.jpg,2,57.3269,135.6443,213.4663
M_835_1,M_835_1.mp4_sec_0018.jpg,3,57.5891,135.2731,214.6975
M_835_1,M_835_1.mp4_sec_0018.jpg,4,71.0797,142.0236,215.8692
M_835_1,M_835_1.mp4_sec_0018.jpg,5,66.6005,140.4405,215.4788
M_835_1,M_835_1.mp4_sec_0019.jpg,1,57.158,135.972,214.0925
M_835_1,M_835_1.mp4_sec_0019.jpg,2,56.788,136.3423,214.3136
M_835_1,M_835_1.mp4_sec_0019.jpg,3,58.1778,135.482,213.765
M_835_1,M_835_1.mp4_sec_0019.jpg,4,56.8699,135.7863,214.2693
M_835_1,M_835_1.mp4_sec_0019.jpg,5,56.942,135.7209,214.143
M_835_1,M_835_1.mp4_sec_0020.jpg,1,57.6334,136.0202,214.5971
M_835_1,M_835_1.mp4_sec_0020.jpg,2,56.2007,136.0798,215.1798
M_835_1,M_835_1.mp4_sec_0020.jpg,3,55.1349,136.3901,215.4803
M_835_1,M_835_1.mp4_sec_0020.jpg,4,57.3315,135.1865,213.3369
M_835_1,M_835_1.mp4_sec_0020.jpg,5,57.5882,136.3377,213.8353
M_835_1,M_835_1.mp4_sec_0021.jpg,1,58.5922,135.9048,213.8991
M_835_1,M_835_1.mp4_sec_0021.jpg,2,55.9388,136.857,215.7907
M_835_1,M_835_1.mp4_sec_0021.jpg,3,55.5407,136.1903,215.2739
M_835_1,M_835_1.mp4_sec_0021.jpg,4,57.4702,135.4614,214.282
M_835_1,M_835_1.mp4_sec_0021.jpg,5,59.6813,136.4925,214.1195
M_835_1,M_835_1.mp4_sec_0022.jpg,1,56.3897,136.847,215.1753
M_835_1,M_835_1.mp4_sec_0022.jpg,2,54.9692,136.0781,215.2974
M_835_1,M_835_1.mp4_sec_0022.jpg,3,58.6881,136.1874,214.1761
M_835_1,M_835_1.mp4_sec_0022.jpg,4,57.5988,135.0947,213.5017
M_835_1,M_835_1.mp4_sec_0022.jpg,5,57.5299,135.4723,213.6166
M_835_1,M_835_1.mp4_sec_0023.jpg,1,71.4054,142.0963,216.064
M_835_1,M_835_1.mp4_sec_0023.jpg,2,57.3716,135.499,213.5323
M_835_1,M_835_1.mp4_sec_0023.jpg,3,56.935,135.4911,213.6703
M_835_1,M_835_1.mp4_sec_0023.jpg,4,57.4651,135.5287,213.9251
M_835_1,M_835_1.mp4_sec_0023.jpg,5,57.7136,135.9783,213.7332
M_835_1,M_835_1.mp4_sec_0024.jpg,1,55.6654,136.0982,214.8049
M_835_1,M_835_1.mp4_sec_0024.jpg,2,55.2336,136.0838,215.2209
M_835_1,M_835_1.mp4_sec_0024.jpg,3,57.68,136.0299,213.6336
M_835_1,M_835_1.mp4_sec_0024.jpg,4,57.7513,134.9314,213.4445
M_835_1,M_835_1.mp4_sec_0024.jpg,5,56.2503,136.383,214.3507
M_835_1,M_835_1.mp4_sec_0025.jpg,1,57.6201,135.2377,213.2341
M_835_1,M_835_1.mp4_sec_0025.jpg,2,56.1215,136.1979,214.4872
M_835_1,M_835_1.mp4_sec_0025.jpg,3,58.9503,135.7192,213.759
M_835_1,M_835_1.mp4_sec_0025.jpg,4,57.8529,135.1488,213.2528
M_835_1,M_835_1.mp4_sec_0025.jpg,5,59.1131,135.7517,213.5779
M_835_1,M_835_1.mp4_sec_0026.jpg,1,57.0663,136.7291,214.3867
M_835_1,M_835_1.mp4_sec_0026.jpg,2,56.5028,135.99,214.0787
M_835_1,M_835_1.mp4_sec_0026.jpg,3,57.2519,135.5734,213.3076
M_835_1,M_835_1.mp4_sec_0026.jpg,4,57.0614,136.0657,213.9318
M_835_1,M_835_1.mp4_sec_0026.jpg,5,56.5773,136.2877,214.2408
M_835_1,M_835_1.mp4_sec_0027.jpg,1,57.8579,135.585,214.5014
M_835_1,M_835_1.mp4_sec_0027.jpg,2,58.5103,135.3514,213.5265
M_835_1,M_835_1.mp4_sec_0027.jpg,3,58.2851,135.9562,213.6188
M_835_1,M_835_1.mp4_sec_0027.jpg,4,56.8868,136.1016,213.8755
M_835_1,M_835_1.mp4_sec_0027.jpg,5,56.2835,136.6207,214.8743
M_835_1,M_835_1.mp4_sec_0028.jpg,1,57.4159,135.5407,213.6787
M_835_1,M_835_1.mp4_sec_0028.jpg,2,58.3472,135.9144,213.6555
M_835_1,M_835_1.mp4_sec_0028.jpg,3,58.3173,136.0351,213.5645
M_835_1,M_835_1.mp4_sec_0028.jpg,4,57.8709,135.2997,213.3067
M_835_1,M_835_1.mp4_sec_0028.jpg,5,57.9785,135.018,213.022
M_835_1,M_835_1.mp4_sec_0029.jpg,1,57.4863,135.4413,213.355
M_835_1,M_835_1.mp4_sec_0029.jpg,2,59.0116,137.2881,215.1699
M_835_1,M_835_1.mp4_sec_0029.jpg,3,57.4076,135.9972,213.3979
M_835_1,M_835_1.mp4_sec_0029.jpg,4,54.5128,136.5343,216.2021
M_835_1,M_835_1.mp4_sec_0029.jpg,5,57.1779,136.5993,214.3457
M_835_1,M_835_1.mp4_sec_0030.jpg,1,56.7874,136.9832,214.9725
M_835_1,M_835_1.mp4_sec_0030.jpg,2,57.1253,135.7751,215.0337
M_835_1,M_835_1.mp4_sec_0030.jpg,3,58.0913,136.0806,214.1279
M_835_1,M_835_1.mp4_sec_0030.jpg,4,56.5429,136.7446,214.8545
M_835_1,M_835_1.mp4_sec_0030.jpg,5,57.518,135.2182,213.3166
M_835_2,M_835_2.mp4_sec_0000.jpg,1,58.6693,137.3615,214.3853
M_835_2,M_835_2.mp4_sec_0000.jpg,2,57.119,135.7587,214.6862
M_835_2,M_835_2.mp4_sec_0000.jpg,3,58.8885,136.4634,214.0917
M_835_2,M_835_2.mp4_sec_0000.jpg,4,60.1616,138.0773,214.6088
M_835_2,M_835_2.mp4_sec_0000.jpg,5,60.6635,138.3093,214.3052
M_835_2,M_835_2.mp4_sec_0001.jpg,1,60.4887,138.5515,214.4615
M_835_2,M_835_2.mp4_sec_0001.jpg,2,56.9612,136.534,214.1719
M_835_2,M_835_2.mp4_sec_0001.jpg,3,57.7083,135.6409,214.1202
M_835_2,M_835_2.mp4_sec_0001.jpg,4,57.6301,135.8883,213.3411
M_835_2,M_835_2.mp4_sec_0001.jpg,5,55.5691,136.061,214.7421
M_835_2,M_835_2.mp4_sec_0002.jpg,1,55.7223,136.1585,215.0187
M_835_2,M_835_2.mp4_sec_0002.jpg,2,56.3171,136.2948,214.5201
M_835_2,M_835_2.mp4_sec_0002.jpg,3,59.3279,136.2457,213.7631
M_835_2,M_835_2.mp4_sec_0002.jpg,4,61.9516,138.8239,214.8152
M_835_2,M_835_2.mp4_sec_0002.jpg,5,58.0761,135.222,213.1715
M_835_2,M_835_2.mp4_sec_0003.jpg,1,58.1458,137.1227,215.4434
M_835_2,M_835_2.mp4_sec_0003.jpg,2,57.3301,136.6939,214.1237
M_835_2,M_835_2.mp4_sec_0003.jpg,3,57.4215,136.5863,213.9927
M_835_2,M_835_2.mp4_sec_0003.jpg,4,54.6151,136.4649,216.1042
M_835_2,M_835_2.mp4_sec_0003.jpg,5,57.0507,135.5983,213.6043
M_835_2,M_835_2.mp4_sec_0004.jpg,1,61.7393,138.3304,214.813
M_835_2,M_835_2.mp4_sec_0004.jpg,2,60.0953,137.2159,213.9908
M_835_2,M_835_2.mp4_sec_0004.jpg,3,62.0284,138.4313,214.7898
M_835_2,M_835_2.mp4_sec_0004.jpg,4,58.2031,136.2232,213.531
M_835_2,M_835_2.mp4_sec_0004.jpg,5,57.5531,136.9483,214.3377
M_835_2,M_835_2.mp4_sec_0005.jpg,1,57.0576,135.9735,214.2287
M_835_2,M_835_2.mp4_sec_0005.jpg,2,57.981,135.827,213.9285
M_835_2,M_835_2.mp4_sec_0005.jpg,3,57.9287,136.6538,214.2012
M_835_2,M_835_2.mp4_sec_0005.jpg,4,70.5142,141.6564,215.7919
M_835_2,M_835_2.mp4_sec_0005.jpg,5,56.6064,136.4476,214.3022
M_835_2,M_835_2.mp4_sec_0006.jpg,1,56.1544,136.1677,214.6731
M_835_2,M_835_2.mp4_sec_0006.jpg,2,58.6631,136.0764,213.744
M_835_2,M_835_2.mp4_sec_0006.jpg,3,56.7803,136.7565,214.7057
M_835_2,M_835_2.mp4_sec_0006.jpg,4,60.2462,136.961,214.1799
M_835_2,M_835_2.mp4_sec_0006.jpg,5,63.1305,138.5605,215.3124
M_835_2,M_835_2.mp4_sec_0007.jpg,1,57.6804,136.3045,213.7933
M_835_2,M_835_2.mp4_sec_0007.jpg,2,57.3064,136.7016,214.2074
M_835_2,M_835_2.mp4_sec_0007.jpg,3,57.6845,135.4106,213.1365
M_835_2,M_835_2.mp4_sec_0007.jpg,4,57.462,136.2346,214.0537
M_835_2,M_835_2.mp4_sec_0007.jpg,5,57.0703,136.5015,214.0492
M_835_2,M_835_2.mp4_sec_0008.jpg,1,69.9955,141.4502,216.0304
M_835_2,M_835_2.mp4_sec_0008.jpg,2,56.4007,136.6176,215.3737
M_835_2,M_835_2.mp4_sec_0008.jpg,3,58.4109,135.3858,214.5536
M_835_2,M_835_2.mp4_sec_0008.jpg,4,57.5393,136.2753,214.2163
M_835_2,M_835_2.mp4_sec_0008.jpg,5,55.5346,136.3064,215.3476
M_835_2,M_835_2.mp4_sec_0009.jpg,1,56.4785,135.9336,213.773
M_835_2,M_835_2.mp4_sec_0009.jpg,2,55.2561,136.1343,214.9952
M_835_2,M_835_2.mp4_sec_0009.jpg,3,57.3964,136.4827,214.0341
M_835_2,M_835_2.mp4_sec_0009.jpg,4,70.1164,141.8261,215.4178
M_835_2,M_835_2.mp4_sec_0009.jpg,5,63.7746,139.1434,214.736
M_835_2,M_835_2.mp4_sec_0010.jpg,1,66.4369,139.8279,215.1597
M_835_2,M_835_2.mp4_sec_0010.jpg,2,57.9469,136.0438,213.5247
M_835_2,M_835_2.mp4_sec_0010.jpg,3,57.9234,135.0417,214.5384
M_835_2,M_835_2.mp4_sec_0010.jpg,4,71.2896,142.0016,216.0196
M_835_2,M_835_2.mp4_sec_0010.jpg,5,56.5424,135.9074,213.313
M_835_2,M_835_2.mp4_sec_0011.jpg,1,57.9808,135.367,214.6782
M_835_2,M_835_2.mp4_sec_0011.jpg,2,57.3384,135.9772,215.1118
M_835_2,M_835_2.mp4_sec_0011.jpg,3,58.6552,136.2587,213.9682
M_835_2,M_835_2.mp4_sec_0011.jpg,4,56.651,136.5675,214.477
M_835_2,M_835_2.mp4_sec_0011.jpg,5,57.4922,135.5422,213.7735
M_835_2,M_835_2.mp4_sec_0012.jpg,1,56.7373,135.8806,213.6982
M_835_2,M_835_2.mp4_sec_0012.jpg,2,56.5971,136.8801,215.014
M_835_2,M_835_2.mp4_sec_0012.jpg,3,56.3644,136.2088,214.2982
M_835_2,M_835_2.mp4_sec_0012.jpg,4,57.6715,135.3182,214.9622
M_835_2,M_835_2.mp4_sec_0012.jpg,5,70.1548,142.164,215.7464
M_835_2,M_835_2.mp4_sec_0013.jpg,1,62.3125,138.2675,214.8329
M_835_2,M_835_2.mp4_sec_0013.jpg,2,56.5637,136.3367,214.3979
M_835_2,M_835_2.mp4_sec_0013.jpg,3,55.751,136.533,215.1206
M_835_2,M_835_2.mp4_sec_0013.jpg,4,57.4208,135.2329,213.2227
M_835_2,M_835_2.mp4_sec_0013.jpg,5,56.064,136.1618,214.3706
M_835_2,M_835_2.mp4_sec_0014.jpg,1,57.0662,135.7509,213.9369
M_835_2,M_835_2.mp4_sec_0014.jpg,2,56.8051,135.9887,214.2464
M_835_2,M_835_2.mp4_sec_0014.jpg,3,57.8918,135.0402,213.0417
M_835_2,M_835_2.mp4_sec_0014.jpg,4,55.1091,136.0602,214.961
M_835_2,M_835_2.mp4_sec_0014.jpg,5,56.6238,135.7666,214.1701
M_835_2,M_835_2.mp4_sec_0015.jpg,1,57.6479,135.2747,214.4108
M_835_2,M_835_2.mp4_sec_0015.jpg,2,55.7306,136.7121,215.4859
M_835_2,M_835_2.mp4_sec_0015.jpg,3,57.3818,136.2685,214.0489
M_835_2,M_835_2.mp4_sec_0015.jpg,4,58.8292,137.147,214.8615
M_835_2,M_835_2.mp4_sec_0015.jpg,5,59.3164,136.5939,214.0285
M_835_2,M_835_2.mp4_sec_0016.jpg,1,58.0983,135.9856,214.0111
M_835_2,M_835_2.mp4_sec_0016.jpg,2,57.1756,136.5168,215.0497
M_835_2,M_835_2.mp4_sec_0016.jpg,3,57.8958,135.6791,214.1792
M_835_2,M_835_2.mp4_sec_0016.jpg,4,57.1524,135.8123,213.427
M_835_2,M_835_2.mp4_sec_0016.jpg,5,56.8941,135.3728,215.3768
M_835_2,M_835_2.mp4_sec_0017.jpg,1,59.1609,136.7517,214.0238
M_835_2,M_835_2.mp4_sec_0017.jpg,2,59.7493,137.8042,215.5091
M_835_2,M_835_2.mp4_sec_0017.jpg,3,57.6722,135.1532,214.2625
M_835_2,M_835_2.mp4_sec_0017.jpg,4,57.8868,136.4885,213.9581
M_835_2,M_835_2.mp4_sec_0017.jpg,5,59.6727,136.6948,214.3136
M_835_2,M_835_2.mp4_sec_0018.jpg,1,56.8261,136.3336,214.4099
M_835_2,M_835_2.mp4_sec_0018.jpg,2,56.0187,136.0997,214.195
M_835_2,M_835_2.mp4_sec_0018.jpg,3,58.1673,135.2512,214.4855
M_835_2,M_835_2.mp4_sec_0018.jpg,4,57.7495,135.5642,214.7102
M_835_2,M_835_2.mp4_sec_0018.jpg,5,57.2298,135.9919,214.5315
M_835_2,M_835_2.mp4_sec_0019.jpg,1,56.4615,136.6955,214.9773
M_835_2,M_835_2.mp4_sec_0019.jpg,2,57.0658,136.1907,214.3181
M_835_2,M_835_2.mp4_sec_0019.jpg,3,57.4225,135.4376,213.5195
M_835_2,M_835_2.mp4_sec_0019.jpg,4,56.7741,136.6472,214.7204
M_835_2,M_835_2.mp4_sec_0019.jpg,5,59.1708,136.3921,214.0734
M_835_2,M_835_2.mp4_sec_0020.jpg,1,57.2861,135.6211,213.3849
M_835_2,M_835_2.mp4_sec_0020.jpg,2,57.6472,135.4239,213.1293
M_835_2,M_835_2.mp4_sec_0020.jpg,3,56.6176,136.435,214.9018
M_835_2,M_835_2.mp4_sec_0020.jpg,4,57.0906,136.6472,214.435
M_835_2,M_835_2.mp4_sec_0020.jpg,5,57.1465,135.7567,213.3562
M_835_2,M_835_2.mp4_sec_0021.jpg,1,63.9196,139.3758,215.0659
M_835_2,M_835_2.mp4_sec_0021.jpg,2,56.1265,136.3785,214.8228
M_835_2,M_835_2.mp4_sec_0021.jpg,3,56.0491,136.6022,214.8061
M_835_2,M_835_2.mp4_sec_0021.jpg,4,55.6455,136.636,215.3735
M_835_2,M_835_2.mp4_sec_0021.jpg,5,56.2059,136.0659,214.0048
M_835_2,M_835_2.mp4_sec_0022.jpg,1,57.9965,135.4056,213.2936
M_835_2,M_835_2.mp4_sec_0022.jpg,2,57.9783,135.39,214.445
M_835_2,M_835_2.mp4_sec_0022.jpg,3,57.492,135.6666,214.1007
M_835_2,M_835_2.mp4_sec_0022.jpg,4,56.9686,136.3077,214.2138
M_835_2,M_835_2.mp4_sec_0022.jpg,5,70.2468,142.0082,215.8997
M_835_2,M_835_2.mp4_sec_0023.jpg,1,57.2947,135.9656,214.3523
M_835_2,M_835_2.mp4_sec_0023.jpg,2,58.9564,136.2296,215.1402
M_835_2,M_835_2.mp4_sec_0023.jpg,3,58.1604,136.7832,214.7633
M_835_2,M_835_2.mp4_sec_0023.jpg,4,56.265,135.7319,214.1291
M_835_2,M_835_2.mp4_sec_0023.jpg,5,58.6222,136.1503,213.8841
M_835_2,M_835_2.mp4_sec_0024.jpg,1,55.1924,135.6611,214.6317
M_835_2,M_835_2.mp4_sec_0024.jpg,2,56.4734,135.6232,213.5599
M_835_2,M_835_2.mp4_sec_0024.jpg,3,57.3123,136.173,213.3616
M_835_2,M_835_2.mp4_sec_0024.jpg,4,57.1173,136.2711,214.0874
M_835_2,M_835_2.mp4_sec_0024.jpg,5,56.8047,136.2936,214.6498
M_835_2,M_835_2.mp4_sec_0025.jpg,1,56.7922,136.1734,213.5315
M_835_2,M_835_2.mp4_sec_0025.jpg,2,57.9244,135.6525,213.7811
M_835_2,M_835_2.mp4_sec_0025.jpg,3,55.6149,136.1005,214.7132
M_835_2,M_835_2.mp4_sec_0025.jpg,4,55.5021,136.0758,214.7408
M_835_2,M_835_2.mp4_sec_0025.jpg,5,57.0701,135.1925,213.1966
M_835_2,M_835_2.mp4_sec_0026.jpg,1,57.3141,134.5634,213.2273
M_835_2,M_835_2.mp4_sec_0026.jpg,2,57.2165,134.7066,213.0901
M_835_2,M_835_2.mp4_sec_0026.jpg,3,62.282,138.8895,214.8182
M_835_2,M_835_2.mp4_sec_0026.jpg,4,56.5872,136.3598,214.5864
M_835_2,M_835_2.mp4_sec_0026.jpg,5,56.0966,136.5074,214.8627
M_835_2,M_835_2.mp4_sec_0027.jpg,1,56.3278,136.3685,214.3264
M_835_2,M_835_2.mp4_sec_0027.jpg,2,58.1424,136.0652,213.9024
M_835_2,M_835_2.mp4_sec_0027.jpg,3,60.2107,137.5575,214.2042
M_835_2,M_835_2.mp4_sec_0027.jpg,4,60.527,137.8967,214.6782
M_835_2,M_835_2.mp4_sec_0027.jpg,5,54.4328,135.9109,215.429
M_835_2,M_835_2.mp4_sec_0028.jpg,1,57.1874,135.3293,213.2442
M_835_2,M_835_2.mp4_sec_0028.jpg,2,57.3333,136.3488,214.015
M_835_2,M_835_2.mp4_sec_0028.jpg,3,57.3271,135.5231,214.4533
M_835_2,M_835_2.mp4_sec_0028.jpg,4,57.0453,136.1717,214.3991
M_835_2,M_835_2.mp4_sec_0028.jpg,5,54.9711,136.2348,215.4205
M_835_2,M_835_2.mp4_sec_0029.jpg,1,56.4709,136.3396,214.6818
M_835_2,M_835_2.mp4_sec_0029.jpg,2,55.7844,136.001,215.052
M_835_2,M_835_2.mp4_sec_0029.jpg,3,57.6122,136.3198,213.4603
M_835_2,M_835_2.mp4_sec_0029.jpg,4,60.4359,137.7011,214.4313
M_835_2,M_835_2.mp4_sec_0029.jpg,5,56.8471,136.2929,214.4111
M_835_2,M_835_2.mp4_sec_0030.jpg,1,58.0355,136.1694,214.0012
M_835_2,M_835_2.mp4_sec_0030.jpg,2,57.9289,135.6321,214.055
M_835_2,M_835_2.mp4_sec_0030.jpg,3,56.386,135.9071,213.754
M_835_2,M_835_2.mp4_sec_0030.jpg,4,55.2125,136.3863,215.8004
M_835_2,M_835_2.mp4_sec_0030.jpg,5,55.9486,136.2564,214.7017
M_835_2,M_835_2.mp4_sec_0031.jpg,1,56.2112,136.3952,215.1583
M_835_2,M_835_2.mp4_sec_0031.jpg,2,57.4742,135.7221,213.4205
M_835_2,M_835_2.mp4_sec_0031.jpg,3,56.1624,135.5446,214.9872
M_835_2,M_835_2.mp4_sec_0031.jpg,4,60.7078,138.0978,214.4441
M_835_2,M_835_2.mp4_sec_0031.jpg,5,55.2553,136.4947,215.867
M_835_3,M_835_3.mp4_sec_0000.jpg,1,56.4362,136.3851,214.2873
M_835_3,M_835_3.mp4_sec_0000.jpg,2,58.0857,136.2987,213.6042
M_835_3,M_835_3.mp4_sec_0000.jpg,3,61.6809,138.0328,215.0778
M_835_3,M_835_3.mp4_sec_0000.jpg,4,59.2457,136.0179,213.344
M_835_3,M_835_3.mp4_sec_0000.jpg,5,69.4061,141.4764,215.8054
M_835_3,M_835_3.mp4_sec_0001.jpg,1,61.4059,138.1892,214.6998
M_835_3,M_835_3.mp4_sec_0001.jpg,2,56.7612,135.5144,213.7796
M_835_3,M_835_3.mp4_sec_0001.jpg,3,57.1744,136.2798,213.6368
M_835_3,M_835_3.mp4_sec_0001.jpg,4,58.2749,135.323,213.4113
M_835_3,M_835_3.mp4_sec_0001.jpg,5,57.508,135.995,213.4014
M_835_3,M_835_3.mp4_sec_0002.jpg,1,58.2681,135.8333,213.8292
M_835_3,M_835_3.mp4_sec_0002.jpg,2,56.3521,136.3889,214.5797
M_835_3,M_835_3.mp4_sec_0002.jpg,3,57.9649,136.104,213.8382
M_835_3,M_835_3.mp4_sec_0002.jpg,4,57.5879,135.1276,214.244
M_835_3,M_835_3.mp4_sec_0002.jpg,5,66.2449,139.993,215.3724
M_835_3,M_835_3.mp4_sec_0003.jpg,1,58.4353,137.0232,213.9974
M_835_3,M_835_3.mp4_sec_0003.jpg,2,63.4846,139.4118,215.4324
M_835_3,M_835_3.mp4_sec_0003.jpg,3,55.9062,136.3758,214.4388
M_835_3,M_835_3.mp4_sec_0003.jpg,4,56.8784,135.9144,213.4144
M_835_3,M_835_3.mp4_sec_0003.jpg,5,54.0957,135.9458,215.396
M_835_3,M_835_3.mp4_sec_0004.jpg,1,56.7535,136.0379,213.8386
M_835_3,M_835_3.mp4_sec_0004.jpg,2,57.3182,136.0953,215.0465
M_835_3,M_835_3.mp4_sec_0004.jpg,3,57.8244,135.8667,213.4446
M_835_3,M_835_3.mp4_sec_0004.jpg,4,58.0725,136.8824,215.3535
M_835_3,M_835_3.mp4_sec_0004.jpg,5,54.9726,135.7515,214.7001
M_835_3,M_835_3.mp4_sec_0005.jpg,1,56.1499,136.6841,215.1881
M_835_3,M_835_3.mp4_sec_0005.jpg,2,57.7989,134.8763,213.1807
M_835_3,M_835_3.mp4_sec_0005.jpg,3,57.8169,135.6526,213.8197
M_835_3,M_835_3.mp4_sec_0005.jpg,4,56.7801,135.3264,213.6496
M_835_3,M_835_3.mp4_sec_0005.jpg,5,56.7175,136.2402,214.4236
M_835_3,M_835_3.mp4_sec_0006.jpg,1,59.6731,136.4971,214.3199
M_835_3,M_835_3.mp4_sec_0006.jpg,2,55.9776,136.5934,215.1955
M_835_3,M_835_3.mp4_sec_0006.jpg,3,55.5949,136.3953,215.1794
M_835_3,M_835_3.mp4_sec_0006.jpg,4,56.9897,135.2242,214.4879
M_835_3,M_835_3.mp4_sec_0006.jpg,5,58.1968,135.4321,214.5992
M_835_3,M_835_3.mp4_sec_0007.jpg,1,57.1997,136.184,214.4962
M_835_3,M_835_3.mp4_sec_0007.jpg,2,57.2844,135.0354,214.5816
M_835_3,M_835_3.mp4_sec_0007.jpg,3,55.3582,136.2143,215.157
M_835_3,M_835_3.mp4_sec_0007.jpg,4,56.7042,135.7392,213.8991
M_835_3,M_835_3.mp4_sec_0007.jpg,5,57.1079,135.9612,213.9154
M_835_3,M_835_3.mp4_sec_0008.jpg,1,55.7652,136.2118,214.649
M_835_3,M_835_3.mp4_sec_0008.jpg,2,56.0683,136.4439,214.8434
M_835_3,M_835_3.mp4_sec_0008.jpg,3,57.4234,136.2878,214.0109
M_835_3,M_835_3.mp4_sec_0008.jpg,4,60.1145,137.2039,214.0435
M_835_3,M_835_3.mp4_sec_0008.jpg,5,65.3795,140.4964,215.5029
M_835_3,M_835_3.mp4_sec_0009.jpg,1,57.4976,135.9588,213.5826
M_835_3,M_835_3.mp4_sec_0009.jpg,2,70.6619,142.0185,215.7358
M_835_3,M_835_3.mp4_sec_0009.jpg,3,56.9166,135.4307,213.1684
M_835_3,M_835_3.mp4_sec_0009.jpg,4,57.8863,135.9443,213.5542
M_835_3,M_835_3.mp4_sec_0009.jpg,5,60.7459,138.0693,214.6385
M_835_3,M_835_3.mp4_sec_0010.jpg,1,57.5455,136.0421,214.0036
M_835_3,M_835_3.mp4_sec_0010.jpg,2,61.2098,137.5855,214.5279
M_835_3,M_835_3.mp4_sec_0010.jpg,3,58.1108,135.7599,213.4193
M_835_3,M_835_3.mp4_sec_0010.jpg,4,65.5663,139.5351,215.0407
M_835_3,M_835_3.mp4_sec_0010.jpg,5,57.9759,135.6869,215.1825
M_835_3,M_835_3.mp4_sec_0011.jpg,1,54.9373,136.1918,215.2303
M_835_3,M_835_3.mp4_sec_0011.jpg,2,59.9412,137.5953,214.5977
M_835_3,M_835_3.mp4_sec_0011.jpg,3,56.6487,135.9651,213.9434
M_835_3,M_835_3.mp4_sec_0011.jpg,4,55.064,136.0727,214.9995
M_835_3,M_835_3.mp4_sec_0011.jpg,5,57.0299,136.106,213.9653
M_835_3,M_835_3.mp4_sec_0012.jpg,1,57.7272,136.1735,214.1112
M_835_3,M_835_3.mp4_sec_0012.jpg,2,58.0099,135.4943,214.4059
M_835_3,M_835_3.mp4_sec_0012.jpg,3,56.8829,135.8251,213.5913
M_835_3,M_835_3.mp4_sec_0012.jpg,4,54.8521,136.3353,215.6363
M_835_3,M_835_3.mp4_sec_0012.jpg,5,56.4294,135.8066,214.3332
M_835_3,M_835_3.mp4_sec_0013.jpg,1,55.8874,136.2196,214.4228
M_835_3,M_835_3.mp4_sec_0013.jpg,2,54.89,135.8126,214.768
M_835_3,M_835_3.mp4_sec_0013.jpg,3,57.6889,135.2735,214.7247
M_835_3,M_835_3.mp4_sec_0013.jpg,4,59.6785,137.1606,214.5017
M_835_3,M_835_3.mp4_sec_0013.jpg,5,57.3543,136.2232,214.2505
M_835_3,M_835_3.mp4_sec_0014.jpg,1,57.6427,136.5366,214.3079
M_835_3,M_835_3.mp4_sec_0014.jpg,2,66.526,140.176,215.101
M_835_3,M_835_3.mp4_sec_0014.jpg,3,55.8507,136.2713,214.6069
M_835_3,M_835_3.mp4_sec_0014.jpg,4,70.7096,141.8049,215.6423
M_835_3,M_835_3.mp4_sec_0014.jpg,5,58.2405,136.0857,213.7463
M_835_3,M_835_3.mp4_sec_0015.jpg,1,60.578,137.9265,214.5014
M_835_3,M_835_3.mp4_sec_0015.jpg,2,60.0581,137.0287,213.959
M_835_3,M_835_3.mp4_sec_0015.jpg,3,58.8812,136.0708,213.8663
M_835_3,M_835_3.mp4_sec_0015.jpg,4,57.8786,135.5891,213.6953
M_835_3,M_835_3.mp4_sec_0015.jpg,5,55.7863,136.4114,215.0621
M_835_3,M_835_3.mp4_sec_0016.jpg,1,57.7676,136.7883,214.4426
M_835_3,M_835_3.mp4_sec_0016.jpg,2,56.5863,135.852,213.6487
M_835_3,M_835_3.mp4_sec_0016.jpg,3,57.1335,135.9915,213.4332
M_835_3,M_835_3.mp4_sec_0016.jpg,4,55.1263,135.8613,215.3914
M_835_3,M_835_3.mp4_sec_0016.jpg,5,55.9091,135.9524,214.2536
M_835_3,M_835_3.mp4_sec_0017.jpg,1,55.7317,135.8889,214.7912
M_835_3,M_835_3.mp4_sec_0017.jpg,2,68.2601,141.1994,216.0763
M_835_3,M_835_3.mp4_sec_0017.jpg,3,55.1749,136.3216,215.7336
M_835_3,M_835_3.mp4_sec_0017.jpg,4,58.5127,135.9174,213.9817
M_835_3,M_835_3.mp4_sec_0017.jpg,5,57.0874,136.0653,213.6698
M_835_3,M_835_3.mp4_sec_0018.jpg,1,60.1827,137.3618,214.6221
M_835_3,M_835_3.mp4_sec_0018.jpg,2,57.5341,135.6562,214.7097
M_835_3,M_835_3.mp4_sec_0018.jpg,3,56.5178,136.8022,214.9486
M_835_3,M_835_3.mp4_sec_0018.jpg,4,56.9604,135.3223,214.8211
M_835_3,M_835_3.mp4_sec_0018.jpg,5,58.6948,135.8822,214.141
M_835_3,M_835_3.mp4_sec_0019.jpg,1,58.0756,135.2064,213.2104
M_835_3,M_835_3.mp4_sec_0019.jpg,2,57.5377,135.7036,213.9647
M_835_3,M_835_3.mp4_sec_0019.jpg,3,56.9585,136.0811,213.7739
M_835_3,M_835_3.mp4_sec_0019.jpg,4,55.5379,135.8003,214.6822
M_835_3,M_835_3.mp4_sec_0019.jpg,5,56.627,136.5433,214.3536
M_835_3,M_835_3.mp4_sec_0020.jpg,1,55.6787,136.0753,214.4555
M_835_3,M_835_3.mp4_sec_0020.jpg,2,57.0528,134.9031,213.1573
M_835_3,M_835_3.mp4_sec_0020.jpg,3,56.9273,135.2351,213.6253
M_835_3,M_835_3.mp4_sec_0020.jpg,4,54.8081,136.3095,215.6199
M_835_3,M_835_3.mp4_sec_0020.jpg,5,59.4346,136.3998,213.8221
M_835_3,M_835_3.mp4_sec_0021.jpg,1,58.5318,135.6307,213.543
M_835_3,M_835_3.mp4_sec_0021.jpg,2,56.2968,135.5616,214.3622
M_835_3,M_835_3.mp4_sec_0021.jpg,3,57.4384,134.4662,212.79
M_835_3,M_835_3.mp4_sec_0021.jpg,4,56.3893,135.362,214.3391
M_835_3,M_835_3.mp4_sec_0021.jpg,5,57.1189,135.0503,214.0141
M_835_3,M_835_3.mp4_sec_0022.jpg,1,57.3479,135.9889,214.7433
M_835_3,M_835_3.mp4_sec_0022.jpg,2,54.8196,135.7666,214.9076
M_835_3,M_835_3.mp4_sec_0022.jpg,3,54.9016,135.9102,215.0497
M_835_3,M_835_3.mp4_sec_0022.jpg,4,54.8156,136.082,215.3505
M_835_3,M_835_3.mp4_sec_0022.jpg,5,55.9754,136.1216,214.4016
M_835_3,M_835_3.mp4_sec_0023.jpg,1,67.6616,140.4761,215.4792
M_835_3,M_835_3.mp4_sec_0023.jpg,2,56.4202,135.874,214.0429
M_835_3,M_835_3.mp4_sec_0023.jpg,3,70.7888,141.6457,215.7763
M_835_3,M_835_3.mp4_sec_0023.jpg,4,56.4869,134.9723,214.1398
M_835_3,M_835_3.mp4_sec_0023.jpg,5,56.0329,135.8118,213.6438
M_835_3,M_835_3.mp4_sec_0024.jpg,1,55.6005,135.8886,214.7628
M_835_3,M_835_3.mp4_sec_0024.jpg,2,55.4074,135.863,214.9567
M_835_3,M_835_3.mp4_sec_0024.jpg,3,58.1211,135.0903,213.1675
M_835_3,M_835_3.mp4_sec_0024.jpg,4,55.6304,136.2088,214.6784
M_835_3,M_835_3.mp4_sec_0024.jpg,5,61.3005,137.9106,215.5801
M_835_3,M_835_3.mp4_sec_0025.jpg,1,55.0272,135.8274,215.096
M_835_3,M_835_3.mp4_sec_0025.jpg,2,56.0358,136.603,214.9977
M_835_3,M_835_3.mp4_sec_0025.jpg,3,56.1572,135.2537,214.3162
M_835_3,M_835_3.mp4_sec_0025.jpg,4,55.0061,136.1315,215.2727
M_835_3,M_835_3.mp4_sec_0025.jpg,5,56.9134,135.9986,213.7701
M_835_3,M_835_3.mp4_sec_0026.jpg,1,57.8353,134.8497,213.0646
M_835_3,M_835_3.mp4_sec_0026.jpg,2,56.5226,135.6529,213.4722
M_835_3,M_835_3.mp4_sec_0026.jpg,3,55.2551,135.3538,214.8797
M_835_3,M_835_3.mp4_sec_0026.jpg,4,56.2341,136.0076,214.639
M_835_3,M_835_3.mp4_sec_0026.jpg,5,56.9838,135.3663,213.1682
M_835_3,M_835_3.mp4_sec_0027.jpg,1,58.39,136.5849,213.8109
M_835_3,M_835_3.mp4_sec_0027.jpg,2,55.1719,136.1031,215.1277
M_835_3,M_835_3.mp4_sec_0027.jpg,3,56.6831,135.872,213.8061
M_835_3,M_835_3.mp4_sec_0027.jpg,4,55.8534,136.0321,214.2832
M_835_3,M_835_3.mp4_sec_0027.jpg,5,55.6585,136.4142,215.0741
M_835_3,M_835_3.mp4_sec_0028.jpg,1,61.9562,138.6533,214.7933
M_835_3,M_835_3.mp4_sec_0028.jpg,2,56.0642,136.0119,214.4697
M_835_3,M_835_3.mp4_sec_0028.jpg,3,57.3123,135.5806,213.2905
M_835_3,M_835_3.mp4_sec_0028.jpg,4,54.3491,135.9346,215.2289
M_835_3,M_835_3.mp4_sec_0028.jpg,5,60.9611,137.7517,214.4798
M_835_3,M_835_3.mp4_sec_0029.jpg,1,57.4764,135.1128,214.184
M_835_3,M_835_3.mp4_sec_0029.jpg,2,59.9924,136.7704,214.0741
M_835_3,M_835_3.mp4_sec_0029.jpg,3,57.1355,135.648,213.5467
M_835_3,M_835_3.mp4_sec_0029.jpg,4,58.5906,135.4642,213.5793
M_835_3,M_835_3.mp4_sec_0029.jpg,5,57.1798,135.3384,213.2678
M_835_3,M_835_3.mp4_sec_0030.jpg,1,55.3835,136.4861,215.4051
M_835_3,M_835_3.mp4_sec_0030.jpg,2,56.8557,136.3909,214.263
M_835_3,M_835_3.mp4_sec_0030.jpg,3,58.1775,135.1243,213.5545
M_835_3,M_835_3.mp4_sec_0030.jpg,4,56.1919,135.3336,214.4947
M_835_3,M_835_3.mp4_sec_0030.jpg,5,56.8102,135.8246,213.8989
M_841_1,M_841_1.mp4_sec_0000.jpg,1,92.4218,197.6187,190.4582
M_841_1,M_841_1.mp4_sec_0000.jpg,2,91.8577,197.979,190.5592
M_841_1,M_841_1.mp4_sec_0000.jpg,3,93.1702,197.9057,190.8351
M_841_1,M_841_1.mp4_sec_0000.jpg,4,93.1187,197.5471,190.5428
M_841_1,M_841_1.mp4_sec_0000.jpg,5,91.5286,198.7127,190.9271
M_841_1,M_841_1.mp4_sec_0001.jpg,1,92.3383,198.1915,190.7736
M_841_1,M_841_1.mp4_sec_0001.jpg,2,93.8536,198.0123,190.9972
M_841_1,M_841_1.mp4_sec_0001.jpg,3,91.8298,198.1917,190.6477
M_841_1,M_841_1.mp4_sec_0001.jpg,4,93.6222,198.766,191.4456
M_841_1,M_841_1.mp4_sec_0001.jpg,5,93.0739,197.8397,190.9366
M_841_1,M_841_1.mp4_sec_0002.jpg,1,92.2257,197.3646,190.1983
M_841_1,M_841_1.mp4_sec_0002.jpg,2,91.8895,197.2615,190.0021
M_841_1,M_841_1.mp4_sec_0002.jpg,3,91.6109,197.4691,190.3296
M_841_1,M_841_1.mp4_sec_0002.jpg,4,92.0153,197.1285,190.0769
M_841_1,M_841_1.mp4_sec_0002.jpg,5,92.2918,197.4686,190.3033
M_841_1,M_841_1.mp4_sec_0003.jpg,1,85.3907,191.1386,184.2207
M_841_1,M_841_1.mp4_sec_0003.jpg,2,81.6907,190.8355,183.6935
M_841_1,M_841_1.mp4_sec_0003.jpg,3,82.3378,190.159,184.258
M_841_1,M_841_1.mp4_sec_0003.jpg,4,82.537,191.489,184.1773
M_841_1,M_841_1.mp4_sec_0003.jpg,5,84.4524,191.229,185.1546
M_841_1,M_841_1.mp4_sec_0004.jpg,1,83.2889,190.6864,184.2287
M_841_1,M_841_1.mp4_sec_0004.jpg,2,81.7253,190.8076,184.4849
M_841_1,M_841_1.mp4_sec_0004.jpg,3,81.6263,190.6846,184.5217
M_841_1,M_841_1.mp4_sec_0004.jpg,4,83.8399,190.1164,184.6843
M_841_1,M_841_1.mp4_sec_0004.jpg,5,82.4275,191.134,184.1555
M_841_1,M_841_1.mp4_sec_0005.jpg,1,83.8031,191.4483,184.4922
M_841_1,M_841_1.mp4_sec_0005.jpg,2,89.9458,193.0206,187.5224
M_841_1,M_841_1.mp4_sec_0005.jpg,3,84.2091,190.729,184.8644
M_841_1,M_841_1.mp4_sec_0005.jpg,4,83.7809,190.0195,184.0784
M_841_1,M_841_1.mp4_sec_0005.jpg,5,82.1333,191.2189,184.9295
M_841_1,M_841_1.mp4_sec_0006.jpg,1,83.7489,191.5057,183.9296
M_841_1,M_841_1.mp4_sec_0006.jpg,2,83.457,190.468,184.6315
M_841_1,M_841_1.mp4_sec_0006.jpg,3,84.6038,189.919,184.382
M_841_1,M_841_1.mp4_sec_0006.jpg,4,85.7909,190.8897,184.6055
M_841_1,M_841_1.mp4_sec_0006.jpg,5,84.2184,190.8079,185.3102
M_841_1,M_841_1.mp4_sec_0007.jpg,1,83.4046,190.6668,184.8083
M_841_1,M_841_1.mp4_sec_0007.jpg,2,85.5507,191.4345,184.5213
M_841_1,M_841_1.mp4_sec_0007.jpg,3,84.4203,190.8481,185.3779
M_841_1,M_841_1.mp4_sec_0007.jpg,4,83.2848,190.0022,184.2967
M_841_1,M_841_1.mp4_sec_0007.jpg,5,82.6219,191.222,183.5837
M_841_1,M_841_1.mp4_sec_0008.jpg,1,92.8822,197.2312,190.4986
M_841_1,M_841_1.mp4_sec_0008.jpg,2,95.0968,199.0117,192.8607
M_841_1,M_841_1.mp4_sec_0008.jpg,3,90.4604,198.1832,190.4531
M_841_1,M_841_1.mp4_sec_0008.jpg,4,89.3612,199.2061,190.3699
M_841_1,M_841_1.mp4_sec_0008.jpg,5,92.1583,197.0213,189.9925
M_841_1,M_841_1.mp4_sec_0009.jpg,1,94.7596,198.4163,191.5371
M_841_1,M_841_1.mp4_sec_0009.jpg,2,92.4293,197.7719,190.4751
M_841_1,M_841_1.mp4_sec_0009.jpg,3,92.4346,198.2839,190.9179
M_841_1,M_841_1.mp4_sec_0009.jpg,4,91.7861,198.5963,191.6647
M_841_1,M_841_1.mp4_sec_0009.jpg,5,90.9579,198.3934,190.9611
M_841_1,M_841_1.mp4_sec_0010.jpg,1,91.4435,198.4524,190.6436
M_841_1,M_841_1.mp4_sec_0010.jpg,2,91.7928,198.9419,191.0979
M_841_1,M_841_1.mp4_sec_0010.jpg,3,92.8149,197.3625,190.3563
M_841_1,M_841_1.mp4_sec_0010.jpg,4,92.1787,197.4469,190.2814
M_841_1,M_841_1.mp4_sec_0010.jpg,5,92.5977,197.7376,190.5679
M_841_1,M_841_1.mp4_sec_0011.jpg,1,91.6889,197.7342,190.635
M_841_1,M_841_1.mp4_sec_0011.jpg,2,91.2507,199.0627,190.9224
M_841_1,M_841_1.mp4_sec_0011.jpg,3,91.6619,198.6841,190.8866
M_841_1,M_841_1.mp4_sec_0011.jpg,4,91.4261,198.352,190.5588
M_841_1,M_841_1.mp4_sec_0011.jpg,5,91.5782,199.463,191.3971
M_841_1,M_841_1.mp4_sec_0012.jpg,1,92.0046,197.3017,190.1453
M_841_1,M_841_1.mp4_sec_0012.jpg,2,93.876,197.9353,190.9389
M_841_1,M_841_1.mp4_sec_0012.jpg,3,92.0855,198.5702,191.1764
M_841_1,M_841_1.mp4_sec_0012.jpg,4,91.3456,199.2088,191.3291
M_841_1,M_841_1.mp4_sec_0012.jpg,5,93.4009,197.9982,191.2644
M_841_1,M_841_1.mp4_sec_0013.jpg,1,92.2235,198.0176,190.7427
M_841_1,M_841_1.mp4_sec_0013.jpg,2,92.7591,197.9872,190.876
M_841_1,M_841_1.mp4_sec_0013.jpg,3,92.9591,198.9947,191.7571
M_841_1,M_841_1.mp4_sec_0013.jpg,4,98.486,199.8955,194.4913
M_841_1,M_841_1.mp4_sec_0013.jpg,5,93.3913,197.5467,190.5514
M_841_1,M_841_1.mp4_sec_0014.jpg,1,94.1235,198.0888,191.2889
M_841_1,M_841_1.mp4_sec_0014.jpg,2,92.0341,198.4684,191.0281
M_841_1,M_841_1.mp4_sec_0014.jpg,3,91.1345,198.2765,191.1294
M_841_1,M_841_1.mp4_sec_0014.jpg,4,93.0149,197.484,190.4588
M_841_1,M_841_1.mp4_sec_0014.jpg,5,92.1315,197.9996,190.6546
M_841_1,M_841_1.mp4_sec_0015.jpg,1,92.1971,197.5039,190.814
M_841_1,M_841_1.mp4_sec_0015.jpg,2,91.3653,197.9318,190.2855
M_841_1,M_841_1.mp4_sec_0015.jpg,3,89.9785,199.0499,190.5307
M_841_1,M_841_1.mp4_sec_0015.jpg,4,91.9636,197.6135,190.2507
M_841_1,M_841_1.mp4_sec_0015.jpg,5,98.8205,200.6819,194.9794
M_841_1,M_841_1.mp4_sec_0016.jpg,1,92.0345,197.2242,190.3696
M_841_1,M_841_1.mp4_sec_0016.jpg,2,91.7676,198.7337,190.9959
M_841_1,M_841_1.mp4_sec_0016.jpg,3,92.5645,197.1697,190.2891
M_841_1,M_841_1.mp4_sec_0016.jpg,4,98.2367,199.9895,194.102
M_841_1,M_841_1.mp4_sec_0016.jpg,5,91.3982,197.5231,190.4842
M_841_1,M_841_1.mp4_sec_0017.jpg,1,91.3857,198.3301,190.58
M_841_1,M_841_1.mp4_sec_0017.jpg,2,90.6944,199.2113,190.8486
M_841_1,M_841_1.mp4_sec_0017.jpg,3,97.2822,200.0769,193.9627
M_841_1,M_841_1.mp4_sec_0017.jpg,4,92.5016,199.2331,192.0984
M_841_1,M_841_1.mp4_sec_0017.jpg,5,92.49,198.0121,190.8605
M_841_1,M_841_1.mp4_sec_0018.jpg,1,98.1377,199.8898,194.3671
M_841_1,M_841_1.mp4_sec_0018.jpg,2,90.7667,198.8044,190.6583
M_841_1,M_841_1.mp4_sec_0018.jpg,3,92.156,197.6873,190.4186
M_841_1,M_841_1.mp4_sec_0018.jpg,4,91.7226,198.4296,190.74
M_841_1,M_841_1.mp4_sec_0018.jpg,5,92.9598,197.8236,190.7939
M_841_1,M_841_1.mp4_sec_0019.jpg,1,92.8298,197.7617,190.6729
M_841_1,M_841_1.mp4_sec_0019.jpg,2,93.2971,197.9467,191.162
M_841_1,M_841_1.mp4_sec_0019.jpg,3,92.1855,197.5624,190.3493
M_841_1,M_841_1.mp4_sec_0019.jpg,4,91.3616,199.0435,190.9758
M_841_1,M_841_1.mp4_sec_0019.jpg,5,92.4892,197.2763,190.1718
M_841_1,M_841_1.mp4_sec_0020.jpg,1,90.7655,198.6272,190.5163
M_841_1,M_841_1.mp4_sec_0020.jpg,2,91.7653,197.5245,190.4602
M_841_1,M_841_1.mp4_sec_0020.jpg,3,92.1846,197.9245,190.5172
M_841_1,M_841_1.mp4_sec_0020.jpg,4,90.7857,198.551,190.4572
M_841_1,M_841_1.mp4_sec_0020.jpg,5,92.8742,198.1608,190.9087
M_841_1,M_841_1.mp4_sec_0021.jpg,1,93.6517,198.0681,190.9678
M_841_1,M_841_1.mp4_sec_0021.jpg,2,91.7601,198.7404,190.9661
M_841_1,M_841_1.mp4_sec_0021.jpg,3,91.6981,198.6654,190.9211
M_841_1,M_841_1.mp4_sec_0021.jpg,4,91.6809,198.2939,190.6246
M_841_1,M_841_1.mp4_sec_0021.jpg,5,91.2184,198.489,190.5597
M_841_1,M_841_1.mp4_sec_0022.jpg,1,92.9062,197.6958,190.6908
M_841_1,M_841_1.mp4_sec_0022.jpg,2,91.2973,197.836,190.4417
M_841_1,M_841_1.mp4_sec_0022.jpg,3,92.7653,198.1242,191.0199
M_841_1,M_841_1.mp4_sec_0022.jpg,4,93.7688,197.8904,190.8914
M_841_1,M_841_1.mp4_sec_0022.jpg,5,92.7505,198.32,190.9257
M_841_1,M_841_1.mp4_sec_0023.jpg,1,93.143,198.5736,191.3227
M_841_1,M_841_1.mp4_sec_0023.jpg,2,92.2429,198.2738,190.9885
M_841_1,M_841_1.mp4_sec_0023.jpg,3,91.9581,197.5048,190.2708
M_841_1,M_841_1.mp4_sec_0023.jpg,4,91.6372,197.6553,190.2628
M_841_1,M_841_1.mp4_sec_0023.jpg,5,91.0453,197.8301,190.0865
M_841_1,M_841_1.mp4_sec_0024.jpg,1,93.2548,197.718,191.0474
M_841_1,M_841_1.mp4_sec_0024.jpg,2,90.8399,198.2543,190.2692
M_841_1,M_841_1.mp4_sec_0024.jpg,3,91.7544,198.2223,190.712
M_841_1,M_841_1.mp4_sec_0024.jpg,4,91.4867,198.1073,190.409
M_841_1,M_841_1.mp4_sec_0024.jpg,5,91.1114,198.2715,190.4028
M_841_1,M_841_1.mp4_sec_0025.jpg,1,92.3818,197.1997,190.1795
M_841_1,M_841_1.mp4_sec_0025.jpg,2,91.8689,197.8968,190.513
M_841_1,M_841_1.mp4_sec_0025.jpg,3,92.9883,198.178,190.7614
M_841_1,M_841_1.mp4_sec_0025.jpg,4,92.1119,197.505,190.6119
M_841_1,M_841_1.mp4_sec_0025.jpg,5,91.4206,197.8845,190.2813
M_841_1,M_841_1.mp4_sec_0026.jpg,1,92.8227,197.3161,190.2713
M_841_1,M_841_1.mp4_sec_0026.jpg,2,94.2161,198.1366,191.2146
M_841_1,M_841_1.mp4_sec_0026.jpg,3,94.2756,198.1823,191.2635
M_841_1,M_841_1.mp4_sec_0026.jpg,4,92.7308,197.6743,190.5469
M_841_1,M_841_1.mp4_sec_0026.jpg,5,96.5501,199.3662,193.2207
M_841_1,M_841_1.mp4_sec_0027.jpg,1,92.5972,197.7495,190.6748
M_841_1,M_841_1.mp4_sec_0027.jpg,2,92.2278,197.1901,190.0684
M_841_1,M_841_1.mp4_sec_0027.jpg,3,91.352,198.4286,190.6286
M_841_1,M_841_1.mp4_sec_0027.jpg,4,91.6679,198.8657,191.4298
M_841_1,M_841_1.mp4_sec_0027.jpg,5,92.2727,198.221,190.8618
M_841_1,M_841_1.mp4_sec_0028.jpg,1,93.1411,198.8937,191.7305
M_841_1,M_841_1.mp4_sec_0028.jpg,2,91.6631,198.5483,191.0707
M_841_1,M_841_1.mp4_sec_0028.jpg,3,90.936,197.9742,190.1359
M_841_1,M_841_1.mp4_sec_0028.jpg,4,93.6629,197.71,190.7143
M_841_1,M_841_1.mp4_sec_0028.jpg,5,92.7767,198.626,191.4986
M_841_1,M_841_1.mp4_sec_0029.jpg,1,91.9799,198.4001,190.8452
M_841_1,M_841_1.mp4_sec_0029.jpg,2,91.8337,197.4367,190.3063
M_841_1,M_841_1.mp4_sec_0029.jpg,3,91.0858,197.831,190.5075
M_841_1,M_841_1.mp4_sec_0029.jpg,4,96.4888,199.3157,192.9318
M_841_1,M_841_1.mp4_sec_0029.jpg,5,91.3564,198.3056,190.4526
M_841_1,M_841_1.mp4_sec_0030.jpg,1,93.0903,198.3093,190.9927
M_841_1,M_841_1.mp4_sec_0030.jpg,2,94.5105,198.4822,191.5378
M_841_1,M_841_1.mp4_sec_0030.jpg,3,94.2859,198.3831,191.4206
M_841_1,M_841_1.mp4_sec_0030.jpg,4,92.0659,197.3653,190.1485
M_841_1,M_841_1.mp4_sec_0030.jpg,5,93.6839,198.6825,191.5943
M_841_2,M_841_2.mp4_sec_0000.jpg,1,91.8819,198.7794,191.202
M_841_2,M_841_2.mp4_sec_0000.jpg,2,91.8238,198.0148,190.5386
M_841_2,M_841_2.mp4_sec_0000.jpg,3,94.6827,198.4989,191.6006
M_841_2,M_841_2.mp4_sec_0000.jpg,4,93.3405,197.6742,190.6943
M_841_2,M_841_2.mp4_sec_0000.jpg,5,90.7713,198.5366,190.5094
M_841_2,M_841_2.mp4_sec_0001.jpg,1,90.3154,198.712,190.3849
M_841_2,M_841_2.mp4_sec_0001.jpg,2,91.244,198.1265,190.3696
M_841_2,M_841_2.mp4_sec_0001.jpg,3,92.7791,197.7543,190.6187
M_841_2,M_841_2.mp4_sec_0001.jpg,4,91.895,197.6464,190.6569
M_841_2,M_841_2.mp4_sec_0001.jpg,5,98.7575,200.6025,194.6857
M_841_2,M_841_2.mp4_sec_0002.jpg,1,90.9072,198.9039,190.8063
M_841_2,M_841_2.mp4_sec_0002.jpg,2,94.1864,198.2656,191.2861
M_841_2,M_841_2.mp4_sec_0002.jpg,3,89.9988,199.0718,190.5389
M_841_2,M_841_2.mp4_sec_0002.jpg,4,90.9996,198.5679,191.0004
M_841_2,M_841_2.mp4_sec_0002.jpg,5,91.5323,197.6201,190.1221
M_841_2,M_841_2.mp4_sec_0003.jpg,1,93.3653,198.4016,191.6032
M_841_2,M_841_2.mp4_sec_0003.jpg,2,89.8365,198.4373,190.8658
M_841_2,M_841_2.mp4_sec_0003.jpg,3,95.3834,199.5048,192.686
M_841_2,M_841_2.mp4_sec_0003.jpg,4,92.7306,198.0423,190.8406
M_841_2,M_841_2.mp4_sec_0003.jpg,5,90.462,198.4057,190.5876
M_841_2,M_841_2.mp4_sec_0004.jpg,1,90.8133,199.0714,190.7962
M_841_2,M_841_2.mp4_sec_0004.jpg,2,91.2875,198.3358,190.6047
M_841_2,M_841_2.mp4_sec_0004.jpg,3,89.7154,198.6953,191.1727
M_841_2,M_841_2.mp4_sec_0004.jpg,4,92.6036,197.2747,190.2754
M_841_2,M_841_2.mp4_sec_0004.jpg,5,92.7502,197.7138,190.5887
M_841_2,M_841_2.mp4_sec_0005.jpg,1,92.1903,197.4012,190.4005
M_841_2,M_841_2.mp4_sec_0005.jpg,2,91.5837,197.5146,190.3083
M_841_2,M_841_2.mp4_sec_0005.jpg,3,92.7353,197.3314,190.2329
M_841_2,M_841_2.mp4_sec_0005.jpg,4,92.1775,197.1914,190.2699
M_841_2,M_841_2.mp4_sec_0005.jpg,5,92.1208,198.0064,191.2321
M_841_2,M_841_2.mp4_sec_0006.jpg,1,92.0284,197.3893,190.2969
M_841_2,M_841_2.mp4_sec_0006.jpg,2,97.6031,199.7013,194.1048
M_841_2,M_841_2.mp4_sec_0006.jpg,3,100.1572,200.4719,195.3611
M_841_2,M_841_2.mp4_sec_0006.jpg,4,91.3173,197.922,190.2559
M_841_2,M_841_2.mp4_sec_0006.jpg,5,91.9716,197.8202,191.4208
M_841_2,M_841_2.mp4_sec_0007.jpg,1,91.6127,198.4252,190.6608
M_841_2,M_841_2.mp4_sec_0007.jpg,2,90.6192,198.5265,191.1123
M_841_2,M_841_2.mp4_sec_0007.jpg,3,99.1823,200.46,194.8161
M_841_2,M_841_2.mp4_sec_0007.jpg,4,91.4211,198.209,190.51
M_841_2,M_841_2.mp4_sec_0007.jpg,5,92.1212,197.3257,190.6727
M_841_2,M_841_2.mp4_sec_0008.jpg,1,91.9147,198.7242,191.6443
M_841_2,M_841_2.mp4_sec_0008.jpg,2,92.2827,198.1228,190.7836
M_841_2,M_841_2.mp4_sec_0008.jpg,3,92.6006,197.7679,190.6624
M_841_2,M_841_2.mp4_sec_0008.jpg,4,91.6221,197.4412,191.1018
M_841_2,M_841_2.mp4_sec_0008.jpg,5,91.9742,197.315,190.3104
M_841_2,M_841_2.mp4_sec_0009.jpg,1,92.1608,198.6189,190.9391
M_841_2,M_841_2.mp4_sec_0009.jpg,2,91.0975,197.8824,190.9613
M_841_2,M_841_2.mp4_sec_0009.jpg,3,91.4701,198.2241,190.5659
M_841_2,M_841_2.mp4_sec_0009.jpg,4,93.3396,197.917,190.8763
M_841_2,M_841_2.mp4_sec_0009.jpg,5,91.7273,197.7042,190.3353
M_841_2,M_841_2.mp4_sec_0010.jpg,1,92.0295,197.1963,190.0011
M_841_2,M_841_2.mp4_sec_0010.jpg,2,92.9161,197.3179,190.2662
M_841_2,M_841_2.mp4_sec_0010.jpg,3,92.2887,198.1814,190.7843
M_841_2,M_841_2.mp4_sec_0010.jpg,4,90.3682,198.3038,190.5657
M_841_2,M_841_2.mp4_sec_0010.jpg,5,92.2637,198.2107,190.8152
M_841_2,M_841_2.mp4_sec_0011.jpg,1,89.9259,199.8243,190.989
M_841_2,M_841_2.mp4_sec_0011.jpg,2,91.8077,197.4678,190.1288
M_841_2,M_841_2.mp4_sec_0011.jpg,3,90.737,198.4844,190.3536
M_841_2,M_841_2.mp4_sec_0011.jpg,4,91.6102,197.4184,190.0268
M_841_2,M_841_2.mp4_sec_0011.jpg,5,91.6363,197.3456,190.0128
M_841_2,M_841_2.mp4_sec_0012.jpg,1,90.6329,197.973,190.1521
M_841_2,M_841_2.mp4_sec_0012.jpg,2,90.2823,198.3106,190.9184
M_841_2,M_841_2.mp4_sec_0012.jpg,3,92.3893,197.7536,190.4149
M_841_2,M_841_2.mp4_sec_0012.jpg,4,95.7216,199.2397,192.8579
M_841_2,M_841_2.mp4_sec_0012.jpg,5,91.3861,197.6528,190.0864
M_841_2,M_841_2.mp4_sec_0013.jpg,1,92.9751,197.7324,190.6345
M_841_2,M_841_2.mp4_sec_0013.jpg,2,93.022,197.4899,190.468
M_841_2,M_841_2.mp4_sec_0013.jpg,3,92.6668,198.5931,191.2061
M_841_2,M_841_2.mp4_sec_0013.jpg,4,91.3758,198.5762,190.8516
M_841_2,M_841_2.mp4_sec_0013.jpg,5,92.9613,197.7377,190.6421
M_841_2,M_841_2.mp4_sec_0014.jpg,1,90.2955,198.6215,190.3243
M_841_2,M_841_2.mp4_sec_0014.jpg,2,90.6557,198.1389,190.4689
M_841_2,M_841_2.mp4_sec_0014.jpg,3,90.4803,198.1253,190.6224
M_841_2,M_841_2.mp4_sec_0014.jpg,4,95.4273,199.1269,192.7317
M_841_2,M_841_2.mp4_sec_0014.jpg,5,91.8998,198.191,190.6942
M_841_2,M_841_2.mp4_sec_0015.jpg,1,92.0238,197.1169,190.4446
M_841_2,M_841_2.mp4_sec_0015.jpg,2,92.1652,197.6962,190.8086
M_841_2,M_841_2.mp4_sec_0015.jpg,3,91.6361,197.2177,190.9929
M_841_2,M_841_2.mp4_sec_0015.jpg,4,91.9961,197.1315,190.3962
M_841_2,M_841_2.mp4_sec_0015.jpg,5,92.2779,197.9675,190.5517
M_841_2,M_841_2.mp4_sec_0016.jpg,1,92.2026,197.0631,190.1818
M_841_2,M_841_2.mp4_sec_0016.jpg,2,91.7573,197.5018,190.0769
M_841_2,M_841_2.mp4_sec_0016.jpg,3,90.8559,198.1654,190.2385
M_841_2,M_841_2.mp4_sec_0016.jpg,4,91.9941,197.627,190.3026
M_841_2,M_841_2.mp4_sec_0016.jpg,5,94.3463,198.5259,192.0428
M_841_2,M_841_2.mp4_sec_0017.jpg,1,91.3929,197.9115,190.3237
M_841_2,M_841_2.mp4_sec_0017.jpg,2,89.8337,198.0021,191.218
M_841_2,M_841_2.mp4_sec_0017.jpg,3,90.5389,198.6018,190.3664
M_841_2,M_841_2.mp4_sec_0017.jpg,4,90.8543,198.2345,190.3349
M_841_2,M_841_2.mp4_sec_0017.jpg,5,92.438,197.0142,190.3618
M_841_2,M_841_2.mp4_sec_0018.jpg,1,90.7498,198.2148,190.2552
M_841_2,M_841_2.mp4_sec_0018.jpg,2,91.3308,197.5053,190.3266
M_841_2,M_841_2.mp4_sec_0018.jpg,3,99.5755,200.4136,194.8308
M_841_2,M_841_2.mp4_sec_0018.jpg,4,92.6274,197.2232,190.1539
M_841_2,M_841_2.mp4_sec_0018.jpg,5,91.7834,197.9149,190.436
M_841_2,M_841_2.mp4_sec_0019.jpg,1,90.6819,198.2267,190.2008
M_841_2,M_841_2.mp4_sec_0019.jpg,2,90.4216,198.4334,191.473
M_841_2,M_841_2.mp4_sec_0019.jpg,3,92.1192,197.2902,190.0597
M_841_2,M_841_2.mp4_sec_0019.jpg,4,92.5307,197.2084,190.0975
M_841_2,M_841_2.mp4_sec_0019.jpg,5,92.8783,197.8229,190.6391
M_841_2,M_841_2.mp4_sec_0020.jpg,1,90.2765,198.6656,190.6434
M_841_2,M_841_2.mp4_sec_0020.jpg,2,92.4119,197.3674,190.5343
M_841_2,M_841_2.mp4_sec_0020.jpg,3,90.403,198.1676,190.0842
M_841_2,M_841_2.mp4_sec_0020.jpg,4,91.0711,197.7207,190.3666
M_841_2,M_841_2.mp4_sec_0020.jpg,5,91.5894,197.9622,190.4362
M_841_2,M_841_2.mp4_sec_0021.jpg,1,92.9794,198.0798,190.9972
M_841_2,M_841_2.mp4_sec_0021.jpg,2,92.1429,197.4376,191.1102
M_841_2,M_841_2.mp4_sec_0021.jpg,3,91.8525,198.1317,190.9925
M_841_2,M_841_2.mp4_sec_0021.jpg,4,91.5595,197.6455,190.5752
M_841_2,M_841_2.mp4_sec_0021.jpg,5,92.2454,198.17,190.8993
M_841_2,M_841_2.mp4_sec_0022.jpg,1,99.1189,200.1921,194.8369
M_841_2,M_841_2.mp4_sec_0022.jpg,2,90.1857,198.5654,190.467
M_841_2,M_841_2.mp4_sec_0022.jpg,3,91.5709,197.3603,190.0
M_841_2,M_841_2.mp4_sec_0022.jpg,4,91.5721,197.3666,190.0
M_841_2,M_841_2.mp4_sec_0022.jpg,5,91.1914,197.79,190.3751
M_841_2,M_841_2.mp4_sec_0023.jpg,1,91.6537,197.3571,190.0
M_841_2,M_841_2.mp4_sec_0023.jpg,2,92.0199,198.7587,191.1775
M_841_2,M_841_2.mp4_sec_0023.jpg,3,92.4929,197.1313,190.1084
M_841_2,M_841_2.mp4_sec_0023.jpg,4,91.9092,197.2324,190.4902
M_841_2,M_841_2.mp4_sec_0023.jpg,5,91.1283,197.6681,190.0377
M_841_2,M_841_2.mp4_sec_0024.jpg,1,85.5688,191.1972,184.8998
M_841_2,M_841_2.mp4_sec_0024.jpg,2,85.3197,191.4668,185.1665
M_841_2,M_841_2.mp4_sec_0024.jpg,3,82.9115,191.0943,185.1368
M_841_2,M_841_2.mp4_sec_0024.jpg,4,83.7651,191.4245,185.4053
M_841_2,M_841_2.mp4_sec_0024.jpg,5,83.4932,192.0098,185.2854
M_841_2,M_841_2.mp4_sec_0025.jpg,1,85.5265,190.7628,184.4127
M_841_2,M_841_2.mp4_sec_0025.jpg,2,85.6631,191.0406,185.4728
M_841_2,M_841_2.mp4_sec_0025.jpg,3,83.4542,191.3102,184.4834
M_841_2,M_841_2.mp4_sec_0025.jpg,4,83.7886,190.7976,185.2269
M_841_2,M_841_2.mp4_sec_0025.jpg,5,93.5788,193.2125,189.6932
M_841_2,M_841_2.mp4_sec_0026.jpg,1,85.0346,191.1981,184.7244
M_841_2,M_841_2.mp4_sec_0026.jpg,2,83.857,191.1919,184.9796
M_841_2,M_841_2.mp4_sec_0026.jpg,3,82.9016,192.4101,185.1475
M_841_2,M_841_2.mp4_sec_0026.jpg,4,85.777,190.9831,185.1349
M_841_2,M_841_2.mp4_sec_0026.jpg,5,93.6317,193.0153,189.6137
M_841_2,M_841_2.mp4_sec_0027.jpg,1,83.5378,192.5931,185.4314
M_841_2,M_841_2.mp4_sec_0027.jpg,2,83.8369,192.2379,185.9861
M_841_2,M_841_2.mp4_sec_0027.jpg,3,84.4136,192.3658,185.2315
M_841_2,M_841_2.mp4_sec_0027.jpg,4,87.9662,192.3985,185.693
M_841_2,M_841_2.mp4_sec_0027.jpg,5,84.0023,192.2326,185.3161
M_841_2,M_841_2.mp4_sec_0028.jpg,1,86.6814,191.4636,185.0172
M_841_2,M_841_2.mp4_sec_0028.jpg,2,83.8966,192.2289,186.0439
M_841_2,M_841_2.mp4_sec_0028.jpg,3,87.0224,191.6697,185.422
M_841_2,M_841_2.mp4_sec_0028.jpg,4,83.1971,192.3794,185.8015
M_841_2,M_841_2.mp4_sec_0028.jpg,5,85.7525,191.2978,185.1402
M_841_2,M_841_2.mp4_sec_0029.jpg,1,90.6803,198.0192,190.1075
M_841_2,M_841_2.mp4_sec_0029.jpg,2,88.6779,197.8275,190.6272
M_841_2,M_841_2.mp4_sec_0029.jpg,3,90.8253,198.0021,190.7111
M_841_2,M_841_2.mp4_sec_0029.jpg,4,90.704,197.3605,190.3086
M_841_2,M_841_2.mp4_sec_0029.jpg,5,94.634,199.1834,192.2758
M_841_2,M_841_2.mp4_sec_0030.jpg,1,91.1215,197.7217,190.3873
M_841_2,M_841_2.mp4_sec_0030.jpg,2,91.7056,197.3045,190.3923
M_841_2,M_841_2.mp4_sec_0030.jpg,3,91.3015,197.5691,190.2996
M_841_2,M_841_2.mp4_sec_0030.jpg,4,91.151,197.6477,190.2889
M_841_2,M_841_2.mp4_sec_0030.jpg,5,92.3442,198.1409,191.0778
M_841_3,M_841_3.mp4_sec_0000.jpg,1,90.2509,199.1342,190.6629
M_841_3,M_841_3.mp4_sec_0000.jpg,2,93.0242,198.5498,191.4769
M_841_3,M_841_3.mp4_sec_0000.jpg,3,92.2193,197.4603,190.559
M_841_3,M_841_3.mp4_sec_0000.jpg,4,91.9437,197.2906,190.2235
M_841_3,M_841_3.mp4_sec_0000.jpg,5,89.5601,199.4021,190.6598
M_841_3,M_841_3.mp4_sec_0001.jpg,1,92.2857,197.2082,189.9698
M_841_3,M_841_3.mp4_sec_0001.jpg,2,92.2903,197.2141,190.1093
M_841_3,M_841_3.mp4_sec_0001.jpg,3,94.2088,197.9771,191.4366
M_841_3,M_841_3.mp4_sec_0001.jpg,4,91.2278,197.7038,190.2544
M_841_3,M_841_3.mp4_sec_0001.jpg,5,92.5572,199.1246,191.965
M_841_3,M_841_3.mp4_sec_0002.jpg,1,90.1226,197.1214,189.6009
M_841_3,M_841_3.mp4_sec_0002.jpg,2,92.8994,197.8038,191.178
M_841_3,M_841_3.mp4_sec_0002.jpg,3,91.8289,196.6032,189.8591
M_841_3,M_841_3.mp4_sec_0002.jpg,4,88.6398,197.1256,189.8232
M_841_3,M_841_3.mp4_sec_0002.jpg,5,88.2026,197.0975,189.5688
M_841_3,M_841_3.mp4_sec_0003.jpg,1,97.473,195.7289,192.2155
M_841_3,M_841_3.mp4_sec_0003.jpg,2,89.7285,195.3717,189.6498
M_841_3,M_841_3.mp4_sec_0003.jpg,3,89.3312,195.5279,189.4812
M_841_3,M_841_3.mp4_sec_0003.jpg,4,88.4765,196.4355,189.3674
M_841_3,M_841_3.mp4_sec_0003.jpg,5,91.1857,195.424,188.7596
M_841_3,M_841_3.mp4_sec_0004.jpg,1,93.4234,197.9046,191.1262
M_841_3,M_841_3.mp4_sec_0004.jpg,2,90.3216,197.9579,190.8582
M_841_3,M_841_3.mp4_sec_0004.jpg,3,91.7635,198.5279,190.8124
M_841_3,M_841_3.mp4_sec_0004.jpg,4,92.1622,197.186,190.011
M_841_3,M_841_3.mp4_sec_0004.jpg,5,90.3623,198.6055,190.4232
M_841_3,M_841_3.mp4_sec_0005.jpg,1,97.6775,199.7685,194.0361
M_841_3,M_841_3.mp4_sec_0005.jpg,2,92.9,197.2697,190.2356
M_841_3,M_841_3.mp4_sec_0005.jpg,3,92.6084,197.3404,190.2788
M_841_3,M_841_3.mp4_sec_0005.jpg,4,91.6672,197.3147,190.3147
M_841_3,M_841_3.mp4_sec_0005.jpg,5,91.2598,197.513,190.3666
M_841_3,M_841_3.mp4_sec_0006.jpg,1,95.3616,199.0593,192.6182
M_841_3,M_841_3.mp4_sec_0006.jpg,2,93.3058,198.6427,192.4941
M_841_3,M_841_3.mp4_sec_0006.jpg,3,92.1585,197.2827,190.0656
M_841_3,M_841_3.mp4_sec_0006.jpg,4,91.589,197.9565,190.4502
M_841_3,M_841_3.mp4_sec_0006.jpg,5,90.9938,197.6692,190.6199
M_841_3,M_841_3.mp4_sec_0007.jpg,1,90.6937,196.8205,191.2623
M_841_3,M_841_3.mp4_sec_0007.jpg,2,89.9361,197.0745,190.5218
M_841_3,M_841_3.mp4_sec_0007.jpg,3,91.2451,198.4756,190.8597
M_841_3,M_841_3.mp4_sec_0007.jpg,4,92.009,196.8817,190.1335
M_841_3,M_841_3.mp4_sec_0007.jpg,5,90.956,197.1562,190.4711
M_841_3,M_841_3.mp4_sec_0008.jpg,1,88.428,193.6912,188.3435
M_841_3,M_841_3.mp4_sec_0008.jpg,2,86.6779,191.5581,185.8573
M_841_3,M_841_3.mp4_sec_0008.jpg,3,84.2518,191.2102,185.5258
M_841_3,M_841_3.mp4_sec_0008.jpg,4,87.0816,192.0378,186.4108
M_841_3,M_841_3.mp4_sec_0008.jpg,5,83.3913,192.3369,185.9581
M_841_3,M_841_3.mp4_sec_0009.jpg,1,83.2314,191.8865,184.9867
M_841_3,M_841_3.mp4_sec_0009.jpg,2,84.1425,191.8424,184.9921
M_841_3,M_841_3.mp4_sec_0009.jpg,3,83.5579,192.1638,185.7163
M_841_3,M_841_3.mp4_sec_0009.jpg,4,83.434,191.8027,185.4058
M_841_3,M_841_3.mp4_sec_0009.jpg,5,84.1833,191.1165,185.4057
M_841_3,M_841_3.mp4_sec_0010.jpg,1,83.9661,191.3584,185.7056
M_841_3,M_841_3.mp4_sec_0010.jpg,2,92.2468,194.1286,189.7065
M_841_3,M_841_3.mp4_sec_0010.jpg,3,84.2859,192.376,185.6404
M_841_3,M_841_3.mp4_sec_0010.jpg,4,84.777,190.5974,185.3767
M_841_3,M_841_3.mp4_sec_0010.jpg,5,85.1569,191.6437,185.5203
M_841_3,M_841_3.mp4_sec_0011.jpg,1,90.7546,193.6174,188.3719
M_841_3,M_841_3.mp4_sec_0011.jpg,2,84.0426,192.1773,185.858
M_841_3,M_841_3.mp4_sec_0011.jpg,3,87.6812,193.4888,187.159
M_841_3,M_841_3.mp4_sec_0011.jpg,4,85.0977,190.9471,185.6907
M_841_3,M_841_3.mp4_sec_0011.jpg,5,85.3534,191.4128,185.8463
M_841_3,M_841_3.mp4_sec_0012.jpg,1,83.8646,192.0105,185.4421
M_841_3,M_841_3.mp4_sec_0012.jpg,2,84.9069,191.8156,185.2075
M_841_3,M_841_3.mp4_sec_0012.jpg,3,83.6713,191.7631,185.6107
M_841_3,M_841_3.mp4_sec_0012.jpg,4,82.6585,191.4893,185.4408
M_841_3,M_841_3.mp4_sec_0012.jpg,5,84.4742,190.369,185.0961
M_841_3,M_841_3.mp4_sec_0013.jpg,1,89.0894,199.0833,190.6158
M_841_3,M_841_3.mp4_sec_0013.jpg,2,91.5064,197.24,190.9755
M_841_3,M_841_3.mp4_sec_0013.jpg,3,90.6359,198.131,190.9813
M_841_3,M_841_3.mp4_sec_0013.jpg,4,89.9737,199.1109,190.6162
M_841_3,M_841_3.mp4_sec_0013.jpg,5,90.0131,198.2939,190.1651
M_841_3,M_841_3.mp4_sec_0014.jpg,1,90.7081,197.9739,190.3406
M_841_3,M_841_3.mp4_sec_0014.jpg,2,91.5721,197.3769,191.0044
M_841_3,M_841_3.mp4_sec_0014.jpg,3,93.1222,198.373,191.1732
M_841_3,M_841_3.mp4_sec_0014.jpg,4,92.5437,197.5782,190.4184
M_841_3,M_841_3.mp4_sec_0014.jpg,5,91.6819,197.5592,190.2825
M_841_3,M_841_3.mp4_sec_0015.jpg,1,90.6484,198.0672,190.3159
M_841_3,M_841_3.mp4_sec_0015.jpg,2,91.8664,198.4494,191.5709
M_841_3,M_841_3.mp4_sec_0015.jpg,3,94.9643,199.5849,192.8962
M_841_3,M_841_3.mp4_sec_0015.jpg,4,92.2772,197.0087,190.4421
M_841_3,M_841_3.mp4_sec_0015.jpg,5,91.3646,197.5505,190.2813
M_841_3,M_841_3.mp4_sec_0016.jpg,1,92.5629,197.0398,190.0178
M_841_3,M_841_3.mp4_sec_0016.jpg,2,92.3522,197.6409,190.6208
M_841_3,M_841_3.mp4_sec_0016.jpg,3,92.088,197.2857,190.0435
M_841_3,M_841_3.mp4_sec_0016.jpg,4,90.6317,198.1871,190.2228
M_841_3,M_841_3.mp4_sec_0016.jpg,5,90.2276,198.4661,190.2385
M_841_3,M_841_3.mp4_sec_0017.jpg,1,92.4778,198.1079,190.8728
M_841_3,M_841_3.mp4_sec_0017.jpg,2,89.2818,198.6839,190.6617
M_841_3,M_841_3.mp4_sec_0017.jpg,3,92.1541,197.3914,190.105
M_841_3,M_841_3.mp4_sec_0017.jpg,4,89.987,198.2221,190.7459
M_841_3,M_841_3.mp4_sec_0017.jpg,5,90.8628,198.3493,190.8332
M_841_3,M_841_3.mp4_sec_0018.jpg,1,87.4982,194.2113,187.6135
M_841_3,M_841_3.mp4_sec_0018.jpg,2,88.959,194.9559,188.8836
M_841_3,M_841_3.mp4_sec_0018.jpg,3,89.0709,194.9952,188.4874
M_841_3,M_841_3.mp4_sec_0018.jpg,4,86.7703,194.4899,187.9703
M_841_3,M_841_3.mp4_sec_0018.jpg,5,88.065,195.1523,187.6235
M_841_3,M_841_3.mp4_sec_0019.jpg,1,85.7219,192.1941,186.0262
M_841_3,M_841_3.mp4_sec_0019.jpg,2,83.1912,191.8463,185.6539
M_841_3,M_841_3.mp4_sec_0019.jpg,3,87.5528,193.7358,187.0664
M_841_3,M_841_3.mp4_sec_0019.jpg,4,86.9811,192.1192,186.7193
M_841_3,M_841_3.mp4_sec_0019.jpg,5,85.8083,191.9628,185.7525
M_841_3,M_841_3.mp4_sec_0020.jpg,1,88.6696,194.0031,188.8324
M_841_3,M_841_3.mp4_sec_0020.jpg,2,87.496,195.0005,187.3151
M_841_3,M_841_3.mp4_sec_0020.jpg,3,96.399,194.923,191.6117
M_841_3,M_841_3.mp4_sec_0020.jpg,4,93.4221,195.0139,189.8483
M_841_3,M_841_3.mp4_sec_0020.jpg,5,86.7332,193.937,187.3407
M_841_3,M_841_3.mp4_sec_0021.jpg,1,88.4057,194.2731,188.8117
M_841_3,M_841_3.mp4_sec_0021.jpg,2,88.9601,194.0409,187.215
M_841_3,M_841_3.mp4_sec_0021.jpg,3,88.131,194.6181,188.2998
M_841_3,M_841_3.mp4_sec_0021.jpg,4,88.939,194.063,187.1916
M_841_3,M_841_3.mp4_sec_0021.jpg,5,89.1441,194.7193,188.68
M_841_3,M_841_3.mp4_sec_0022.jpg,1,86.721,191.7958,186.1354
M_841_3,M_841_3.mp4_sec_0022.jpg,2,84.5336,192.7292,186.4858
M_841_3,M_841_3.mp4_sec_0022.jpg,3,84.4792,192.8028,186.4941
M_841_3,M_841_3.mp4_sec_0022.jpg,4,84.0366,192.3447,186.4572
M_841_3,M_841_3.mp4_sec_0022.jpg,5,86.8442,192.3163,186.3735
M_841_3,M_841_3.mp4_sec_0023.jpg,1,96.022,198.3763,192.8138
M_841_3,M_841_3.mp4_sec_0023.jpg,2,91.4303,197.3934,190.4042
M_841_3,M_841_3.mp4_sec_0023.jpg,3,92.4813,198.6116,191.5791
M_841_3,M_841_3.mp4_sec_0023.jpg,4,91.5752,197.1398,190.0464
M_841_3,M_841_3.mp4_sec_0023.jpg,5,91.0901,198.7182,190.7081
M_841_3,M_841_3.mp4_sec_0024.jpg,1,90.7351,198.0068,190.1857
M_841_3,M_841_3.mp4_sec_0024.jpg,2,91.42,197.505,190.5309
M_841_3,M_841_3.mp4_sec_0024.jpg,3,91.2896,197.6628,190.6073
M_841_3,M_841_3.mp4_sec_0024.jpg,4,90.6892,198.5901,190.4654
M_841_3,M_841_3.mp4_sec_0024.jpg,5,90.653,198.0627,190.4453
M_841_3,M_841_3.mp4_sec_0025.jpg,1,92.4166,196.9745,190.1597
M_841_3,M_841_3.mp4_sec_0025.jpg,2,90.0319,198.8715,190.5077
M_841_3,M_841_3.mp4_sec_0025.jpg,3,91.2059,198.0943,190.3857
M_841_3,M_841_3.mp4_sec_0025.jpg,4,91.4011,197.334,190.6148
M_841_3,M_841_3.mp4_sec_0025.jpg,5,99.5847,200.5164,194.7602
M_841_3,M_841_3.mp4_sec_0026.jpg,1,92.9805,198.2374,191.1354
M_841_3,M_841_3.mp4_sec_0026.jpg,2,90.8392,197.4574,190.9799
M_841_3,M_841_3.mp4_sec_0026.jpg,3,90.4037,198.4826,190.3017
M_841_3,M_841_3.mp4_sec_0026.jpg,4,90.3632,199.0965,191.0869
M_841_3,M_841_3.mp4_sec_0026.jpg,5,91.758,197.1473,190.616
M_841_3,M_841_3.mp4_sec_0027.jpg,1,97.7093,199.6693,194.0151
M_841_3,M_841_3.mp4_sec_0027.jpg,2,92.153,197.3186,190.1814
M_841_3,M_841_3.mp4_sec_0027.jpg,3,91.9709,197.0025,190.2385
M_841_3,M_841_3.mp4_sec_0027.jpg,4,96.8808,199.4751,193.5325
M_841_3,M_841_3.mp4_sec_0027.jpg,5,89.6793,198.8618,190.2998
M_841_3,M_841_3.mp4_sec_0028.jpg,1,90.0764,199.0967,190.5576
M_841_3,M_841_3.mp4_sec_0028.jpg,2,91.8611,197.2136,190.0
M_841_3,M_841_3.mp4_sec_0028.jpg,3,89.2297,199.2553,190.4158
M_841_3,M_841_3.mp4_sec_0028.jpg,4,91.5254,197.3609,190.3852
M_841_3,M_841_3.mp4_sec_0028.jpg,5,91.8008,197.5178,191.2233
M_841_3,M_841_3.mp4_sec_0029.jpg,1,91.5446,197.0771,190.5181
M_841_3,M_841_3.mp4_sec_0029.jpg,2,90.3579,198.7726,190.7944
M_841_3,M_841_3.mp4_sec_0029.jpg,3,90.6768,198.1702,190.8285
M_841_3,M_841_3.mp4_sec_0029.jpg,4,90.6418,198.1459,190.142
M_841_3,M_841_3.mp4_sec_0029.jpg,5,91.8152,197.1189,190.5142
M_841_3,M_841_3.mp4_sec_0030.jpg,1,93.3651,199.0156,191.8177
M_841_3,M_841_3.mp4_sec_0030.jpg,2,94.6786,199.6903,193.1144
M_841_3,M_841_3.mp4_sec_0030.jpg,3,91.2088,197.5729,189.9977
M_841_3,M_841_3.mp4_sec_0030.jpg,4,91.2129,197.4829,190.5473
M_841_3,M_841_3.mp4_sec_0030.jpg,5,92.3746,198.4895,191.2166
